0,21,55,29,50,58,41,55,42,36,6,43,29,9,23,1,56,34,9,3,26,29,51,4,55,1,23,13,32,17,34,53,8,44,15,21,60,62,35,45,40,14,13,49,56,62,11,37,20,19,8,3,58,31,11,56,9,17,33,27,27,55,3,4,48,62,58,27,51,0,22,47,53,17,36,31,61,56,56,25,26,12,46,44,25,60,52,8,27,30,39,55,61,17,35,31,47,10,51,20,19,13,2,33,38,41,18,16,55,61,58,40,55,20,62,22,29,27,23,3,17,51,62,4,22,22,57,59,17,54,62,45,63,36,7,56,22,21,44,29,56,44,41,35,56,35,53,58,18,27
44,0,59,61,56,9,50,56,30,55,17,27,48,2,29,54,57,49,55,43,44,57,58,15,11,20,48,55,19,18,35,30,25,36,45,62,43,30,6,32,20,53,43,44,2,35,3,0,23,48,7,47,17,6,41,20,12,26,53,2,17,20,13,36,31,61,45,42,16,14,45,36,62,17,14,22,0,61,15,26,51,31,41,63,32,53,1,34,2,47,2,32,40,10,14,37,13,51,3,10,52,30,50,43,28,20,57,27,61,53,53,58,24,28,34,41,30,19,8,57,3,44,22,18,20,37,35,46,38,35,5,14,18,10,59,35,26,15,19,14,38,16,20,12,2,51,44,34,58,38
13,53,0,14,22,39,42,35,51,58,0,12,31,40,8,17,49,19,49,60,8,10,16,42,50,18,40,42,38,55,49,24,3,59,61,63,30,14,50,56,61,25,24,17,13,31,48,15,48,34,28,26,26,34,54,8,50,12,13,61,48,46,15,28,52,17,34,16,13,28,52,20,12,33,45,57,31,25,41,60,17,41,3,56,12,7,7,29,45,10,47,61,57,8,19,59,12,62,8,32,18,39,48,21,38,4,31,9,52,31,60,57,35,55,10,14,17,10,26,53,42,21,9,25,0,34,24,14,31,6,52,2,29,62,35,42,3,13,63,28,18,31,11,48,54,53,20,3,50,53
30,22,50,0,39,7,0,15,42,8,29,35,6,4,12,12,56,36,38,48,31,25,6,17,13,51,48,56,30,14,29,48,45,16,3,3,50,46,30,1,57,48,47,62,53,18,49,42,6,35,35,0,52,33,3,26,51,48,62,16,49,51,15,5,34,36,35,38,9,1,5,33,52,14,28,19,31,57,58,48,14,61,13,63,56,0,33,41,2,42,36,2,0,35,40,5,43,42,17,50,59,50,59,33,63,24,10,31,62,4,4,18,24,16,12,8,59,62,7,32,37,29,62,22,41,50,32,33,21,7,26,55,20,20,41,54,21,30,37,53,23,2,43,22,50,21,46,50,27,48
63,33,51,28,0,47,2,42,18,12,37,19,13,2,52,2,63,63,62,26,38,54,13,0,6,37,4,18,1,37,46,16,40,60,12,22,40,57,18,61,36,21,52,37,6,12,8,52,37,8,3,23,34,37,5,32,0,28,62,9,52,60,4,49,19,2,35,11,27,13,49,34,24,24,4,53,60,31,36,5,6,23,16,26,4,28,11,32,12,61,53,50,4,56,52,48,29,45,40,12,40,31,35,41,44,7,9,40,51,9,53,48,7,4,31,39,3,10,6,4,52,35,20,12,2,60,20,28,5,15,59,29,38,10,30,46,51,23,32,10,40,0,16,3,45,11,16,45,46,61
30,7,37,3,27,0,61,7,55,61,60,24,39,26,40,59,37,60,41,21,11,19,50,36,43,1,31,18,6,18,16,46,60,30,13,60,24,18,39,31,13,8,25,44,55,56,63,52,47,62,43,57,29,31,43,3,62,38,8,14,60,33,28,50,32,17,4,38,31,57,35,54,0,35,25,38,62,38,41,32,63,51,34,24,29,19,14,13,13,63,15,55,15,40,12,56,21,14,4,29,46,7,2,8,61,27,34,41,22,35,44,44,33,16,16,19,55,54,4,1,63,18,18,55,60,28,40,34,44,42,0,50,46,16,0,25,22,50,57,17,44,35,30,21,36,54,22,37,39,51
32,62,37,52,6,17,0,49,57,59,56,25,33,26,2,40,9,27,25,37,46,63,9,24,37,62,38,1,28,8,56,1,5,25,5,17,10,36,61,25,35,15,55,19,40,1,32,37,32,4,28,7,1,19,58,26,62,34,17,45,29,61,61,26,50,49,48,46,57,35,45,29,63,56,58,52,23,11,54,27,4,0,56,22,6,63,6,54,48,10,42,12,43,26,37,3,20,27,52,48,60,35,3,11,32,21,6,56,46,41,11,43,32,49,49,14,59,32,0,20,51,41,21,54,52,56,17,60,2,11,9,37,34,16,16,62,7,56,56,17,39,29,23,59,16,6,52,41,37,20
58,18,59,35,2,49,30,0,52,7,47,61,26,16,32,3,52,60,26,40,41,38,31,39,55,13,7,61,59,17,0,58,15,28,54,10,9,36,9,32,33,57,25,36,2,4,20,9,59,32,30,51,12,47,27,53,50,16,27,11,7,42,3,2,49,30,23,53,28,0,2,10,1,56,14,27,20,39,11,12,58,29,4,8,3,54,48,42,19,10,22,14,24,36,58,31,57,44,25,4,34,57,40,38,45,60,55,53,51,37,55,3,12,44,63,39,45,59,19,29,17,5,34,61,3,46,3,46,28,22,40,46,44,36,62,22,13,40,16,8,21,49,18,56,19,32,29,11,36,61
12,41,55,52,15,48,23,22,0,57,40,19,20,9,18,27,20,58,42,49,54,41,9,32,22,6,49,27,30,54,54,38,5,41,49,8,30,55,30,50,26,6,35,27,61,50,44,31,13,42,27,27,59,45,44,17,6,11,17,62,15,59,32,23,40,51,25,5,48,7,58,50,62,16,38,8,15,36,60,3,24,52,16,52,10,30,55,18,10,28,45,14,4,42,51,23,49,23,32,45,9,52,0,52,4,20,51,28,41,35,16,23,44,25,37,54,57,4,49,20,30,17,58,13,31,4,56,59,59,23,9,10,60,0,1,56,48,63,38,42,53,43,8,61,1,40,34,27,3,42
61,45,11,52,2,26,45,42,4,0,33,4,31,48,15,40,21,51,41,62,33,57,31,50,49,33,55,10,33,36,27,16,24,42,21,63,7,13,8,33,37,50,13,40,26,48,0,12,1,28,18,50,13,28,62,52,59,35,41,58,22,31,30,45,58,62,63,50,62,24,9,12,51,56,41,12,24,17,6,44,29,37,22,4,12,44,37,41,14,28,1,26,14,10,0,53,4,23,10,50,11,47,45,13,23,17,22,39,43,52,0,32,26,55,25,44,45,59,56,25,35,14,46,10,48,26,47,57,49,3,4,9,19,0,32,9,52,44,41,19,53,27,37,25,21,13,51,27,51,30
9,48,26,44,48,46,26,58,50,36,0,59,48,10,7,9,57,1,61,1,55,36,61,7,56,52,55,62,24,30,8,5,7,50,56,30,55,52,2,59,33,17,55,52,29,21,25,35,42,13,10,2,26,8,53,5,14,27,27,16,38,13,10,62,25,25,10,38,49,45,39,13,46,28,0,7,46,14,11,23,37,39,1,26,15,56,27,18,62,59,51,42,48,0,38,56,5,38,51,7,19,13,63,59,35,42,7,40,39,17,1,6,12,16,23,50,47,37,3,0,13,7,28,31,24,13,45,62,15,50,36,34,44,48,63,58,47,14,48,3,50,26,10,23,59,49,41,54,15,6
44,56,24,61,6,7,40,31,9,60,35,0,20,25,50,9,60,14,49,41,9,53,44,4,62,17,55,22,24,35,37,55,28,29,44,36,4,7,7,38,50,51,58,18,20,26,4,28,30,46,30,62,43,61,52,0,52,30,41,38,61,26,14,58,32,47,7,47,51,3,57,40,31,42,22,31,29,18,41,16,30,12,38,5,31,58,40,13,47,24,7,52,59,40,0,17,26,30,55,4,22,19,19,49,31,53,46,43,10,1,20,10,60,56,22,40,27,39,29,11,41,58,48,61,63,57,62,52,2,34,49,1,40,5,23,27,22,13,46,41,59,37,14,7,45,21,30,39,46,59
39,54,21,48,53,32,36,44,59,21,44,11,0,26,22,13,36,45,14,48,4,47,63,14,26,50,41,37,51,38,14,40,1,22,56,45,32,12,36,32,54,40,62,48,29,50,29,33,7,11,10,24,57,32,60,60,8,19,51,33,44,42,31,56,15,39,40,21,34,3,63,4,30,53,31,12,27,56,38,29,18,3,25,44,4,52,26,17,21,49,26,27,24,1,29,31,38,44,10,31,3,60,22,18,55,36,9,53,42,53,5,12,17,37,45,7,54,20,36,49,39,23,16,19,3,6,2,1,50,41,50,50,63,62,54,39,55,48,39,2,25,39,35,1,14,19,17,15,34,45
11,43,38,31,18,29,51,28,30,8,42,1,62,0,63,6,22,53,8,49,43,54,1,17,25,54,11,48,15,31,59,30,54,43,38,61,12,41,35,12,24,43,25,41,12,40,7,33,57,54,3,8,53,45,13,20,20,48,35,33,25,3,61,17,26,52,31,23,41,32,15,20,3,60,7,46,48,25,4,8,20,29,46,63,28,26,24,43,23,37,59,3,5,54,45,59,30,15,46,50,40,39,33,25,35,4,33,10,62,13,5,25,5,12,56,50,58,31,47,6,60,41,59,8,46,10,6,47,62,63,30,2,24,21,2,55,10,62,61,17,45,9,10,62,60,36,38,62,50,60
26,28,20,2,1,41,57,62,25,56,5,5,22,40,0,26,35,57,4,57,10,52,16,21,26,58,8,55,7,0,42,46,5,27,4,37,10,27,48,10,18,17,13,46,54,49,17,38,2,60,52,19,42,50,11,13,13,29,37,44,52,56,4,62,23,49,51,3,40,14,17,7,0,60,6,21,62,39,29,34,60,12,50,29,32,55,43,24,37,26,13,29,43,47,17,31,3,0,11,28,28,32,59,34,16,7,55,63,63,3,6,61,28,61,20,62,57,56,44,62,27,4,8,56,32,27,21,2,26,30,8,33,42,43,35,2,23,37,62,5,59,42,21,15,51,20,12,1,52,28
37,30,24,58,22,59,3,39,4,28,3,33,49,1,2,0,20,54,15,8,7,49,28,48,20,28,31,15,16,52,2,43,49,50,59,48,63,22,1,3,48,39,5,30,54,11,6,3,0,3,9,28,54,9,43,41,32,20,38,14,34,46,21,14,30,34,14,44,38,49,11,21,30,40,3,45,47,7,19,36,23,24,22,8,17,47,26,6,19,2,21,24,38,4,4,24,49,46,28,5,39,51,5,52,1,54,59,25,59,4,63,3,1,37,25,17,28,48,50,6,47,40,36,0,38,28,3,14,13,47,43,13,33,41,13,32,56,30,20,50,11,40,12,46,20,29,62,12,56,3
28,15,16,35,6,39,46,56,27,48,39,45,16,57,61,32,0,49,22,23,14,32,43,9,36,55,10,23,51,22,0,56,18,21,29,2,39,26,42,53,45,42,14,11,13,46,50,39,54,45,28,17,44,56,19,2,17,31,34,38,26,53,38,13,20,60,12,3,18,14,48,41,28,15,28,29,55,60,46,45,25,36,22,21,16,54,9,16,0,9,58,22,24,7,41,17,49,31,45,55,46,39,62,61,62,49,33,61,45,14,28,31,46,31,10,4,40,42,26,24,51,42,20,46,20,24,21,39,2,24,4,41,28,59,25,60,33,9,4,37,20,35,53,39,32,35,33,17,62,3
58,56,17,38,54,14,63,42,17,29,62,53,34,54,36,52,22,0,1,8,20,13,9,31,28,58,10,57,33,6,53,15,52,40,24,4,32,41,21,46,17,52,23,54,33,18,40,13,51,7,45,32,42,6,28,30,12,13,34,63,49,36,8,10,53,51,48,49,36,63,14,30,56,61,33,12,28,37,60,40,56,35,1,54,24,25,18,30,6,19,18,12,46,47,39,63,41,22,7,16,47,42,1,16,12,50,59,38,57,24,36,16,57,40,21,9,0,32,38,14,49,21,38,32,36,0,11,40,41,50,36,38,41,1,18,3,23,18,14,34,3,49,31,21,51,36,21,31,48,9
48,50,43,4,1,37,48,49,15,34,19,41,31,27,27,21,21,47,0,8,4,2,28,41,62,44,63,32,16,61,46,28,3,61,56,42,30,15,16,17,29,57,1,50,61,7,21,33,29,47,16,56,34,57,9,48,46,7,27,53,40,19,20,59,5,52,14,40,48,43,62,28,21,38,6,43,23,26,30,19,43,20,8,9,53,11,48,36,20,53,16,15,29,31,4,50,5,37,45,21,1,42,52,51,51,16,41,22,48,53,2,57,51,9,50,7,22,48,8,60,0,61,7,9,15,56,62,9,20,40,22,3,34,55,21,58,52,55,38,4,61,60,37,17,14,3,35,37,57,43
30,51,41,37,48,47,26,56,23,49,54,29,47,63,58,53,50,24,5,0,27,30,19,53,27,0,53,50,32,47,21,19,23,14,37,34,53,63,25,26,17,11,29,54,38,10,41,52,43,54,29,49,13,56,50,42,42,44,0,36,7,33,16,37,49,54,46,53,61,49,61,51,0,54,44,3,9,3,12,15,62,58,63,18,57,31,55,2,16,19,1,35,58,53,8,34,8,23,62,46,51,51,1,12,3,1,49,37,20,20,19,1,2,60,23,18,27,0,39,42,16,12,48,43,24,20,17,60,35,26,35,38,61,27,49,8,4,55,58,43,31,61,20,9,1,2,11,16,42,33
40,37,46,11,18,51,46,57,13,28,47,56,62,52,14,24,63,62,39,27,0,26,4,18,60,44,4,11,55,36,49,48,40,11,4,9,53,38,34,22,7,28,12,30,9,2,15,52,11,22,25,22,15,23,11,23,52,32,17,39,2,57,28,19,54,41,6,1,21,21,43,15,45,7,51,42,29,0,10,39,9,16,31,55,11,37,40,22,31,41,12,33,19,25,62,28,47,36,55,52,61,39,50,36,63,7,6,41,42,45,16,1,4,51,25,2,29,11,19,4,9,1,21,22,28,30,22,62,59,20,23,22,33,55,5,58,58,5,41,12,59,7,7,49,17,17,55,18,60,29
22,35,5,1,20,16,50,50,51,17,0,45,29,21,26,42,58,44,52,11,1,0,40,60,37,37,44,35,48,11,17,27,27,58,5,2,58,43,60,12,21,50,18,14,10,29,45,31,48,29,58,5,35,5,32,4,40,46,34,40,59,4,24,58,5,52,53,48,40,1,62,15,1,55,13,45,42,8,47,60,39,23,49,43,28,38,10,16,40,37,20,56,39,16,33,46,30,5,7,44,12,26,46,11,55,53,51,54,25,35,52,48,53,32,16,25,51,42,1,8,15,25,32,51,20,14,47,9,20,3,41,24,18,62,12,16,58,0,61,26,39,0,41,31,21,46,42,48,32,26
17,43,60,9,1,27,42,41,37,53,37,5,31,37,1,57,42,47,53,35,48,33,0,26,25,13,40,13,50,24,45,21,34,6,5,9,53,4,39,32,44,51,8,17,61,32,41,19,51,44,7,26,28,7,26,41,39,61,12,33,39,10,3,63,13,62,41,51,25,25,19,59,47,27,40,26,55,39,9,49,51,59,14,32,8,43,49,59,4,23,34,25,43,23,17,60,55,53,62,38,63,37,33,25,21,1,1,1,51,34,30,9,3,48,61,7,40,11,61,33,22,19,25,2,38,10,24,40,5,56,58,34,2,25,17,23,57,10,36,1,10,10,60,28,62,50,52,63,49,22
10,36,37,26,0,30,13,46,10,50,62,13,46,4,16,19,23,0,15,14,34,60,28,0,26,0,22,16,21,45,37,23,16,25,40,60,35,17,31,22,17,22,27,39,0,37,0,38,40,3,8,29,27,43,33,34,14,19,40,8,63,49,39,19,31,13,55,19,61,57,55,7,55,40,33,55,31,33,17,53,16,43,50,26,51,56,26,0,25,61,35,9,14,35,15,25,52,6,55,38,18,5,47,61,27,49,59,36,9,60,14,34,46,50,26,27,28,27,47,45,41,7,55,37,42,6,56,13,23,9,47,38,29,53,4,11,35,26,38,52,43,6,21,6,47,28,2,23,50,60
24,41,19,62,10,63,17,2,22,6,54,10,0,35,54,12,36,5,26,38,46,34,22,15,0,62,31,54,42,22,27,54,15,32,42,29,7,21,46,45,43,32,40,4,30,12,20,43,63,41,40,5,9,36,12,12,60,59,37,60,17,46,51,0,46,17,19,48,63,33,62,57,35,49,7,14,3,37,43,41,45,8,47,45,3,9,15,34,50,36,59,16,45,34,8,49,45,13,6,50,27,56,31,30,42,12,31,37,35,47,18,61,36,43,47,40,6,17,42,10,13,45,51,21,20,40,13,59,32,41,20,53,44,62,57,40,56,63,34,31,32,27,54,41,17,61,48,34,43,56
40,25,36,0,62,36,24,45,12,34,16,47,1,33,46,36,29,3,13,14,32,46,4,38,33,0,23,10,35,61,28,36,1,18,12,35,45,3,51,19,58,24,54,39,60,16,24,54,28,29,61,27,20,57,42,57,0,13,20,5,29,35,50,20,33,49,63,17,60,32,0,21,0,55,53,34,42,42,20,41,45,17,35,1,3,21,3,51,47,6,13,28,28,24,30,34,0,26,35,14,56,62,35,36,53,12,7,4,49,32,54,45,3,26,41,61,63,52,43,5,42,28,18,52,58,13,22,16,51,0,15,61,2,63,17,8,53,0,58,30,44,49,34,50,57,22,35,63,40,3
54,45,8,20,44,14,13,29,58,47,13,13,15,14,16,40,62,30,16,33,13,20,13,16,53,56,0,18,56,0,34,56,41,62,53,13,8,44,47,43,46,58,41,40,32,18,26,0,9,51,3,2,2,13,6,24,34,1,10,22,20,28,49,22,10,14,49,38,19,47,19,55,15,20,7,36,19,17,1,30,6,53,51,30,43,18,53,50,21,57,47,14,63,22,51,29,25,40,40,30,58,47,26,35,60,32,53,39,7,52,21,1,62,43,63,40,61,6,49,7,61,43,8,4,55,13,1,18,58,38,40,31,39,47,11,17,52,43,35,13,41,31,19,54,37,35,12,33,16,52
15,18,46,61,8,51,48,49,58,38,46,43,60,57,57,31,40,40,46,33,9,61,59,28,40,7,17,0,24,53,50,2,3,23,57,10,46,14,38,19,46,42,60,44,44,31,6,59,7,20,41,33,27,31,4,56,19,11,59,17,4,5,31,54,50,2,44,0,20,34,12,2,45,18,42,19,19,62,19,6,0,47,18,13,6,11,9,13,56,42,50,17,2,57,38,40,29,43,58,61,5,46,46,61,31,13,48,58,49,62,34,48,63,41,33,0,30,16,29,30,14,60,47,32,36,17,20,42,29,62,9,26,15,57,44,29,34,27,32,20,60,8,11,37,0,26,47,11,34,40
48,55,28,5,21,61,18,41,31,3,45,54,58,4,55,34,10,48,31,28,17,40,16,4,9,17,62,62,0,49,11,33,6,32,51,27,54,42,30,25,11,19,21,2,11,2,42,5,9,38,38,4,2,11,57,37,26,30,51,0,50,32,28,12,19,41,41,18,41,8,50,14,18,20,57,19,0,28,26,4,52,34,4,3,16,20,22,8,33,24,23,3,58,56,16,18,55,20,5,4,25,59,14,41,5,11,37,61,8,55,30,53,46,28,18,22,54,19,8,40,25,13,13,43,55,45,37,46,13,62,22,12,16,52,60,56,30,37,6,7,37,48,15,49,44,58,24,52,58,42
40,26,14,42,48,58,4,14,23,16,26,24,3,12,60,38,30,10,55,5,28,56,22,44,36,59,37,12,2,0,27,3,10,29,50,24,14,10,33,29,7,47,58,26,35,59,37,16,12,17,50,8,43,47,1,62,55,54,36,36,20,53,53,9,29,18,57,56,50,17,5,1,56,39,16,28,18,6,39,22,56,28,30,6,49,34,59,40,0,49,1,10,0,25,15,57,39,56,29,58,18,8,48,37,62,13,7,22,39,14,33,12,6,11,2,12,27,22,42,8,35,7,15,37,1,51,25,58,25,25,38,53,36,34,48,36,56,14,33,46,59,15,35,60,36,43,44,19,63,19
60,26,10,36,30,37,58,34,28,20,22,46,4,5,55,45,52,6,35,17,34,48,11,26,56,12,33,45,34,59,0,28,41,60,20,3,24,60,3,36,4,20,21,27,29,3,47,61,56,24,60,18,46,56,21,40,50,56,15,63,12,19,30,26,50,51,29,34,47,57,19,26,20,9,55,20,55,42,54,50,27,11,24,50,29,6,5,22,20,6,17,37,41,18,36,23,57,29,1,7,23,41,34,26,20,24,46,57,30,63,26,38,49,27,38,63,9,23,30,27,59,40,59,3,1,39,49,14,35,42,53,27,3,47,5,15,32,52,40,23,11,51,53,59,11,32,9,7,3,31
0,5,40,27,0,14,46,0,63,21,54,22,0,40,6,39,25,57,20,42,28,37,27,62,58,62,17,38,30,25,47,0,51,49,12,58,5,11,39,6,5,6,57,4,11,26,11,6,22,0,31,49,22,10,57,35,3,27,33,59,39,15,54,8,56,4,60,41,1,4,52,63,36,57,55,42,42,51,45,36,4,30,40,22,52,8,33,5,59,22,14,30,19,15,0,45,11,10,59,4,54,1,8,7,61,26,36,54,51,48,45,25,6,22,53,53,4,14,42,61,14,48,18,20,59,29,18,18,30,6,12,53,26,4,37,1,3,43,4,8,19,58,41,31,1,58,57,50,20,21
18,21,27,54,1,33,47,31,25,5,60,4,56,13,36,59,34,40,35,22,61,31,54,56,40,10,0,17,60,5,25,13,0,50,47,1,41,26,57,61,26,62,43,51,32,10,6,14,21,25,34,21,46,34,45,20,21,32,60,24,40,57,55,56,51,36,34,57,2,61,54,16,51,22,35,10,43,57,0,61,16,29,41,33,51,2,10,1,31,62,13,63,1,43,29,28,17,33,9,17,12,15,1,19,18,1,27,4,11,35,0,47,39,20,63,35,5,42,34,35,50,2,55,20,49,12,62,18,35,53,39,27,42,46,42,10,11,60,39,0,44,53,28,15,21,26,50,34,55,22
29,25,1,46,17,2,34,11,21,61,55,42,15,2,15,38,26,59,36,28,52,7,4,10,3,54,0,8,32,35,16,14,25,0,53,5,15,31,53,38,35,9,37,38,9,61,32,20,20,9,42,44,28,40,54,6,2,3,53,4,50,54,51,44,54,49,21,42,44,59,35,59,21,38,20,42,25,15,13,46,34,40,43,42,32,28,58,23,0,38,39,9,33,57,53,35,44,53,23,10,25,26,27,40,13,14,52,59,7,3,55,63,16,40,3,55,62,48,11,54,13,5,60,49,60,38,57,41,35,46,57,21,59,21,51,33,42,5,12,10,22,34,39,55,27,55,6,1,61,28
62,3,5,16,45,62,50,51,15,54,2,14,36,4,35,22,52,24,31,39,23,26,46,34,17,60,17,30,59,53,10,21,23,31,0,31,24,60,24,32,20,44,61,60,2,6,51,26,42,51,36,43,24,30,2,29,6,15,12,59,32,33,14,17,36,59,41,63,9,26,48,18,12,51,44,6,21,62,62,59,43,12,41,12,1,3,40,47,41,49,42,20,17,25,44,40,46,57,53,7,21,15,53,12,4,62,5,37,38,53,12,48,10,28,41,7,28,25,30,9,19,50,45,48,27,12,38,40,8,59,13,50,37,52,63,34,15,21,50,52,48,28,34,6,60,4,49,4,12,7
47,51,13,50,12,0,44,55,46,42,9,39,40,3,45,22,18,43,57,19,50,2,0,23,19,58,54,37,14,18,4,17,51,35,39,0,7,38,44,30,28,25,7,48,28,4,17,14,6,39,55,56,51,30,47,11,52,9,32,34,55,32,17,1,30,1,36,23,12,32,45,48,59,62,43,34,36,29,36,24,55,56,47,24,47,57,55,39,19,12,20,60,29,3,25,42,23,30,12,5,34,58,37,52,27,1,22,30,11,25,19,29,7,61,55,28,9,1,53,62,31,39,61,20,36,11,3,51,1,45,29,54,28,37,30,2,10,19,6,24,55,13,8,46,27,3,33,20,2,12
59,9,52,40,59,20,37,28,32,37,47,26,8,50,49,27,16,59,2,48,28,46,62,16,47,58,0,4,13,48,27,57,2,62,50,47,0,30,39,28,36,27,63,49,30,43,40,27,31,53,32,46,4,10,36,8,37,28,61,51,44,13,28,60,30,5,48,1,52,3,32,18,36,33,35,13,6,43,55,1,4,60,41,60,20,13,37,8,8,31,41,57,36,32,59,10,20,36,60,54,52,26,57,27,14,44,17,56,38,51,0,34,29,32,56,59,53,29,57,32,46,19,27,24,34,19,25,46,25,1,43,52,36,56,49,28,24,56,37,29,36,46,51,43,29,63,49,42,38,19
19,1,20,44,32,23,38,23,4,63,8,41,59,30,9,55,61,24,1,31,43,4,9,18,49,18,1,44,53,32,6,61,61,49,37,59,30,0,31,20,59,5,26,48,21,48,2,9,43,51,26,39,7,24,38,13,43,61,48,22,16,9,51,40,50,11,12,52,13,45,16,47,13,40,45,14,58,22,42,29,49,53,6,44,52,3,41,23,43,35,23,20,0,3,15,27,19,1,15,2,24,45,23,8,21,21,50,5,54,54,54,26,63,53,37,33,61,48,34,25,23,2,57,10,28,61,17,21,31,38,25,11,37,30,33,47,8,3,29,15,48,5,54,49,61,52,8,33,41,26
39,37,4,56,9,10,30,45,51,26,7,35,18,59,7,19,25,3,19,0,0,4,62,1,36,45,54,1,38,58,12,17,56,0,59,47,60,18,0,34,54,46,5,1,19,1,20,42,24,26,17,0,34,51,44,24,23,32,1,14,62,49,19,0,51,42,35,41,9,49,43,28,58,30,31,31,36,16,14,48,8,26,37,5,58,56,31,61,29,19,8,10,55,58,55,11,0,59,35,49,63,15,7,57,14,4,50,4,48,3,33,38,2,26,30,9,21,51,27,51,4,45,19,24,24,21,27,59,39,51,45,0,59,23,45,55,43,5,10,21,40,27,35,60,47,35,22,44,30,19
61,0,58,37,7,53,13,23,6,0,53,11,54,54,20,52,44,7,1,10,15,31,29,5,11,21,26,53,13,50,23,33,13,17,18,15,22,9,53,0,24,45,27,29,47,34,50,28,34,19,7,13,50,62,61,11,24,22,62,36,16,48,16,41,36,11,45,5,10,37,27,15,14,6,38,12,61,35,26,27,62,14,1,53,56,16,43,6,15,6,19,13,58,46,44,41,21,17,55,13,63,24,29,37,29,55,25,1,26,14,17,17,34,35,48,5,11,51,32,57,10,39,63,25,57,14,41,63,4,22,20,4,30,28,11,8,46,22,17,36,55,48,15,47,6,41,25,28,43,62
27,28,4,9,63,5,14,42,6,48,24,50,7,31,37,34,1,50,38,52,1,47,40,30,5,45,60,32,51,18,19,8,58,55,35,60,13,0,34,14,0,24,3,38,16,21,11,4,22,9,21,33,53,36,46,56,27,52,5,56,53,30,15,31,34,49,24,43,26,45,6,18,23,23,19,15,31,24,32,52,38,47,47,57,33,43,48,46,46,55,20,60,13,15,52,44,56,19,9,25,1,13,29,7,22,11,32,18,18,14,2,23,7,11,24,18,25,7,9,14,41,0,58,63,10,58,2,13,45,20,52,51,48,5,52,35,26,58,42,23,7,24,57,4,50,0,16,22,61,35
53,31,19,14,29,14,47,47,24,45,24,8,13,23,50,4,36,19,53,10,37,18,52,40,19,1,19,40,45,38,49,21,20,3,62,1,44,37,40,33,4,0,9,17,5,40,5,12,46,17,35,24,59,54,30,59,37,53,50,14,14,44,3,9,38,62,29,9,15,2,53,45,21,17,40,63,21,61,6,18,2,22,1,21,36,47,62,21,57,16,45,13,6,51,36,55,4,53,53,38,61,7,38,58,20,39,8,24,59,16,37,49,62,20,8,1,8,44,31,38,61,59,25,17,39,48,58,48,44,43,35,4,60,12,3,46,19,37,31,38,53,18,47,13,46,62,8,38,47,28
45,40,49,51,6,19,1,9,58,46,48,50,33,28,9,60,61,50,42,37,28,54,2,22,57,25,50,24,50,21,58,51,58,36,29,30,52,48,42,21,28,1,0,30,22,0,19,5,15,2,41,22,35,20,63,0,1,17,11,61,4,36,2,8,62,20,17,38,45,40,40,41,39,56,43,57,36,54,61,60,18,61,30,32,57,2,40,32,27,4,61,57,28,47,37,51,30,4,22,55,44,6,33,50,26,13,51,7,29,62,41,34,57,21,23,46,10,46,1,18,48,34,58,16,1,14,52,36,29,10,15,52,48,56,2,9,29,5,50,33,4,56,56,30,63,24,35,61,31,46
10,33,48,60,2,12,30,7,61,13,33,31,27,19,31,52,22,19,24,62,34,39,52,53,26,63,22,53,43,0,57,24,15,42,46,1,29,38,5,43,23,58,40,0,48,49,61,15,2,34,36,7,36,52,2,20,19,6,18,59,32,2,51,51,34,38,48,55,30,6,2,14,56,34,12,28,35,22,63,25,18,44,13,63,32,53,53,30,46,30,26,63,55,52,28,19,12,20,47,53,61,44,53,16,6,16,63,32,42,47,41,27,47,24,24,49,56,45,51,34,7,18,38,47,22,48,50,59,59,41,22,62,35,48,45,53,47,23,26,38,20,44,56,33,0,47,62,62,31,10
27,30,8,13,56,57,62,22,53,13,58,56,63,51,28,13,57,8,10,17,14,48,51,44,24,49,1,36,45,24,28,41,45,36,22,2,31,35,28,23,12,11,26,40,0,57,54,10,62,40,61,57,2,30,58,38,37,30,10,56,46,23,17,1,19,59,26,39,26,17,23,53,60,21,12,16,32,62,9,31,37,22,34,20,49,12,27,33,55,56,15,42,45,59,27,36,48,43,47,59,10,31,48,38,32,57,40,40,9,62,52,42,55,2,0,19,33,16,19,34,20,22,57,8,20,25,14,51,20,14,32,37,36,43,17,50,34,32,31,22,33,27,59,57,26,33,49,27,63,45
23,51,0,11,61,30,33,62,36,42,60,13,49,20,20,13,6,51,39,28,26,15,26,60,34,4,8,63,11,0,6,61,42,3,2,47,22,38,53,12,10,49,37,11,26,0,9,1,57,52,22,19,50,48,51,10,1,15,47,51,50,21,16,42,5,27,4,45,34,62,46,26,53,57,29,40,53,57,39,63,24,62,1,14,33,28,58,37,59,21,23,46,61,2,12,29,27,52,20,61,43,21,41,57,15,45,61,2,50,62,31,62,19,38,57,40,5,1,55,45,0,41,29,51,28,17,18,52,62,38,13,26,11,63,26,39,42,8,22,20,26,16,26,15,12,34,49,2,51,39
4,23,19,30,16,29,34,50,1,1,45,6,11,50,12,32,1,1,32,53,3,34,61,28,50,56,8,48,42,35,63,41,17,58,59,32,56,43,40,30,57,40,13,44,9,13,0,15,60,49,23,32,52,60,11,36,34,53,26,44,22,51,0,40,23,9,35,55,10,36,40,22,30,31,22,16,30,6,7,24,62,45,55,35,31,18,49,3,49,46,62,28,38,61,48,30,28,44,46,0,19,31,43,60,20,3,35,19,12,11,51,27,62,5,39,15,7,60,48,37,42,17,18,28,41,17,31,23,56,1,26,59,22,22,10,11,8,62,49,27,40,7,50,26,1,1,24,12,29,42
37,22,18,28,17,36,8,62,5,24,49,17,40,55,40,62,60,55,1,56,57,48,13,16,15,12,28,61,0,25,30,60,10,30,53,53,57,40,28,45,5,51,43,37,45,63,22,0,49,47,20,37,16,12,12,11,12,28,47,33,45,47,32,16,46,50,25,14,38,28,37,29,25,14,57,41,58,39,14,46,16,36,52,3,41,11,55,37,0,13,52,36,32,54,37,52,61,20,15,34,8,16,32,27,60,38,34,51,13,50,53,15,55,33,14,7,49,51,45,29,19,59,12,16,1,5,17,9,63,5,1,46,31,39,8,46,50,33,28,41,53,31,8,27,29,53,56,57,33,40
22,15,21,19,28,36,32,33,48,48,54,62,15,3,35,52,47,32,13,54,23,5,35,40,8,38,33,35,51,60,46,51,24,25,48,2,35,51,59,12,62,30,45,5,15,21,35,60,0,36,1,47,35,17,32,28,53,17,12,31,38,39,16,59,25,40,10,49,5,16,36,12,37,16,42,55,37,23,25,47,38,1,1,9,48,58,42,28,4,21,39,1,53,42,37,59,54,8,45,26,59,31,38,43,21,45,6,28,12,55,42,44,63,20,14,3,62,28,51,41,31,61,41,45,4,60,34,2,22,41,0,23,45,59,30,55,42,0,7,18,63,7,27,46,23,24,56,48,55,10
52,28,58,37,49,0,13,11,60,11,47,3,7,49,26,0,44,21,43,11,21,60,60,60,58,60,22,39,37,27,18,31,30,30,27,62,22,35,21,22,17,17,7,39,25,26,4,52,21,0,2,23,51,28,5,18,27,32,17,1,16,38,23,35,1,30,55,47,42,53,29,3,61,24,3,29,25,53,17,53,49,31,23,27,40,22,25,50,38,7,56,37,27,50,16,22,35,34,3,54,36,4,59,55,14,41,33,8,63,5,0,51,57,32,51,53,51,61,29,50,2,30,35,23,49,38,51,31,61,44,0,47,0,59,35,25,37,1,24,11,18,63,51,40,14,35,19,6,27,13
60,53,54,5,54,56,49,35,8,60,50,32,22,42,58,17,38,20,4,58,42,5,3,60,35,10,52,49,39,39,11,21,59,21,58,26,57,45,51,63,61,19,11,60,38,11,49,37,28,35,0,41,12,50,20,9,29,36,6,41,43,0,53,11,6,28,61,9,25,53,28,17,53,31,54,23,59,3,30,33,40,35,26,43,24,56,19,14,28,15,42,35,15,12,44,62,28,33,4,38,19,62,57,12,31,26,32,16,45,0,22,35,5,13,27,36,55,51,30,50,20,7,61,15,45,42,20,34,12,43,27,2,7,36,14,23,32,39,27,23,45,19,34,15,6,47,43,29,38,40
32,27,22,59,58,1,5,31,25,49,19,49,47,9,5,20,62,34,60,9,47,38,3,55,51,49,42,25,26,12,62,42,40,34,28,42,10,21,22,42,35,51,9,7,13,12,37,56,5,40,30,0,34,12,6,20,57,5,28,55,32,61,2,54,16,57,6,5,47,32,62,61,46,52,36,38,61,6,10,53,50,59,47,24,25,16,0,50,7,61,58,26,7,5,9,7,27,23,27,55,56,59,38,15,10,43,8,60,41,38,10,43,16,34,5,36,11,34,31,58,28,43,16,2,2,19,55,9,37,45,49,53,5,26,49,22,24,49,42,12,9,62,5,23,58,35,45,22,36,38
42,33,49,50,50,50,0,60,61,62,22,27,34,44,58,58,17,38,16,19,24,22,5,11,19,27,41,20,31,1,16,3,57,49,52,7,62,10,6,55,35,27,49,48,8,47,57,41,22,20,14,42,0,33,42,8,19,19,41,37,0,39,47,1,23,15,2,20,32,28,46,43,61,13,19,58,31,56,7,30,6,23,63,34,36,16,25,11,1,62,38,61,43,59,41,44,39,44,43,38,18,51,19,9,53,45,16,38,53,63,24,56,34,58,61,46,32,43,48,50,27,22,37,28,30,50,55,40,60,50,34,59,4,0,5,0,41,15,5,63,60,37,57,26,11,44,49,14,54,1
10,9,25,9,43,43,8,16,30,4,14,58,37,18,52,59,1,43,5,57,15,24,40,39,59,26,48,58,60,44,35,31,33,39,11,29,23,19,5,43,0,4,33,5,62,44,7,24,44,55,2,56,12,0,30,45,54,47,53,39,25,60,30,4,19,54,11,17,51,63,39,17,46,47,54,47,24,20,20,16,10,42,1,5,19,12,5,36,45,23,31,38,11,37,41,56,22,21,30,24,33,13,50,13,25,58,26,10,46,35,0,6,41,60,44,17,20,50,15,33,1,58,50,50,42,51,61,12,49,23,40,57,11,4,36,44,35,53,36,33,8,44,3,52,47,54,58,27,15,32
19,63,12,11,23,30,53,20,48,56,35,52,43,39,51,39,1,19,17,55,24,1,10,15,27,3,13,52,31,5,36,63,21,13,29,51,60,47,51,45,59,21,55,53,45,32,30,61,30,12,48,25,16,5,0,31,21,48,16,30,5,26,21,58,37,61,51,46,62,27,13,50,46,27,31,15,35,36,23,63,34,7,52,51,0,4,30,26,51,31,36,12,53,0,44,2,5,52,2,51,12,32,26,12,57,46,57,9,6,13,10,38,49,62,47,57,27,53,29,39,26,23,38,41,30,4,3,18,51,51,27,5,49,1,43,50,13,18,13,17,12,33,5,5,31,40,9,61,18,45
22,11,3,1,54,31,54,21,2,40,62,34,37,59,21,32,2,20,6,26,19,60,58,32,12,11,14,34,60,45,34,9,34,22,36,46,6,57,24,8,61,35,61,22,2,25,20,42,21,57,55,60,45,41,62,0,38,62,32,44,59,60,41,27,54,6,37,19,61,4,8,28,11,6,42,22,63,32,19,18,46,15,34,37,22,39,59,37,24,40,37,24,55,46,24,5,62,53,38,57,28,54,21,61,53,33,8,34,4,48,6,26,7,53,32,45,57,58,3,56,22,8,46,61,3,12,25,24,22,42,4,22,12,36,18,5,3,34,17,59,29,27,12,49,51,38,28,49,39,24
30,24,35,55,60,2,23,49,18,32,34,2,2,28,33,40,20,10,24,37,31,26,11,8,31,5,24,53,6,32,22,7,42,51,4,16,2,40,63,9,4,19,39,11,50,35,18,41,40,33,0,61,60,0,21,58,0,34,17,44,35,18,32,25,25,1,48,61,11,56,61,35,52,26,44,48,45,26,0,14,14,8,49,13,32,1,39,2,45,29,4,51,30,29,62,20,22,57,14,34,32,60,38,55,17,48,44,32,27,17,36,22,23,12,20,6,63,17,31,39,31,10,48,62,50,59,23,52,39,54,31,49,40,48,21,20,33,34,27,37,7,21,7,42,26,31,35,51,61,50
37,29,45,50,1,28,52,4,24,3,49,54,30,51,56,0,23,52,32,19,13,44,24,4,16,45,10,5,10,43,15,14,54,24,18,8,58,61,28,43,52,35,45,9,42,24,38,63,10,34,60,20,12,2,47,45,61,0,57,2,8,40,60,4,46,39,32,45,63,22,52,23,26,45,24,44,60,48,17,29,9,51,5,21,24,4,44,17,39,31,17,11,1,31,63,56,31,13,47,47,50,7,25,19,8,3,59,27,33,11,22,32,25,12,24,41,55,22,23,49,32,18,59,40,41,56,33,58,14,8,41,0,16,32,40,12,60,12,36,56,30,60,23,23,33,25,27,30,35,28
34,52,25,61,21,32,57,0,58,7,18,54,58,21,63,63,17,16,38,9,20,45,11,16,10,26,12,11,60,61,51,47,2,29,19,58,31,47,31,16,41,17,34,14,49,29,34,61,17,2,44,7,9,63,40,29,56,17,0,3,31,37,38,54,8,29,4,15,19,52,0,34,5,57,18,47,54,37,33,9,11,5,38,57,54,23,25,15,57,1,42,34,15,44,2,15,10,6,45,41,21,51,12,40,49,25,31,59,35,28,48,54,25,12,7,42,31,57,61,28,35,20,16,40,29,28,57,38,51,37,41,20,26,56,44,61,8,35,45,54,53,11,3,25,62,34,11,49,20,7
5,55,51,60,32,53,29,17,25,47,57,41,59,23,32,40,20,54,42,45,35,15,48,46,49,10,31,21,16,9,47,58,7,24,57,34,6,10,50,0,1,1,30,39,39,4,35,60,37,56,46,61,44,42,39,40,21,20,7,0,0,62,41,32,57,1,50,23,0,52,0,30,62,15,31,22,31,42,56,25,5,55,42,55,7,29,21,3,34,39,55,3,26,12,12,38,50,2,59,53,56,9,7,23,57,1,60,8,20,49,6,28,7,0,41,24,6,19,60,39,10,33,46,5,16,52,57,5,43,28,36,45,55,28,11,47,16,39,3,24,14,37,7,41,60,26,52,8,2,28
58,6,34,25,61,56,45,58,11,8,33,15,6,56,54,16,37,20,54,57,39,29,14,1,7,16,62,10,47,30,18,41,8,17,60,9,54,34,53,1,16,63,21,21,61,3,45,6,1,10,20,16,10,48,23,13,21,14,20,16,0,54,39,52,18,44,51,20,23,5,6,39,25,4,31,45,54,51,7,57,61,3,38,19,40,59,45,31,1,10,35,50,55,30,37,1,58,0,30,60,60,25,59,13,44,32,15,7,32,4,7,48,38,46,29,58,21,6,57,21,35,7,10,37,2,61,25,58,62,45,29,33,57,44,20,42,53,2,13,9,6,28,1,40,10,62,20,30,17,19
55,10,63,32,12,13,61,51,36,14,3,10,49,56,4,38,8,10,52,58,33,43,0,58,1,30,10,17,5,47,39,56,51,29,61,62,22,49,50,52,22,21,60,50,6,54,39,5,40,28,26,57,32,12,30,4,6,4,40,35,45,0,18,52,45,49,47,35,2,56,29,34,47,28,20,26,7,35,40,16,36,57,31,50,12,53,62,18,56,58,11,12,42,32,29,55,30,14,9,12,40,24,42,23,57,18,16,45,26,56,55,15,13,41,62,47,48,56,40,14,60,45,41,49,45,52,41,7,3,35,21,59,48,19,53,39,53,24,45,44,55,47,51,41,0,12,29,12,51,62
25,31,57,58,55,25,52,7,1,34,33,11,8,54,28,56,57,27,23,50,10,13,11,47,59,46,52,12,63,0,36,50,42,44,32,11,15,52,56,19,29,0,15,16,9,59,12,63,3,11,47,8,12,56,61,54,6,9,49,30,48,50,0,56,20,24,63,61,39,23,26,13,20,21,8,17,21,62,40,48,25,20,24,21,31,12,60,34,27,16,60,56,59,12,52,32,10,38,20,9,25,17,53,52,30,35,33,6,34,15,45,34,46,62,54,41,55,56,12,30,12,24,57,17,37,48,46,18,11,32,47,42,37,61,57,4,59,28,61,5,19,9,37,6,13,8,26,10,16,10
58,35,35,21,38,16,19,4,57,32,0,17,32,7,2,25,7,46,25,63,13,27,9,2,43,52,22,58,47,42,31,55,53,58,39,31,48,10,11,5,23,41,35,6,40,23,14,11,14,2,61,19,22,23,61,47,37,14,42,15,63,56,41,0,25,56,41,23,52,17,21,8,11,47,20,50,45,59,35,34,45,58,34,63,1,43,14,58,41,31,11,20,54,44,36,46,58,13,53,41,42,54,34,4,9,55,57,30,3,30,22,11,36,60,15,54,41,60,16,48,31,45,43,35,55,23,2,57,47,30,44,9,48,40,58,33,17,32,61,16,31,16,39,48,0,51,35,19,25,25
15,3,23,5,45,21,14,62,12,62,6,35,1,44,50,7,32,2,16,45,2,37,25,45,56,29,13,19,50,56,12,34,28,48,10,50,30,6,36,33,6,30,45,30,11,63,56,61,6,12,38,19,14,29,46,1,54,24,7,38,37,41,49,9,0,21,51,21,29,27,54,33,2,18,60,41,28,58,3,59,4,17,52,8,12,58,6,19,34,45,42,5,49,55,61,59,37,30,59,36,33,25,46,1,36,7,47,35,48,56,41,1,2,0,23,37,49,29,61,10,36,11,3,10,14,50,36,42,60,41,59,30,23,38,21,34,25,5,40,7,3,38,59,40,55,8,54,23,4,32
23,25,0,33,48,29,0,62,13,13,9,40,53,1,38,42,18,21,13,53,16,5,19,28,49,29,15,12,61,63,40,3,41,41,3,24,59,33,30,60,24,26,59,41,11,52,6,39,4,16,51,53,3,53,63,40,17,30,32,23,23,11,60,44,61,0,9,14,54,49,29,39,7,33,32,46,59,17,31,13,57,8,59,23,62,24,36,57,9,51,38,48,42,44,48,48,28,55,56,55,37,42,35,38,32,20,24,54,23,17,27,63,46,54,43,18,46,41,13,53,46,22,49,36,24,41,1,51,28,62,56,35,28,36,21,57,28,51,21,22,27,0,43,9,1,17,33,23,34,13
51,53,39,62,12,1,20,62,17,62,36,13,54,20,55,59,36,33,5,18,37,7,47,50,49,61,13,3,45,8,32,21,48,14,54,21,10,22,47,14,53,11,40,43,60,27,5,0,26,51,44,28,57,52,16,3,25,33,33,4,50,14,62,21,5,2,0,5,14,13,22,39,0,1,39,2,4,4,14,58,14,60,2,47,36,54,55,16,18,57,41,21,63,6,19,25,16,62,20,53,15,14,41,24,35,36,36,3,49,16,45,16,19,5,32,61,1,62,30,30,45,40,23,63,18,61,41,16,17,12,43,36,37,4,14,16,31,1,53,25,53,55,54,53,42,34,19,28,41,23
18,28,8,44,24,31,8,44,32,58,25,46,3,30,38,13,31,29,43,57,55,1,10,28,36,62,57,44,23,24,45,5,18,5,59,31,20,10,36,3,49,54,13,2,4,1,60,55,17,7,55,3,38,25,19,17,13,37,15,24,1,35,9,11,25,43,52,0,6,38,15,24,39,31,40,36,31,7,7,29,24,36,33,40,6,36,36,38,11,61,55,6,29,37,48,56,19,18,37,32,24,44,32,13,11,40,1,36,32,63,3,24,2,48,8,57,46,21,11,29,33,24,15,61,17,46,43,39,62,62,28,38,43,39,59,5,1,57,44,42,23,52,41,62,47,41,20,20,21,32
44,18,49,27,1,46,31,17,8,15,32,1,15,30,38,60,15,1,57,11,50,29,57,9,33,21,3,23,9,28,25,59,42,32,32,29,43,30,26,62,13,10,54,39,36,20,37,37,46,32,13,4,37,37,37,57,22,18,7,35,0,14,41,46,2,41,43,55,0,13,13,21,7,37,6,30,10,37,2,36,51,5,37,39,54,17,20,18,42,42,3,37,41,2,7,28,61,51,61,2,35,18,30,10,16,33,46,6,58,54,38,55,44,23,4,46,14,42,37,6,38,8,15,23,37,48,39,5,36,40,10,52,19,46,44,30,40,50,51,39,24,8,40,63,26,32,46,21,63,27
23,24,8,38,33,7,10,33,27,2,45,59,46,24,28,29,40,33,59,11,35,22,4,45,37,27,54,49,18,32,38,47,3,59,24,19,8,53,62,17,56,13,32,58,19,3,3,2,0,47,29,12,37,20,60,58,28,22,63,58,3,49,26,40,24,41,24,9,28,0,20,26,41,56,37,10,2,52,3,16,24,18,1,14,18,31,58,44,37,53,1,5,35,40,3,30,63,45,31,17,15,62,22,49,61,26,19,18,12,41,44,21,28,1,56,4,61,60,35,13,42,38,51,44,57,41,43,53,52,28,2,11,8,55,22,42,25,52,27,5,49,46,7,47,40,32,23,4,36,2
32,37,32,48,55,63,26,63,19,41,19,41,11,48,27,62,58,12,8,43,38,59,34,36,19,61,0,7,13,4,2,8,56,17,54,45,53,57,57,2,61,45,16,46,18,25,26,58,29,22,20,11,17,32,20,7,18,53,13,58,33,29,37,0,50,62,26,4,24,46,0,35,12,47,41,52,14,57,8,7,41,6,40,14,5,9,21,7,23,58,40,55,17,3,1,7,11,28,40,29,18,58,3,18,38,61,8,4,59,54,40,29,59,31,38,5,12,43,10,54,13,54,29,37,27,52,42,62,27,31,60,19,48,37,1,16,4,42,2,7,11,18,20,15,13,35,23,4,43,22
60,36,36,20,40,24,54,51,6,18,50,7,13,41,3,24,36,42,62,55,22,63,24,38,59,54,16,42,36,42,54,27,40,61,34,27,14,38,1,42,29,20,21,54,7,37,58,8,62,25,52,28,33,16,38,5,22,56,22,22,48,4,33,18,27,43,46,12,3,27,13,0,47,25,43,52,50,54,30,16,50,40,21,2,32,38,60,57,29,58,49,28,20,43,30,32,52,40,53,0,36,23,20,28,42,5,38,49,57,2,61,3,1,12,45,16,35,54,11,0,46,56,33,42,10,35,48,47,50,29,10,19,9,21,54,35,1,44,38,19,46,1,52,55,41,7,53,61,57,52
23,17,43,53,22,28,28,41,48,18,1,21,22,10,42,23,21,61,39,17,10,39,6,12,0,29,5,46,48,42,3,8,10,39,15,0,49,49,3,2,62,13,52,1,28,15,17,5,3,46,11,18,12,19,20,21,43,34,38,12,56,50,19,21,51,1,53,6,62,50,0,55,0,38,50,24,34,58,20,46,9,54,52,41,53,29,52,41,17,36,28,11,56,21,22,28,56,34,48,36,19,44,60,50,18,18,61,42,55,15,19,8,16,45,6,63,39,23,25,62,35,24,22,51,12,22,13,8,2,41,58,60,31,8,30,25,50,4,24,1,49,40,57,45,29,62,13,18,40,3
29,3,45,62,26,11,39,37,27,5,6,2,51,20,2,58,25,6,9,9,39,63,14,4,53,18,27,12,0,0,44,63,53,39,59,34,7,52,59,44,54,18,15,49,22,50,0,39,13,22,47,35,63,59,0,0,38,55,16,43,34,63,1,16,31,55,46,60,10,54,59,46,11,0,9,60,57,37,26,48,16,20,16,60,0,33,29,4,30,25,33,35,17,38,27,50,4,34,20,53,10,56,48,19,55,39,41,56,42,41,56,25,9,25,27,4,57,31,18,0,57,0,38,60,18,48,18,21,37,11,2,35,42,43,41,7,44,17,45,16,7,44,8,26,56,51,52,61,17,30
31,3,5,8,29,23,9,42,22,14,61,27,5,22,22,29,55,6,8,58,17,29,43,17,49,0,49,8,24,63,20,43,14,37,48,50,32,20,1,18,9,12,63,59,21,46,63,32,46,41,8,31,57,0,23,47,10,58,15,33,60,10,60,23,0,33,35,35,39,59,54,50,53,31,0,61,40,43,9,26,28,15,14,46,7,14,45,18,3,63,59,9,27,26,11,59,51,11,2,9,25,39,44,47,53,15,0,13,9,14,53,32,4,46,61,0,62,50,40,58,46,63,62,14,44,28,14,13,7,10,49,5,49,52,54,44,35,56,25,47,40,56,32,27,46,28,23,4,57,12
56,6,50,8,13,62,29,44,63,26,20,10,53,21,52,32,31,5,11,53,57,35,18,12,20,56,14,9,52,63,5,60,47,52,46,54,18,10,24,41,46,55,51,62,26,26,30,25,4,59,46,49,20,32,12,37,6,48,31,29,35,17,61,18,50,40,62,36,14,40,9,14,10,13,4,0,8,57,15,9,55,60,47,21,39,39,52,19,46,48,56,10,54,7,43,62,1,1,7,58,50,17,57,48,29,8,16,4,28,25,0,28,58,1,53,43,15,10,33,20,20,49,17,57,58,37,5,44,38,16,43,23,2,53,59,24,50,42,51,59,49,0,35,13,24,9,51,1,62,29
3,54,26,39,35,61,32,53,59,25,34,15,62,37,16,29,52,49,59,37,44,48,41,10,11,41,8,24,49,59,24,16,14,51,26,39,13,28,38,21,15,27,5,51,44,31,37,47,28,21,27,54,50,19,14,19,2,14,0,53,1,58,38,3,31,8,45,31,35,53,47,24,50,21,60,29,0,40,45,5,32,10,26,3,27,27,25,21,36,28,60,55,18,49,2,52,2,49,18,4,51,54,62,18,0,3,2,42,1,54,56,44,56,3,35,18,29,21,28,11,41,57,29,45,33,6,11,52,5,33,43,25,26,20,16,9,22,63,20,31,1,23,11,62,9,46,31,1,27,61
50,49,35,35,1,62,43,42,22,62,25,33,17,53,49,6,15,10,5,17,8,10,48,43,56,38,36,44,26,38,16,51,40,33,43,17,24,26,41,2,50,52,4,1,52,10,34,45,63,2,36,36,1,59,3,40,50,28,41,18,10,49,30,48,25,42,25,50,19,32,4,10,63,6,1,4,19,0,17,8,29,24,0,14,20,53,19,46,7,63,46,32,6,49,57,60,38,22,26,0,11,44,26,36,6,5,1,41,21,2,44,1,2,49,21,1,57,51,12,56,48,61,29,19,28,36,59,3,36,18,35,39,38,46,55,23,3,5,18,5,42,16,44,45,54,57,1,42,20,19
39,51,33,16,5,8,45,41,42,26,54,51,52,7,2,19,3,27,59,10,51,55,53,7,53,6,22,13,57,20,3,31,35,55,18,1,23,11,6,3,36,53,38,11,23,0,31,20,13,28,23,15,16,35,34,25,31,44,59,28,0,15,24,52,53,10,18,32,14,11,46,37,39,11,55,0,50,14,0,12,23,49,42,26,9,3,0,32,22,36,8,61,62,34,14,17,20,26,60,43,50,60,20,63,36,4,11,51,48,0,38,48,57,3,21,48,58,17,54,3,5,34,45,50,55,32,23,14,35,6,42,59,59,37,28,56,34,47,35,45,40,63,38,43,46,35,8,13,39,61
62,36,16,37,28,59,29,6,62,37,12,59,41,50,36,29,13,54,34,32,25,15,30,46,56,8,2,20,45,14,46,45,63,45,19,59,29,24,26,57,8,10,53,19,62,35,35,0,53,58,53,21,54,52,62,51,30,43,48,3,39,57,10,16,48,63,27,0,54,47,54,28,1,8,48,43,8,13,19,0,27,17,47,2,27,36,4,9,60,25,41,60,25,12,5,26,39,50,35,11,3,11,49,34,27,16,47,38,13,46,58,20,43,41,24,52,11,3,36,16,61,62,16,33,56,56,36,9,24,39,31,14,56,28,49,11,34,55,27,51,60,14,57,11,15,57,62,31,21,42
15,30,56,29,24,15,36,3,15,19,43,62,53,26,28,50,32,29,5,46,33,52,3,47,61,18,36,63,5,19,7,62,48,42,6,0,5,60,5,60,43,53,34,7,15,59,62,10,41,52,55,48,29,30,6,22,29,43,14,5,41,41,19,0,22,22,46,19,5,43,15,16,19,46,45,37,1,17,37,50,0,23,63,21,9,60,46,58,50,37,14,37,13,30,3,22,7,43,19,53,22,54,51,28,40,0,1,55,13,58,15,27,21,31,53,15,9,24,41,39,40,59,57,36,28,42,34,22,62,58,46,55,1,25,60,0,38,45,57,11,55,27,39,60,39,54,27,50,55,53
43,52,60,48,27,52,21,48,12,24,49,42,39,35,31,42,44,59,39,62,47,57,29,46,13,10,59,30,17,40,35,12,58,5,6,55,56,29,42,0,48,20,11,38,55,22,50,5,60,50,1,34,30,9,2,10,13,28,44,32,36,41,33,15,25,46,10,7,21,0,35,41,53,5,11,48,27,46,22,42,36,0,34,3,39,2,6,63,33,57,32,41,6,51,5,46,25,63,28,44,50,42,53,47,20,21,40,5,1,60,51,31,46,29,36,17,31,1,58,3,1,47,16,35,43,38,49,63,39,50,51,18,33,60,46,4,16,7,19,31,46,7,0,58,48,15,47,45,62,33
27,56,14,7,11,38,11,20,48,50,4,31,35,60,51,61,9,62,17,46,47,24,11,21,52,26,25,3,25,63,58,41,41,45,25,36,42,15,55,1,54,9,32,61,62,44,56,54,56,61,11,21,12,28,34,47,51,58,11,61,35,11,14,54,2,47,41,30,0,62,47,45,8,7,53,34,19,56,63,7,12,60,0,39,32,20,41,62,43,28,52,33,48,4,57,3,57,47,46,15,17,11,9,19,26,3,29,40,31,31,36,49,33,30,27,24,20,10,0,8,29,18,44,9,24,38,57,23,21,2,46,63,51,0,14,49,50,33,22,18,60,58,58,63,33,58,48,15,30,45
63,21,53,52,13,2,42,2,14,11,21,54,63,3,11,19,16,3,34,12,2,37,29,15,9,3,40,55,23,53,17,23,58,11,56,63,63,19,31,49,17,55,47,24,54,54,9,37,13,54,39,11,11,15,18,28,53,32,2,44,54,20,31,49,12,8,18,0,56,5,45,19,43,60,57,41,11,63,24,18,28,45,62,0,41,18,61,49,53,57,37,33,28,41,13,33,63,50,34,3,6,57,60,63,7,56,32,7,46,15,1,62,10,13,11,40,62,7,21,44,42,56,60,27,3,58,60,12,16,16,22,3,20,18,47,0,52,26,39,61,12,27,18,45,52,54,42,62,26,56
22,60,44,31,48,32,53,55,58,19,30,7,14,60,40,56,15,44,19,55,15,17,15,48,45,20,25,11,15,55,25,11,29,54,5,35,0,32,28,32,12,35,36,20,8,23,27,45,52,10,50,62,7,24,8,7,30,23,36,34,27,20,19,43,34,12,49,20,5,30,49,52,53,21,57,58,18,50,23,48,42,46,36,37,0,9,39,13,34,39,8,0,15,1,24,8,42,44,33,23,34,13,9,54,43,63,15,11,15,21,8,40,9,32,25,1,16,46,14,40,61,54,13,34,10,55,59,54,49,37,4,57,39,46,14,12,58,20,49,6,30,44,49,48,14,59,38,12,29,42
22,41,63,14,63,11,25,46,31,41,47,46,16,18,20,8,53,2,57,35,33,16,46,54,5,63,18,57,5,13,35,40,25,5,42,34,58,21,46,53,26,57,32,60,32,35,8,12,27,53,49,30,52,49,15,0,27,52,45,52,0,44,38,42,44,43,19,7,26,46,60,62,5,36,52,47,0,46,15,51,12,41,3,48,24,0,0,34,38,58,0,19,9,36,39,37,26,42,26,44,58,31,28,43,57,55,21,5,48,28,41,28,47,22,32,8,36,26,11,59,47,0,30,50,8,17,22,54,42,37,36,3,10,38,55,45,19,47,48,54,62,19,27,23,61,8,46,21,63,34
39,14,14,12,45,44,49,3,37,11,22,39,42,13,29,33,20,26,6,18,53,32,2,49,9,36,53,42,62,28,14,62,0,39,41,29,54,46,31,41,2,61,53,22,49,52,30,33,45,55,48,60,52,60,54,51,16,15,57,21,38,24,3,11,30,15,25,58,7,5,41,33,26,44,11,11,31,10,11,47,50,34,8,55,42,58,0,40,47,2,52,13,56,44,1,61,36,53,63,29,10,19,18,15,60,48,21,59,26,56,12,46,13,7,54,48,56,54,11,43,31,7,45,44,20,58,26,30,20,52,10,11,49,32,42,23,38,57,21,2,4,48,59,38,35,34,14,63,57,55
53,40,21,59,21,6,25,52,49,12,35,43,50,51,20,26,41,48,3,63,35,23,22,56,29,4,54,16,40,17,40,50,54,1,43,14,0,2,37,23,50,9,23,26,16,36,0,5,8,48,18,11,62,33,6,41,13,14,29,27,49,15,52,40,25,20,12,16,44,27,25,49,63,7,59,25,56,45,13,10,5,9,56,52,31,30,51,0,34,16,8,62,0,57,31,43,14,5,62,2,34,36,4,37,20,11,14,17,39,57,29,52,43,63,58,32,21,44,9,61,38,17,62,56,38,39,19,24,42,2,53,59,41,59,47,20,51,55,34,33,8,31,14,8,31,43,30,53,17,57
0,8,44,21,61,63,15,41,44,25,49,39,10,54,21,8,61,4,52,20,12,22,15,15,47,40,41,57,10,18,41,58,35,38,13,63,1,19,40,63,46,30,58,62,63,62,28,40,18,9,60,47,56,33,5,13,6,21,13,48,18,35,38,16,43,30,53,30,54,35,0,41,54,45,42,17,34,23,6,50,5,5,4,47,24,21,0,23,0,32,43,43,12,50,16,1,12,1,49,57,0,51,11,26,40,41,8,8,32,59,40,0,0,20,21,57,33,41,22,9,13,11,5,60,52,27,49,45,49,31,12,14,47,53,50,28,24,36,44,40,22,30,43,43,34,3,41,58,50,60
11,50,11,40,33,60,31,53,9,26,47,16,0,31,5,30,31,15,60,30,35,29,16,32,11,61,58,37,0,0,38,35,33,44,3,4,19,30,13,26,48,22,42,52,58,3,17,25,2,20,53,1,39,52,50,61,12,60,18,15,13,28,5,28,59,60,52,6,6,54,35,42,24,30,47,15,12,37,30,59,37,41,17,58,22,61,14,16,45,0,56,5,2,56,59,42,9,19,49,13,63,21,50,59,59,45,25,54,17,55,31,29,8,63,50,30,6,5,16,32,16,47,53,10,17,16,36,10,5,47,32,45,63,10,20,57,2,48,5,16,22,62,12,35,23,39,36,27,38,53
43,63,41,0,2,32,42,35,4,18,61,0,41,41,52,1,29,3,31,57,9,61,38,4,24,29,13,63,63,28,56,4,29,57,45,29,28,25,38,57,40,42,54,30,0,54,26,14,54,12,44,8,47,19,18,21,34,40,35,35,10,58,35,37,30,61,59,0,48,61,22,55,63,11,50,45,35,28,2,46,57,47,54,19,47,20,22,15,25,15,0,24,47,28,10,29,28,39,20,20,22,22,15,0,59,21,27,4,12,18,52,0,60,16,17,11,0,28,6,29,40,42,55,32,16,44,47,14,36,44,43,53,29,8,46,33,43,32,15,63,39,22,26,15,4,38,17,21,44,55
9,13,20,36,47,31,39,10,6,59,40,38,31,50,14,30,62,4,62,35,37,43,24,20,53,37,57,40,27,34,13,35,26,35,39,0,10,31,37,42,46,60,11,17,38,46,45,46,60,33,5,54,14,43,60,38,27,57,19,25,53,11,63,17,44,60,9,38,50,32,18,4,34,28,34,48,63,53,62,39,16,12,53,56,19,49,51,43,52,33,54,0,63,36,6,31,2,63,16,4,47,45,24,15,20,59,11,56,8,42,10,32,38,40,47,32,6,28,38,21,27,43,63,8,44,42,59,57,16,47,30,60,28,3,26,8,60,4,30,58,36,10,53,39,24,31,48,35,52,7
57,2,39,34,54,12,43,4,5,18,45,20,39,10,39,35,0,2,61,56,45,52,6,13,31,13,15,12,63,19,32,31,15,36,10,34,21,11,1,49,57,33,34,23,5,30,1,1,57,36,4,8,16,10,63,19,8,7,26,28,32,46,14,19,60,1,55,25,55,46,40,30,53,1,19,28,13,33,48,46,59,3,54,21,46,15,24,39,26,0,47,27,0,16,52,58,28,28,58,23,5,21,50,34,17,14,54,45,1,23,54,53,9,10,56,60,8,21,7,55,11,20,10,45,42,9,12,41,12,51,32,11,18,49,1,11,12,25,34,42,39,20,37,55,33,52,34,31,5,17
37,15,8,32,19,56,7,27,56,26,1,1,59,10,56,28,40,59,26,32,15,5,15,46,25,48,25,17,15,42,56,30,56,49,30,24,53,39,51,61,55,20,43,10,42,47,4,22,21,53,7,50,0,15,55,55,33,1,51,13,51,55,0,34,25,58,24,19,1,5,1,2,26,46,12,37,3,55,11,33,1,18,33,58,43,39,62,35,2,18,9,31,30,0,63,26,38,52,26,63,55,52,10,29,12,55,3,23,37,27,9,45,62,46,24,28,47,50,2,44,46,9,62,50,16,25,53,44,3,11,53,5,20,12,8,22,56,42,40,38,55,26,20,1,13,7,60,49,27,34
39,25,42,43,9,42,2,45,49,13,2,23,14,2,56,52,0,35,45,15,58,21,4,29,31,3,61,53,48,4,58,16,52,57,21,40,51,54,44,4,5,6,40,62,36,11,18,55,63,23,13,58,44,18,26,55,51,13,11,54,1,41,61,6,19,54,36,57,37,41,57,53,58,9,9,18,23,36,25,11,43,26,53,27,39,45,27,4,61,22,22,5,50,62,0,6,62,7,37,16,50,0,16,59,28,44,62,6,26,31,50,12,31,3,24,37,63,60,58,15,15,63,29,60,45,27,43,30,53,46,34,43,35,3,42,0,60,6,34,51,57,40,36,29,61,10,1,35,28,30
54,57,48,41,39,29,2,46,35,5,10,35,26,54,61,2,2,13,27,12,36,55,40,3,42,23,32,1,49,41,49,58,50,32,25,57,40,22,60,37,29,22,60,61,0,15,58,45,63,14,25,44,51,26,46,26,12,17,0,58,40,10,30,51,48,41,35,33,34,51,9,27,63,21,47,33,28,0,13,47,37,48,39,4,32,9,21,22,40,35,35,37,56,52,25,0,48,45,33,47,21,25,51,5,61,30,34,19,53,56,29,12,18,30,41,54,38,38,49,41,45,34,38,46,22,17,39,54,44,41,7,49,42,10,57,34,58,8,3,37,43,8,29,26,31,38,39,6,61,58
35,45,57,58,23,39,6,42,56,52,5,50,63,55,3,20,17,31,22,30,10,20,28,52,54,2,53,19,3,38,6,45,47,51,57,60,50,11,48,9,56,41,59,13,29,36,61,44,41,49,55,0,36,19,6,16,12,58,0,26,55,44,30,61,52,26,13,12,3,7,42,21,26,52,53,49,42,29,10,42,45,58,48,11,29,14,14,18,17,29,52,13,1,31,27,3,0,9,45,39,53,41,53,9,35,57,62,6,5,60,59,52,1,34,52,36,36,35,41,37,6,44,0,57,21,22,45,35,11,49,60,53,25,2,50,27,16,27,24,5,44,6,18,19,46,12,22,25,36,26
56,45,4,19,41,46,12,51,4,45,32,1,13,16,46,32,10,43,55,9,0,32,52,47,50,62,45,47,53,48,7,54,58,61,2,24,17,39,63,20,11,10,57,33,50,4,17,44,59,11,62,24,36,38,50,7,14,33,61,19,51,35,34,25,46,61,34,33,35,48,42,61,9,36,18,50,0,55,13,60,31,49,20,32,63,18,17,7,5,21,28,63,29,29,18,40,46,0,24,37,61,25,11,53,36,35,46,29,51,11,17,33,46,4,0,3,61,0,14,42,23,38,60,58,21,28,49,28,59,43,34,0,51,17,41,16,11,26,45,2,47,58,44,51,0,58,27,40,3,55
30,57,27,51,44,37,40,46,46,32,60,36,55,2,35,20,11,5,15,19,59,26,5,11,61,38,37,30,39,18,52,63,16,31,58,32,8,58,48,27,10,28,57,7,43,46,44,1,33,48,63,40,3,14,24,16,43,30,63,43,49,50,23,48,44,51,42,44,59,41,31,55,25,11,10,38,63,10,37,56,39,57,24,29,41,28,21,33,39,26,20,28,0,27,56,30,11,27,0,10,57,41,55,45,62,42,26,23,16,27,20,63,3,63,61,21,45,32,54,51,48,23,40,30,28,12,41,22,51,9,54,63,33,35,47,51,33,4,37,28,43,15,49,45,52,56,44,44,3,10
59,7,36,57,18,30,32,33,63,40,13,47,49,20,51,2,31,30,39,18,22,20,39,51,53,57,21,22,0,16,43,4,35,17,11,57,39,52,20,4,3,60,15,12,11,10,33,57,11,53,34,7,44,18,12,37,63,13,31,8,35,63,49,29,54,9,24,59,33,6,40,48,42,1,29,32,9,4,27,52,46,41,17,47,28,30,28,32,31,35,29,14,20,62,1,21,35,12,25,0,54,44,2,28,32,19,57,59,60,32,7,12,54,39,19,58,49,23,19,41,55,9,31,13,7,14,32,54,9,30,21,30,43,12,42,32,30,25,63,39,11,29,47,12,18,42,42,50,5,57
59,60,44,60,35,5,46,8,14,61,9,43,47,47,53,27,41,9,15,28,11,24,59,52,28,59,37,63,24,7,56,50,49,47,21,6,7,31,59,43,6,48,62,2,37,25,0,39,10,38,53,10,19,55,16,25,30,10,29,1,12,44,26,59,13,31,7,51,34,58,62,55,33,10,7,53,5,62,10,23,55,31,3,32,43,41,8,2,26,27,40,39,41,50,63,41,18,11,4,15,0,35,34,25,17,54,41,53,5,63,28,40,10,17,59,16,27,58,29,32,26,32,61,38,1,19,18,42,44,37,19,5,38,51,63,33,38,16,45,52,15,39,56,16,29,56,18,49,13,34
62,1,3,22,35,58,9,54,63,40,27,30,55,46,6,36,59,61,41,21,19,26,10,9,32,17,34,38,26,61,29,5,55,53,10,28,28,36,9,29,37,11,61,21,11,47,54,39,0,56,41,57,46,12,15,55,47,25,1,38,39,24,19,20,25,6,30,41,55,25,62,24,54,55,34,15,61,9,62,10,28,21,53,34,30,33,7,59,58,7,62,30,59,13,0,13,32,30,34,55,54,0,1,12,63,24,13,3,3,37,25,43,51,45,52,37,54,48,54,5,21,7,8,1,21,21,19,43,40,10,37,17,29,54,58,53,44,23,43,50,42,14,63,19,40,33,45,37,28,9
20,37,29,50,62,34,38,9,56,29,37,4,7,5,25,58,61,20,42,40,52,19,63,11,2,15,14,28,14,41,9,55,37,13,36,23,34,30,24,31,43,2,53,23,31,22,47,8,50,1,61,47,15,5,17,50,54,32,40,57,60,11,17,0,4,48,51,28,34,28,62,49,0,39,10,29,40,57,28,51,12,23,43,31,30,32,1,27,24,36,1,27,58,25,38,41,4,50,48,18,29,46,0,37,15,7,45,8,12,30,22,13,10,29,41,3,0,11,24,16,3,39,21,0,8,14,55,58,39,5,12,49,7,28,42,16,31,37,6,27,57,54,37,56,32,41,13,46,52,6
58,21,60,19,25,13,26,22,39,24,43,11,10,53,21,26,22,22,41,34,36,61,16,0,33,7,25,48,28,35,16,18,35,59,26,53,28,32,46,58,42,62,26,41,47,63,17,50,0,51,57,15,22,36,53,44,19,4,43,24,43,52,11,56,62,36,38,23,26,47,56,34,29,18,48,31,21,25,37,1,13,32,17,45,40,6,28,7,47,45,63,10,40,37,26,59,63,25,41,36,31,46,17,0,49,32,22,56,57,51,10,5,27,23,59,11,9,54,18,60,50,40,50,53,59,43,24,34,18,26,37,26,63,58,44,45,45,63,62,31,33,53,37,26,6,44,51,37,48,43
39,12,40,31,54,17,19,38,24,54,41,19,3,3,63,49,13,24,8,36,55,39,54,12,51,35,8,11,1,35,38,6,57,34,35,11,55,38,52,26,46,0,26,2,17,51,20,10,7,63,19,4,51,44,2,62,44,27,1,47,11,37,47,25,7,31,7,40,46,20,58,32,11,14,59,11,28,53,57,21,20,29,50,50,30,7,2,35,14,37,60,16,24,3,35,53,35,50,31,19,59,19,40,31,0,40,61,35,53,5,63,32,3,50,38,8,63,10,62,44,32,34,4,47,45,11,56,6,35,60,41,63,12,54,6,2,21,27,57,14,33,13,13,62,46,30,41,3,54,33
7,0,29,36,17,57,40,59,63,46,15,37,5,25,56,52,36,50,22,42,55,45,43,18,16,34,37,19,6,13,21,56,49,13,51,37,8,30,8,53,59,43,49,10,54,57,24,12,23,60,0,8,3,53,13,28,36,42,25,14,21,8,15,7,2,59,63,43,10,10,25,9,33,16,34,40,23,13,1,29,0,34,45,9,33,14,58,58,16,46,12,33,38,34,53,0,25,1,44,36,12,43,61,51,23,0,14,50,44,53,20,3,35,9,4,17,34,33,39,46,9,33,57,9,48,58,39,17,19,29,54,37,41,22,37,17,42,45,31,19,52,48,21,19,44,1,47,6,10,18
34,42,15,47,31,22,57,4,55,60,7,35,36,39,34,40,4,44,49,8,14,13,47,56,48,62,16,43,9,51,42,17,51,18,46,16,17,29,33,4,35,24,17,15,51,34,12,41,53,8,2,9,3,57,9,18,58,19,49,19,3,17,7,48,54,14,40,41,8,15,59,10,8,51,35,40,47,52,58,58,29,27,20,20,14,57,51,61,5,52,26,19,34,25,24,1,37,62,56,8,56,54,35,51,34,16,0,59,62,37,62,51,1,33,22,17,33,61,36,55,57,10,29,39,31,54,41,15,12,10,61,45,47,17,25,53,34,35,20,60,26,55,23,39,31,43,18,21,52,60
11,0,58,35,57,56,50,46,7,62,44,16,13,54,19,60,13,45,20,25,38,9,1,26,37,8,41,3,11,33,56,47,36,25,30,29,1,37,55,27,63,54,44,6,58,31,18,6,27,11,44,35,25,48,22,61,16,40,37,22,17,36,47,59,12,63,33,55,3,31,53,48,34,61,0,17,0,18,12,29,22,53,23,12,39,3,25,2,30,47,54,12,50,1,24,59,8,61,44,52,63,55,24,37,3,45,23,0,16,30,16,32,20,0,19,19,13,62,9,61,16,40,2,18,27,33,47,9,46,21,51,47,49,8,15,13,53,62,34,27,35,33,60,28,34,13,25,55,47,63
58,3,7,55,46,62,29,52,6,43,47,5,11,19,3,9,37,63,21,63,58,56,33,51,52,55,20,21,45,16,40,11,18,54,6,1,46,56,47,40,58,28,50,10,43,10,39,57,50,51,56,37,30,17,17,54,16,12,45,37,15,39,13,50,61,11,51,10,28,19,32,19,14,62,58,25,16,16,57,22,56,17,59,37,43,26,20,60,53,21,39,34,61,15,20,43,25,50,59,34,43,43,18,25,46,50,28,51,0,51,45,24,23,12,16,56,35,40,29,14,55,57,8,38,16,59,49,55,63,24,16,50,4,23,28,26,40,49,7,33,18,18,60,49,22,47,19,38,16,37
39,55,36,49,27,61,33,57,11,53,58,58,17,49,0,31,38,16,42,62,48,34,24,55,17,36,20,6,14,20,38,14,40,44,57,37,51,11,17,18,61,46,24,21,2,40,1,12,39,45,61,27,46,54,34,18,8,0,0,38,49,45,41,22,48,8,57,51,3,48,21,15,0,25,15,45,62,1,25,16,28,50,36,36,48,30,61,13,9,60,38,58,51,4,7,42,53,34,13,47,9,40,49,32,40,19,41,23,29,0,39,39,2,4,43,20,21,39,34,48,13,24,10,0,16,63,22,36,50,23,48,23,28,32,8,9,53,6,53,58,38,52,41,2,28,58,19,11,57,36
41,22,36,30,19,42,13,25,27,58,11,49,51,29,7,60,44,48,22,4,25,1,23,63,14,23,51,16,18,27,19,45,25,7,42,3,7,6,24,15,11,19,33,29,21,2,9,40,28,57,29,8,32,62,21,34,16,22,59,59,11,1,42,32,45,7,37,60,47,51,16,42,48,35,45,22,49,54,4,41,45,25,42,54,15,33,3,16,62,62,45,17,42,39,4,54,0,39,26,19,26,35,59,38,48,44,53,61,41,5,0,43,45,18,44,45,16,35,5,28,56,23,33,27,63,35,44,17,18,41,55,24,25,59,4,14,26,0,38,46,23,28,28,57,47,45,46,50,20,19
58,1,45,20,2,44,25,58,56,0,24,6,28,24,53,39,26,21,36,33,21,25,17,63,56,44,0,50,40,63,49,12,59,41,48,3,2,26,39,61,31,24,29,56,32,33,51,19,41,29,53,9,3,13,47,18,26,49,43,11,49,39,43,34,50,49,33,5,35,47,44,39,13,34,2,39,63,54,19,29,61,49,58,62,44,49,39,42,44,27,9,60,3,43,50,13,10,4,28,8,36,2,32,53,45,1,37,55,1,36,57,0,8,35,52,63,6,14,24,44,5,16,1,0,48,2,4,46,2,37,61,50,24,63,52,33,53,36,19,61,45,29,32,2,24,5,12,6,32,21
17,44,23,55,26,2,37,42,32,38,29,9,47,31,50,45,26,3,58,13,50,16,14,59,5,53,63,25,20,18,39,9,39,33,16,32,22,43,1,45,27,28,32,5,29,34,30,48,61,44,21,59,31,37,5,50,51,6,51,41,60,6,14,15,35,11,29,14,34,42,29,49,9,61,56,52,10,37,2,52,34,4,8,38,59,46,11,15,40,17,40,31,27,58,51,20,0,56,60,57,41,29,0,8,27,21,44,29,44,24,23,34,0,17,16,12,30,51,17,9,57,53,40,59,31,38,25,60,10,43,7,56,58,14,22,33,8,42,55,24,48,45,40,61,1,9,58,10,56,17
37,43,11,61,41,60,53,63,43,1,36,59,21,34,26,38,46,0,37,22,33,29,42,4,43,18,20,25,50,16,2,18,24,22,43,44,8,13,4,48,6,20,56,3,49,5,41,6,59,19,19,54,49,6,8,17,32,49,62,22,27,24,16,19,58,44,61,53,24,22,1,52,43,3,20,42,32,5,26,13,4,45,57,27,58,61,39,61,22,0,10,17,8,42,11,62,4,53,58,48,12,8,34,16,7,61,11,57,38,15,4,38,5,0,49,36,45,29,27,11,42,30,47,18,52,44,0,58,58,39,25,24,25,62,54,7,43,9,24,45,2,19,28,59,51,37,29,26,53,4
19,55,36,3,0,38,31,17,20,50,62,10,60,60,51,42,38,33,4,32,4,0,22,39,55,52,3,14,44,6,13,14,53,45,14,54,7,25,59,32,19,37,26,63,7,18,43,19,18,17,15,57,6,35,33,61,38,29,3,10,17,47,42,31,14,42,38,40,39,5,17,14,9,28,12,37,45,14,27,55,54,62,36,0,2,14,53,17,4,34,47,18,28,11,19,30,57,63,9,24,60,16,52,16,6,58,50,61,15,49,9,9,17,56,0,58,55,45,1,9,14,46,48,38,42,38,37,40,3,37,37,25,53,23,12,62,25,51,2,32,17,21,54,37,49,62,21,36,35,57
56,4,56,33,23,21,3,60,6,19,59,14,11,26,3,1,25,35,52,61,49,52,50,62,1,28,39,61,9,52,40,12,61,42,6,22,3,47,27,34,45,1,56,24,12,47,27,47,54,58,12,3,34,47,54,46,52,48,6,13,15,41,36,51,5,6,9,9,7,44,8,53,46,57,41,57,11,51,40,15,44,49,46,6,47,18,24,1,16,32,24,61,12,41,42,44,14,20,22,23,9,0,63,54,7,57,10,10,32,45,8,29,50,14,34,0,50,46,59,56,61,61,49,53,10,20,20,3,56,23,38,3,23,60,53,26,16,56,60,47,0,48,29,4,28,30,13,6,58,32
42,50,45,5,32,37,33,36,29,23,35,35,14,43,39,61,7,4,57,13,47,2,40,7,14,48,8,8,43,5,55,11,34,23,52,22,49,50,60,49,7,35,59,29,30,58,32,15,34,37,63,29,48,35,55,47,59,58,24,12,56,34,4,37,31,48,43,48,5,9,60,60,7,13,3,26,38,58,3,0,47,38,21,48,41,56,34,37,1,39,37,37,26,31,14,22,15,29,29,50,17,7,27,11,37,62,59,18,16,5,63,56,60,41,58,36,0,28,39,15,16,56,18,44,24,17,21,39,4,10,47,11,10,2,5,50,21,24,34,21,20,60,44,26,39,41,46,28,34,39
35,55,39,58,1,39,9,60,32,45,56,53,33,23,23,61,50,37,26,43,23,7,48,47,34,25,14,28,15,17,42,15,22,0,26,8,36,3,22,9,39,30,43,31,60,32,24,61,53,63,48,54,8,60,44,47,50,30,27,24,47,55,36,3,0,12,3,37,20,41,12,53,56,57,62,63,5,52,31,20,30,48,52,56,25,2,42,27,57,27,24,14,18,33,53,49,35,18,22,35,50,37,17,19,9,42,29,27,26,22,52,29,14,36,3,5,17,0,24,50,56,22,37,53,52,61,17,37,49,12,2,33,9,30,0,36,4,9,60,24,43,63,46,43,20,43,56,45,44,32
34,54,41,25,62,38,63,11,1,57,14,31,3,44,28,48,47,42,10,8,21,9,25,52,9,17,0,47,17,53,44,50,49,29,10,13,3,12,46,62,21,16,46,59,31,47,50,42,34,40,14,11,6,23,18,36,55,6,28,37,6,24,53,58,43,3,37,16,10,25,51,22,2,30,23,40,39,63,56,12,49,43,55,8,19,23,47,32,60,51,2,60,61,39,35,16,12,28,28,39,28,3,6,6,43,59,46,28,22,53,4,19,32,52,47,5,58,2,0,18,9,33,29,0,22,46,51,57,1,29,50,29,19,14,15,8,31,17,50,42,9,56,59,36,38,61,12,29,40,39
29,61,12,35,1,11,49,17,6,40,36,24,49,30,6,36,54,50,45,2,30,36,61,21,1,43,7,50,0,4,21,49,32,57,52,56,19,9,14,17,49,52,36,63,55,46,29,36,36,56,40,30,34,56,27,48,37,11,8,17,1,6,31,20,59,26,37,48,28,52,44,29,53,6,2,21,12,56,24,32,38,43,55,36,12,17,2,17,48,33,28,24,56,56,53,38,54,27,33,35,12,48,56,8,34,29,49,52,3,14,31,12,63,11,23,39,36,5,1,0,10,47,8,48,58,23,12,57,58,49,56,21,18,32,1,16,7,21,54,57,9,57,9,20,4,54,48,17,58,42
60,42,22,59,54,12,33,61,7,52,21,25,59,45,43,18,28,20,43,20,36,51,17,5,24,7,7,4,48,8,31,59,8,52,57,60,46,45,17,6,10,42,51,18,49,7,17,31,29,57,35,12,36,7,36,42,46,17,27,28,44,22,43,15,24,50,4,15,18,8,8,48,62,9,35,9,6,58,9,29,30,5,46,15,23,15,47,11,32,51,14,39,14,32,10,47,42,54,15,23,51,25,6,34,3,1,31,24,41,14,33,24,18,31,29,39,20,40,61,14,0,50,28,9,45,14,14,48,48,3,7,10,8,3,50,6,0,6,25,48,63,6,56,6,43,6,5,3,21,62
49,48,62,6,62,31,47,54,17,54,22,29,24,61,10,21,12,36,53,5,45,59,8,37,42,41,53,14,47,45,21,34,51,62,33,20,0,17,17,47,32,15,53,56,22,52,1,59,14,6,44,4,58,50,8,61,3,57,27,29,27,55,31,46,20,62,26,32,19,24,31,33,53,48,59,60,26,30,2,41,23,14,53,27,16,33,15,30,24,51,20,29,14,43,33,21,56,20,19,46,36,2,21,43,27,34,9,20,33,27,3,33,38,48,54,51,31,30,37,44,18,0,29,21,38,63,38,38,19,35,10,3,34,16,55,52,50,25,53,34,44,4,5,15,7,24,42,10,37,52
46,50,47,47,47,55,49,42,43,58,62,8,2,62,9,4,56,7,63,22,44,50,46,33,61,58,26,63,25,32,23,33,8,17,34,59,13,20,46,35,0,20,48,29,41,11,46,11,22,12,28,51,48,43,29,8,17,23,17,50,21,22,17,9,4,59,38,49,2,20,55,23,19,45,39,45,44,0,4,9,33,0,0,28,17,0,31,44,33,30,51,55,61,27,23,11,4,23,46,33,5,37,58,43,22,60,11,38,44,61,5,59,0,39,3,45,61,3,27,35,6,58,0,48,3,2,46,23,63,38,13,25,60,1,36,56,63,36,15,47,37,20,57,4,35,27,18,48,49,36
50,21,24,29,38,10,3,18,6,3,14,26,55,27,32,55,58,56,21,33,34,31,48,47,25,21,43,8,21,24,7,51,10,57,4,3,14,2,55,11,8,16,21,14,58,19,27,17,5,3,32,40,9,59,8,55,29,31,19,40,52,46,31,50,1,21,1,57,34,25,43,20,48,36,57,0,45,23,21,1,20,17,30,29,31,42,12,43,20,27,1,36,31,36,14,27,22,60,34,36,31,47,16,40,27,27,15,52,55,58,8,42,38,38,0,35,26,37,24,31,49,46,19,0,37,46,49,54,22,19,18,58,47,37,39,4,21,57,41,6,14,61,54,29,16,1,36,38,53,59
41,9,36,48,42,22,32,18,35,56,9,0,28,8,61,35,21,17,10,0,41,52,16,60,4,3,34,17,51,55,17,31,2,19,59,39,26,22,4,26,23,52,38,4,4,11,39,9,39,38,28,25,39,40,3,17,42,35,28,31,30,33,25,61,48,19,27,7,58,34,23,40,40,55,54,27,23,8,31,50,2,51,6,21,63,35,2,54,48,41,0,46,0,16,49,63,37,61,63,3,52,29,5,35,24,40,53,41,29,28,37,20,25,24,34,45,19,14,9,23,0,18,37,10,0,63,45,49,2,12,8,0,15,8,61,58,37,0,33,50,11,20,25,44,18,43,8,58,27,35
24,46,53,56,61,38,51,0,22,48,12,62,9,60,28,47,20,26,16,55,42,48,16,18,29,23,14,41,39,9,18,33,34,60,11,60,1,18,11,10,11,57,0,45,22,38,16,31,60,55,51,20,57,43,9,19,3,4,20,38,36,37,57,29,39,37,50,17,17,47,55,18,37,43,59,9,55,7,31,21,17,42,45,56,12,20,60,32,40,42,32,28,40,61,32,29,11,0,39,10,59,17,48,20,32,42,56,29,50,16,48,39,18,62,7,36,42,59,14,12,7,15,37,20,20,0,26,11,21,56,32,6,45,5,7,15,50,55,1,17,27,21,9,38,40,46,63,15,27,60
42,38,18,62,60,16,37,18,24,15,7,43,2,57,21,39,1,62,31,18,28,38,11,33,39,24,54,11,62,17,16,35,19,51,10,0,21,5,22,8,32,59,54,31,35,13,12,23,16,35,15,19,55,25,6,17,39,40,24,41,43,7,7,20,0,3,43,48,39,33,31,21,59,53,61,15,56,0,18,4,9,55,44,13,53,14,20,56,56,53,39,3,38,26,48,14,50,19,4,14,4,62,33,8,55,30,61,29,15,2,23,41,3,52,45,27,4,59,47,9,49,34,41,38,63,35,0,35,23,34,31,57,37,24,28,34,52,39,5,8,30,29,0,1,0,53,57,21,3,12
2,1,55,30,43,46,43,31,37,3,17,10,46,9,3,0,47,51,26,34,35,40,43,4,0,52,50,52,15,24,15,33,0,26,50,54,48,35,43,21,6,31,21,53,1,58,34,56,22,46,32,54,39,25,48,15,19,29,59,16,59,47,10,55,49,2,53,45,57,20,8,32,26,3,8,5,21,3,29,11,33,40,63,8,31,33,45,27,38,5,14,48,29,26,23,46,55,38,9,4,1,42,16,26,53,30,1,18,47,41,44,31,37,32,59,59,57,8,9,45,44,19,18,41,31,41,46,0,55,24,38,48,35,59,13,3,8,61,44,18,41,61,16,21,43,63,12,39,57,32
42,12,3,53,30,0,36,49,38,2,5,37,0,33,33,10,10,37,48,34,24,35,31,20,54,33,44,1,27,34,31,4,3,17,30,27,24,17,38,13,12,44,12,30,29,42,61,24,60,63,54,44,37,31,62,30,30,39,38,58,22,51,62,57,21,42,11,1,28,19,59,48,15,48,32,18,36,5,11,27,52,36,22,43,39,49,9,44,14,14,31,35,59,13,15,45,52,39,54,29,52,16,1,24,51,48,49,0,54,54,5,12,31,11,53,7,28,40,26,14,29,7,23,56,36,40,3,5,0,42,33,6,59,20,50,22,20,51,36,5,22,1,63,9,48,27,43,63,12,24
25,51,1,61,15,20,62,9,16,25,6,52,58,3,12,61,25,23,63,18,41,21,22,58,57,28,56,16,5,46,63,50,0,18,44,49,55,30,45,37,9,38,34,1,48,39,46,52,38,60,9,40,39,42,32,35,19,11,42,53,21,57,58,58,12,28,15,38,58,10,42,45,53,39,10,61,33,37,42,0,32,23,13,16,31,36,53,45,54,58,63,7,26,37,42,45,16,30,35,56,23,4,38,30,5,42,41,3,14,1,52,17,50,53,32,62,55,8,10,57,53,2,0,44,19,53,43,50,27,0,48,32,8,56,37,59,44,37,29,41,46,20,52,5,34,0,50,49,6,57
31,35,39,12,62,59,54,54,26,0,45,57,13,34,3,49,53,4,35,5,21,42,2,45,36,39,51,10,50,44,18,5,20,18,51,21,11,57,28,15,52,63,4,44,40,61,62,18,7,35,33,21,38,44,21,23,28,18,38,14,13,22,0,5,8,10,34,41,34,55,19,53,9,58,52,15,18,16,27,60,2,33,21,20,54,1,62,62,41,61,45,6,34,6,61,24,23,19,1,45,39,27,6,28,26,52,19,0,55,27,5,53,62,37,37,43,44,57,40,15,34,47,54,44,12,3,5,36,3,14,0,33,27,0,29,35,32,47,50,34,16,59,34,63,28,18,49,46,22,37
57,15,5,56,50,29,52,8,35,20,50,44,10,1,35,13,22,7,11,14,50,61,56,0,39,2,63,20,46,45,32,54,44,31,42,45,38,43,38,32,23,15,45,57,29,48,40,62,33,30,29,14,2,41,9,16,17,59,61,13,49,16,54,35,48,0,51,15,58,61,52,21,55,25,42,30,48,48,1,58,19,30,59,10,58,19,47,58,2,62,24,23,4,55,46,14,46,48,32,0,52,56,10,1,0,17,12,46,28,52,30,5,60,53,10,12,34,47,1,32,14,62,53,17,41,9,58,22,7,23,39,0,23,24,13,8,34,57,48,56,12,52,45,49,61,38,62,29,19,15
53,12,43,6,37,28,36,31,59,63,27,11,35,14,30,50,10,15,45,49,17,13,12,46,20,59,17,33,4,57,38,52,33,42,30,18,2,21,57,6,15,45,36,35,16,47,44,58,3,28,53,58,30,9,45,37,12,50,51,14,19,37,31,40,7,61,49,8,25,37,40,37,38,36,34,10,0,18,0,0,28,23,38,25,25,62,47,44,56,12,11,27,42,41,56,14,40,28,63,48,27,10,60,26,38,18,38,10,27,8,18,25,40,42,11,60,61,17,23,20,9,12,20,59,52,50,25,31,11,35,62,51,0,41,21,60,55,49,5,15,2,59,34,12,26,1,21,43,46,32
41,17,63,8,11,2,21,12,14,4,4,53,48,42,10,23,50,57,11,36,55,53,39,41,26,7,19,13,5,19,43,15,63,56,29,39,2,10,4,32,55,47,10,16,14,8,4,39,45,7,53,56,48,39,25,35,36,14,10,9,36,2,53,28,50,31,55,44,14,60,24,41,12,21,22,57,41,39,54,48,26,35,51,17,23,6,14,44,0,61,4,36,13,1,17,5,56,59,63,0,63,54,16,55,10,31,9,34,29,57,40,11,6,24,38,20,3,35,62,57,56,16,35,44,21,27,13,59,47,42,7,1,53,0,7,39,22,20,7,47,2,3,23,56,61,58,51,43,37,9
1,40,27,46,55,9,39,57,37,62,59,46,1,60,20,37,34,4,40,35,53,49,4,39,13,14,5,26,37,60,35,2,17,22,18,51,16,14,30,8,53,33,46,42,26,27,52,55,11,49,50,45,40,39,26,8,4,57,60,31,2,35,40,37,18,38,35,48,10,63,24,31,25,62,32,27,50,45,34,30,57,11,4,36,14,14,22,26,48,9,52,39,3,1,48,57,14,43,62,46,16,57,60,44,38,49,1,47,56,42,13,57,0,46,35,17,25,39,25,35,4,55,45,21,49,20,44,1,12,0,29,20,1,26,0,53,58,5,43,13,55,26,60,34,8,12,27,7,38,8
21,37,38,34,55,19,1,42,13,21,60,33,32,10,54,22,14,27,20,20,40,57,54,36,45,16,34,32,48,0,20,1,6,47,43,17,22,21,54,43,54,34,46,16,40,49,42,33,36,21,43,39,53,42,60,48,1,7,27,42,50,1,63,53,32,25,43,34,5,12,48,63,4,37,13,2,46,12,51,19,52,56,32,23,32,57,7,55,17,61,47,24,61,45,48,1,55,63,29,60,26,20,12,28,53,36,12,33,11,18,45,9,8,16,24,49,40,19,18,19,9,3,13,31,3,26,41,7,16,25,14,56,14,28,22,0,42,31,3,54,27,60,40,5,30,53,10,62,13,60
8,63,42,26,37,31,1,47,60,38,16,23,50,7,5,36,45,55,37,1,43,59,28,22,20,45,15,12,28,61,41,47,11,36,11,22,24,46,32,1,57,7,44,14,6,39,50,21,30,41,49,57,36,32,0,51,62,28,27,27,46,63,3,40,55,50,20,5,49,32,12,6,36,55,6,63,3,54,40,8,32,40,18,2,14,30,25,17,2,9,42,37,0,28,59,31,21,44,2,3,41,7,42,9,16,44,21,49,14,60,8,27,2,32,63,17,27,62,6,62,58,17,6,55,6,39,63,18,60,16,20,39,27,62,24,47,0,24,10,14,29,49,10,13,51,54,33,24,3,49
40,34,5,19,36,32,63,14,51,55,25,25,42,28,0,46,20,28,44,10,55,35,36,3,27,56,56,3,50,26,31,19,57,29,3,20,58,13,52,11,23,25,49,57,61,49,7,12,26,16,32,31,62,45,54,3,3,19,51,5,19,9,25,36,57,54,58,13,57,2,15,28,2,18,48,4,19,39,8,15,29,31,29,17,19,54,59,25,36,54,15,10,42,58,34,26,51,19,62,57,16,45,28,61,48,40,54,62,15,9,58,55,41,43,46,56,49,63,8,45,9,38,31,17,2,60,30,27,21,41,5,27,35,28,23,33,36,0,50,34,10,4,8,57,28,38,54,17,34,13
59,60,20,47,55,53,19,51,63,32,27,49,13,26,37,14,18,41,25,17,19,61,3,40,3,23,37,61,0,11,13,49,12,23,57,34,12,14,27,25,33,59,33,21,34,62,61,50,38,16,40,33,52,22,54,54,23,33,58,1,7,62,54,27,7,20,50,42,13,40,62,51,27,34,42,9,56,41,62,45,43,36,54,46,31,18,51,28,10,10,0,53,3,45,27,38,56,11,9,46,47,26,4,13,60,32,41,46,36,16,19,52,30,25,59,25,26,0,18,15,16,6,23,37,39,35,14,5,34,44,12,34,39,36,49,45,34,28,0,24,37,58,25,50,12,28,27,18,60,61
0,18,57,62,50,16,27,55,22,47,31,17,40,43,35,62,40,41,49,25,13,48,20,16,46,34,31,29,37,49,17,48,3,60,33,39,48,49,3,0,47,59,15,36,55,34,20,15,13,4,36,6,7,55,6,39,6,4,38,49,43,59,50,31,24,5,51,37,25,13,27,32,39,38,3,34,44,26,16,37,7,55,42,49,22,23,28,59,20,12,22,51,55,63,22,60,2,43,42,17,45,40,32,12,0,57,38,7,30,56,25,14,1,5,7,13,54,62,29,17,16,62,18,6,50,24,12,41,28,33,37,53,54,26,27,51,39,42,42,0,18,48,39,20,2,54,36,55,20,39
32,44,44,4,34,7,53,33,63,27,5,53,16,2,37,10,6,48,30,41,3,55,37,4,30,49,56,10,38,41,60,46,9,37,16,8,6,18,23,0,22,52,49,39,18,38,5,32,44,28,2,43,10,52,56,33,6,56,26,52,55,14,44,60,37,33,26,28,12,47,32,25,29,13,58,51,34,34,12,40,52,11,42,59,48,26,18,48,13,15,39,4,5,41,21,19,14,57,17,4,53,28,8,55,17,10,26,13,9,23,2,51,15,36,12,61,14,55,53,13,10,45,1,58,12,5,24,56,0,48,15,24,49,15,39,46,6,20,5,0,0,47,41,13,36,40,0,17,14,57
38,8,47,4,4,21,15,17,47,56,29,59,23,55,0,46,24,35,22,6,48,21,57,13,33,50,3,46,54,16,18,8,53,37,58,22,9,51,27,39,9,35,63,42,18,45,44,59,61,36,6,4,41,51,30,54,31,52,22,45,53,62,59,0,4,8,53,6,8,11,11,2,60,16,34,32,46,10,39,9,60,45,20,56,15,4,6,45,24,11,61,50,61,43,15,63,8,6,45,24,62,48,51,51,12,60,7,18,17,20,32,39,3,21,10,8,43,9,53,42,1,0,59,54,11,22,22,41,3,8,57,25,40,17,26,6,6,60,51,29,1,0,35,35,57,0,22,24,22,37
47,8,36,10,52,55,21,47,43,63,13,26,20,61,12,4,55,30,28,10,32,59,23,8,5,40,33,8,21,13,13,32,11,12,50,52,29,32,11,40,14,41,5,48,0,9,40,44,56,36,57,52,59,10,45,28,9,36,15,4,25,1,13,32,33,41,39,56,50,20,35,30,38,4,44,24,18,20,5,28,22,33,34,1,52,13,52,62,55,12,48,33,5,31,1,59,2,23,58,7,46,47,43,51,22,62,35,51,49,44,2,3,13,8,28,28,43,45,4,33,14,52,61,11,50,59,22,38,15,25,16,49,36,18,0,36,20,14,52,29,32,0,0,1,50,34,11,35,44,26
59,8,41,2,60,44,37,16,11,16,56,20,63,19,4,56,19,54,63,5,24,19,23,40,55,30,43,63,31,23,4,18,14,19,10,44,37,31,38,53,20,24,39,24,35,1,22,46,8,61,7,55,28,60,29,36,59,23,9,35,19,49,50,23,47,59,48,42,0,29,22,63,55,50,11,24,7,20,30,39,32,45,1,57,58,47,26,40,13,46,35,0,45,26,3,57,13,19,43,56,51,4,37,52,29,16,8,12,47,14,61,37,43,2,3,35,18,51,30,17,55,19,49,63,47,2,27,5,54,25,19,43,3,22,60,28,31,32,33,32,13,41,2,0,6,41,39,2,26,41
10,4,33,46,30,61,46,20,10,39,61,60,34,30,6,7,1,53,21,39,14,14,22,52,35,7,44,54,60,7,12,32,2,54,20,7,63,14,35,34,49,51,6,5,47,37,34,39,13,6,38,52,28,48,59,25,15,23,14,27,35,47,11,31,10,22,42,56,63,24,31,42,10,13,0,12,38,26,14,44,22,38,14,51,24,9,29,1,12,27,1,31,12,5,29,45,50,1,5,48,20,18,12,38,39,22,38,62,17,61,34,49,35,29,1,56,24,29,37,40,35,5,21,59,26,29,7,61,10,29,19,25,21,58,62,3,5,54,63,24,42,20,35,11,0,17,30,62,41,54
14,14,30,63,60,49,57,8,7,30,0,13,51,28,1,3,60,27,62,37,61,16,39,3,9,55,49,61,49,19,57,60,13,28,44,45,55,37,44,5,7,43,29,34,40,5,13,43,51,59,7,11,62,34,17,38,53,1,35,22,52,14,31,24,14,41,52,35,38,13,28,63,35,20,21,9,15,14,60,37,42,29,22,18,20,26,24,4,5,11,14,38,27,17,23,35,44,45,48,55,25,63,51,55,61,17,54,49,16,13,59,42,8,47,52,34,13,31,14,51,57,43,4,0,45,37,34,38,12,38,50,2,28,44,28,23,21,36,7,11,53,53,39,5,5,0,46,22,26,7
24,31,16,40,54,32,42,10,11,49,58,36,4,0,4,11,8,53,56,63,3,0,56,18,17,8,6,49,32,28,32,36,19,2,10,37,23,24,21,6,26,13,42,58,63,35,6,36,16,60,58,37,11,52,60,2,51,7,48,9,63,24,41,35,35,53,23,19,12,61,3,57,46,51,40,4,56,34,37,61,61,0,32,9,7,5,47,53,13,55,0,58,38,45,7,8,63,20,24,44,27,61,12,7,27,59,50,62,41,28,34,59,57,35,9,42,15,56,0,22,11,41,6,51,40,4,1,19,40,52,24,23,28,23,63,5,46,63,36,21,36,25,61,18,2,27,0,24,34,34
23,19,20,62,6,3,61,59,56,29,10,2,58,60,58,45,11,45,5,45,15,59,38,44,1,15,29,42,42,12,39,48,60,20,27,9,53,21,19,26,22,63,45,13,4,18,40,8,29,7,30,13,3,50,0,23,4,60,41,37,0,55,47,45,19,12,35,18,56,48,39,27,57,50,27,28,17,14,12,51,0,14,19,33,17,41,63,20,24,63,59,63,28,7,51,61,45,27,53,5,26,26,36,18,2,9,27,6,29,14,34,12,14,52,46,46,63,60,60,63,11,35,3,53,60,8,50,50,43,39,62,10,47,3,42,1,41,14,26,29,50,2,1,48,56,60,8,0,1,51
18,21,58,22,27,55,56,11,54,48,9,54,60,56,53,53,42,62,21,40,37,28,56,4,35,0,36,3,31,9,63,15,43,23,61,30,8,53,10,41,59,19,0,0,4,15,58,55,9,21,3,27,53,47,20,25,48,25,53,1,18,60,45,14,54,61,13,5,18,38,51,17,40,59,26,43,32,8,9,54,20,14,31,53,42,16,30,37,27,39,61,9,57,37,57,59,36,56,44,44,59,16,45,9,14,44,30,0,8,57,52,42,28,38,58,30,23,13,6,24,10,2,54,56,5,61,30,45,60,20,52,60,8,52,39,61,36,50,21,52,13,50,46,15,22,13,25,50,0,28
43,62,7,47,11,10,47,56,50,28,14,39,44,23,23,57,44,17,57,15,61,43,53,9,22,13,59,40,38,13,0,14,5,44,0,37,62,40,30,27,47,59,52,62,53,26,27,60,3,5,28,36,62,13,4,56,25,7,52,45,12,5,62,10,19,41,59,31,32,13,48,29,10,3,9,19,27,27,43,13,11,43,1,5,52,53,2,24,37,25,61,3,12,18,1,54,9,53,6,59,60,38,28,8,10,1,0,45,58,60,17,40,51,28,35,35,54,37,50,49,53,10,56,47,5,33,48,54,32,19,46,17,39,5,26,61,12,39,58,41,48,4,56,57,57,17,21,58,56,0
