0,0,54,0,0,0,0,52,0,0,0,0,0,0,27,0,31,49,0,0,14,33,0,0,0,6,0,0,56,0,0,25,0,0,0,20,0,52,0,0,0,0,47,0,62,0,0,0,43,0,0,54,0,0,47,0,32,0,0,3,0,0,0,0,31,0,8,49,0,0,25,0,0,0,0,32,0,0,0,0,17,0,0,0,0,55,56,0,0,40,0,0,8,10,0,0,0,38,47,0,0,0,34,0,43,28,0,0,0,0,0,0,0,0,0,0,4,0,0,41,0,0,0,0,0,0,0,0,5,0,0,61,0,13,58,0,0,0,5,0,0,0,0,48,0,0,15,0,0,0
0,0,0,0,43,0,46,0,33,0,0,56,0,61,0,0,0,0,31,0,0,0,0,0,49,0,0,0,0,0,0,0,9,0,12,0,16,28,0,0,0,0,16,33,32,47,0,1,0,38,0,12,0,0,0,0,0,0,0,33,0,0,0,0,0,57,0,0,0,0,0,0,0,0,2,0,27,7,55,0,0,0,0,0,37,6,0,31,0,0,0,0,0,56,57,0,0,0,0,53,0,0,0,0,0,0,54,30,0,50,0,0,0,0,0,0,0,0,49,54,0,0,0,0,0,38,0,0,0,0,0,0,28,0,0,0,0,27,0,38,0,19,0,0,0,0,0,0,12,27
56,22,0,0,0,0,0,0,0,0,57,0,0,0,0,0,0,0,0,57,0,42,31,0,0,0,0,0,0,0,0,0,0,0,0,44,0,38,36,0,0,0,0,2,0,0,21,0,25,0,0,0,0,0,0,0,0,0,0,0,0,0,0,0,0,0,0,0,44,0,0,0,22,0,0,0,0,0,0,7,0,0,0,0,0,0,0,0,0,0,0,0,0,0,0,0,42,0,0,0,34,2,0,0,40,0,47,0,0,57,0,0,9,0,2,30,17,19,0,0,0,0,0,0,0,0,0,38,0,7,0,37,0,44,0,0,0,45,0,0,0,0,0,0,47,0,0,0,62,0
0,0,23,0,0,0,0,0,0,0,54,0,0,0,0,0,0,0,0,0,58,12,0,51,14,0,0,40,25,0,50,0,0,0,19,0,0,0,0,27,0,0,0,21,21,0,34,0,0,0,21,0,44,0,17,34,0,0,0,0,0,0,0,15,0,52,0,0,0,0,0,26,0,0,0,0,0,0,0,0,0,0,14,0,0,58,8,41,0,60,0,33,0,0,0,0,0,0,28,0,63,44,0,0,0,2,0,0,0,0,0,10,0,27,0,0,0,61,0,0,0,0,0,0,18,12,40,15,38,0,0,31,0,0,7,0,27,0,0,0,39,42,0,0,32,0,0,57,0,0
0,0,0,54,0,0,35,0,58,0,0,0,0,0,0,0,0,0,0,0,0,27,0,0,8,0,62,0,0,0,0,0,40,0,0,39,0,0,0,0,0,0,31,0,14,30,0,0,0,21,0,0,0,0,0,0,0,34,0,0,0,0,0,0,0,0,0,0,0,0,0,44,0,0,55,39,0,0,13,0,16,9,0,0,0,0,0,0,0,0,0,0,38,0,0,0,0,0,0,0,0,0,0,0,3,40,41,0,0,0,37,62,0,41,0,0,0,38,0,0,0,0,24,0,0,14,0,0,30,0,0,33,0,0,0,0,0,11,0,44,0,50,16,0,0,42,0,0,0,0
0,0,0,0,0,0,45,0,20,50,42,0,0,48,0,0,0,0,11,0,20,0,49,0,47,0,0,0,0,7,0,0,0,27,56,60,0,0,0,0,0,50,41,0,25,22,0,0,0,7,54,0,0,0,0,0,0,0,0,0,0,0,0,0,0,11,0,0,47,0,0,0,45,11,0,0,0,0,34,0,0,24,18,0,0,0,0,0,0,0,0,35,0,9,0,0,0,62,0,0,37,0,0,0,47,46,56,0,0,58,0,0,0,0,0,0,33,0,0,50,0,0,0,51,0,0,31,24,0,0,36,0,0,60,0,0,0,0,0,0,0,0,0,51,0,0,0,0,0,0
0,0,0,0,37,0,0,42,0,0,0,0,0,13,0,0,0,3,0,0,30,54,26,0,0,10,9,0,0,0,0,45,0,0,0,0,34,0,0,0,0,0,0,0,0,43,13,3,0,44,0,56,0,13,54,0,58,0,0,0,0,13,23,48,0,0,0,0,34,0,0,32,0,0,0,0,0,0,42,47,0,0,0,0,0,30,24,0,0,0,0,0,0,0,0,0,3,0,25,0,0,0,0,0,0,0,0,10,0,0,60,11,0,52,0,6,26,0,0,1,50,0,0,0,0,0,0,0,0,0,0,0,0,0,0,0,4,0,0,4,0,0,0,48,0,0,0,0,0,0
32,0,37,24,0,0,28,0,0,56,20,0,0,0,0,0,0,0,0,0,0,0,0,9,57,0,0,50,0,0,0,0,0,0,50,0,0,7,0,0,0,0,0,32,0,52,34,0,0,51,0,0,0,0,0,31,0,52,0,40,0,0,0,54,0,0,0,38,0,42,14,0,41,0,0,0,0,0,0,0,37,0,0,0,0,0,23,0,0,6,0,0,0,0,0,26,40,0,0,0,41,43,0,0,0,0,0,0,0,0,0,52,38,0,0,0,0,0,0,0,0,7,0,0,0,0,0,48,33,25,0,38,61,0,12,0,0,4,0,0,0,0,0,0,39,0,0,0,0,0
37,0,0,0,0,0,0,21,0,0,0,0,57,9,56,0,0,0,0,0,0,11,0,48,42,0,0,61,14,0,0,0,0,33,0,0,31,0,0,60,0,0,0,0,0,0,0,0,0,0,29,0,0,5,0,0,0,0,0,7,0,0,0,13,50,52,0,0,0,60,0,0,0,0,0,17,0,3,0,54,0,0,0,0,0,0,0,0,0,0,0,0,30,0,0,0,0,0,0,0,11,0,0,0,0,0,0,0,62,0,0,33,0,40,23,0,0,0,0,0,0,0,1,0,0,35,0,23,0,2,33,28,0,4,0,0,0,41,20,0,0,55,0,0,0,0,12,0,0,0
45,0,0,0,51,0,0,0,0,0,0,0,0,0,0,0,0,0,0,63,0,0,18,0,15,17,0,0,52,0,55,0,0,12,27,0,0,0,0,0,0,0,0,0,0,28,0,0,0,39,55,0,0,0,53,0,0,0,0,0,0,0,0,0,0,0,0,0,0,0,14,0,0,0,0,0,23,12,20,45,0,11,0,0,0,0,0,11,11,0,0,0,0,0,0,16,0,2,0,0,0,0,0,61,0,0,0,14,0,0,28,0,0,16,0,0,0,0,0,0,0,0,6,0,0,31,0,7,0,9,0,0,0,34,0,0,0,0,0,0,0,21,0,62,0,0,0,0,34,0
0,31,38,0,0,0,0,0,0,0,0,0,0,28,0,0,0,0,56,0,0,0,0,0,0,0,49,0,0,2,0,35,0,0,0,0,0,0,0,35,0,15,3,61,0,0,0,0,0,35,0,32,0,0,0,52,0,43,58,0,0,42,0,54,0,0,0,0,0,0,0,0,0,0,0,0,28,0,0,36,0,0,0,1,0,0,0,40,0,0,32,0,0,0,0,5,0,32,0,0,0,0,0,38,0,14,0,0,0,0,0,5,0,5,0,0,0,39,0,0,0,0,3,0,0,0,34,0,0,0,0,0,0,0,0,0,37,0,0,0,27,0,0,0,49,3,10,0,45,53
0,37,0,0,0,0,0,0,47,0,0,0,11,0,0,0,0,62,0,0,0,0,58,62,0,50,0,0,0,0,0,0,21,0,0,41,0,0,0,0,0,0,0,1,37,0,0,42,26,0,0,0,60,0,45,44,0,0,0,15,0,0,0,0,0,41,31,0,0,0,0,0,0,23,0,13,0,0,0,0,15,0,0,0,0,0,0,0,0,0,0,0,0,33,0,0,0,0,0,26,0,0,0,34,0,0,25,0,0,28,0,51,0,8,0,0,0,0,4,0,0,0,40,0,0,0,0,25,56,0,0,0,26,0,0,0,22,0,0,0,0,0,0,0,13,0,0,15,0,0
0,0,0,0,0,0,3,0,14,43,0,0,0,0,0,0,0,0,0,0,16,0,0,0,0,28,0,0,0,57,54,0,0,29,0,5,0,0,52,0,0,0,0,0,0,0,13,0,54,0,0,0,0,0,0,0,0,0,0,0,24,12,9,0,49,0,0,0,0,0,0,0,0,0,0,60,0,0,41,0,0,0,0,0,0,0,0,0,0,0,0,0,0,62,39,58,0,0,0,0,0,0,0,0,37,29,0,0,20,0,0,0,0,0,0,49,0,0,0,0,0,31,0,53,0,0,0,27,0,0,0,0,0,0,37,5,0,6,0,0,0,0,0,59,0,0,0,0,0,0
0,0,0,0,0,0,0,0,0,0,0,0,0,0,0,0,0,33,0,0,0,0,0,11,0,0,0,0,0,0,0,38,0,0,0,0,0,0,0,0,51,0,0,0,0,0,0,0,46,0,0,0,0,22,1,0,0,0,0,0,0,0,0,0,0,0,0,0,61,25,0,0,0,0,0,12,0,33,0,0,11,13,34,0,0,0,0,0,0,58,33,43,26,0,0,0,0,18,14,0,0,0,0,39,0,0,0,0,0,0,0,43,0,0,3,0,0,0,0,49,20,0,54,0,0,0,0,0,0,11,0,0,53,0,0,26,0,0,0,0,0,0,0,0,35,0,1,0,12,0
0,0,0,0,0,27,0,0,42,17,0,0,0,0,0,0,24,44,0,0,0,10,0,0,49,0,0,0,0,0,0,0,0,50,10,12,0,0,52,0,49,29,13,0,0,34,0,0,0,0,0,0,0,0,46,0,0,59,0,0,0,0,0,0,0,34,0,0,0,0,0,0,0,0,0,21,0,0,0,0,0,0,36,17,26,0,0,0,44,0,0,0,45,51,0,56,0,0,0,0,55,44,0,0,0,0,43,0,0,0,0,0,18,7,0,0,0,0,14,0,48,0,0,0,0,0,0,0,0,0,0,48,0,0,0,0,0,26,20,0,0,0,0,0,52,0,27,20,0,0
58,0,19,0,0,0,0,0,0,0,0,0,0,34,0,0,0,0,49,0,20,31,0,0,28,0,0,41,0,0,0,0,0,0,0,0,0,0,0,14,0,0,27,14,0,0,0,0,0,0,0,0,0,0,0,24,0,0,18,0,0,33,0,0,43,0,0,52,0,0,0,0,0,43,0,47,0,48,0,0,12,0,0,0,56,25,17,0,0,0,0,49,0,0,0,0,0,0,0,0,0,0,0,0,0,25,25,0,0,0,29,0,0,2,35,0,0,0,0,0,0,0,0,0,48,0,0,26,0,0,0,0,21,0,0,0,59,0,0,16,25,7,0,0,0,0,0,7,0,0
0,0,28,0,0,0,0,0,0,0,0,0,16,0,0,0,0,0,0,0,60,0,58,0,52,30,0,0,38,0,0,32,0,0,0,34,0,0,18,0,5,0,12,0,0,19,0,0,0,0,0,0,0,0,0,0,0,0,0,0,0,0,0,0,0,0,0,0,0,0,6,0,0,59,0,0,0,28,40,0,0,44,0,18,0,0,0,0,0,0,0,0,0,0,25,0,0,0,0,0,0,0,0,0,0,0,0,0,33,0,0,0,0,0,0,0,0,0,0,0,28,0,58,0,28,0,0,0,0,6,0,0,17,0,0,0,0,0,0,0,8,15,0,2,0,0,0,0,51,0
14,56,36,0,39,0,0,0,0,0,0,0,0,0,0,0,45,0,4,0,0,0,0,0,19,0,0,0,0,0,0,0,0,0,0,0,0,0,0,0,0,0,1,0,0,0,0,0,8,0,0,0,0,0,0,0,0,0,0,0,63,0,0,0,32,0,0,0,0,5,0,0,56,0,0,0,0,0,0,39,9,0,0,0,0,0,52,0,54,0,0,0,0,0,0,0,0,0,0,5,0,0,0,0,0,49,0,0,0,23,34,0,0,0,0,0,0,0,0,0,0,42,26,0,0,0,0,0,0,7,41,0,52,42,0,0,0,0,0,0,2,0,0,0,0,0,0,16,0,0
26,0,0,0,0,0,0,46,0,0,0,0,0,0,0,0,21,0,0,0,0,0,52,0,0,0,0,25,55,49,0,0,0,0,0,5,0,10,0,0,0,0,0,0,0,0,0,59,22,0,0,0,0,0,0,0,0,37,0,53,0,0,0,0,0,28,0,0,0,0,0,3,0,0,0,0,0,9,13,0,0,0,0,0,0,0,5,24,0,0,0,0,0,28,33,0,0,0,0,28,0,0,0,51,34,0,0,0,26,0,0,26,0,0,4,0,0,0,0,0,0,0,59,14,0,0,25,14,0,0,0,0,0,0,35,0,63,0,0,41,0,0,0,0,8,0,18,0,0,0
0,0,0,20,0,0,35,0,0,0,0,0,0,0,0,0,0,32,0,0,11,0,0,0,0,0,0,0,8,61,0,0,0,0,0,0,0,37,0,0,51,0,0,50,0,0,0,0,2,15,0,0,0,32,0,0,0,17,0,0,31,52,0,24,0,0,0,0,0,8,0,0,0,0,0,0,31,0,0,0,39,0,0,0,0,0,40,0,0,0,0,0,0,0,0,0,0,0,0,29,0,0,0,0,0,0,0,0,0,0,28,0,0,40,0,0,0,0,0,0,0,24,0,3,0,0,0,0,0,0,62,0,40,48,0,0,0,0,7,0,0,0,0,0,46,0,0,14,0,0
0,0,62,26,0,26,0,0,50,0,0,0,0,0,20,0,0,0,0,0,0,0,0,0,0,0,0,0,0,39,0,0,0,0,0,0,0,0,0,0,0,0,0,0,0,0,0,0,17,0,0,0,0,0,0,51,0,0,0,30,0,0,0,44,0,0,3,0,0,0,44,4,0,0,0,0,0,0,48,0,0,0,0,0,0,27,0,0,0,34,0,0,0,0,0,0,29,0,0,0,0,0,0,0,0,2,0,0,25,42,0,13,0,0,0,0,0,0,0,0,0,0,0,0,0,0,0,0,41,35,0,0,0,6,0,0,0,0,0,0,0,0,0,0,35,0,0,0,6,0
26,0,7,13,0,0,0,0,49,0,0,0,0,35,0,0,0,26,0,0,0,0,0,0,0,0,0,0,0,0,0,0,28,54,0,0,0,20,0,0,0,0,0,0,0,0,0,48,0,21,16,41,0,41,0,0,0,0,0,62,33,53,53,0,0,55,0,31,0,0,33,20,0,0,0,0,0,0,0,0,0,0,0,0,0,0,0,0,0,0,0,0,0,0,0,0,0,0,18,0,0,0,0,0,0,52,0,0,0,0,0,0,50,0,0,0,0,0,0,0,48,23,6,41,0,0,27,0,0,58,0,0,0,0,6,42,0,0,0,0,0,0,53,0,0,0,0,0,0,0
57,0,0,39,0,15,13,0,0,0,35,0,0,0,17,0,0,0,0,0,0,0,0,0,0,62,0,0,31,0,0,0,0,39,0,0,0,20,0,0,0,0,54,57,36,0,0,0,32,0,53,0,0,0,0,0,17,0,46,0,0,0,0,0,0,0,9,0,0,0,0,0,0,0,0,11,0,47,0,0,0,0,44,0,21,0,0,0,40,0,0,0,0,14,0,0,12,43,0,0,0,0,0,51,0,0,0,0,0,22,0,0,13,0,10,9,0,0,57,0,0,0,25,0,0,0,0,0,0,41,42,0,0,14,0,0,0,0,5,0,0,0,0,0,0,0,0,0,34,0
58,0,9,0,0,0,17,0,0,0,30,0,0,25,0,0,0,0,0,0,0,0,0,0,0,0,28,0,0,0,0,0,0,0,12,0,47,0,0,0,33,0,0,0,0,0,0,13,0,0,0,25,58,0,0,0,0,0,0,0,62,17,0,39,0,0,20,0,0,0,0,11,0,0,32,0,0,0,56,22,0,0,56,0,0,0,0,0,0,41,0,0,0,0,16,0,0,0,0,0,0,1,0,0,0,0,0,0,54,0,34,0,0,0,0,0,0,12,34,0,10,0,0,0,9,0,0,0,0,0,0,0,58,0,0,0,0,0,0,0,0,0,0,42,0,0,0,0,0,0
5,0,0,0,50,51,0,0,0,0,0,0,16,0,0,0,0,0,0,14,29,0,0,0,0,0,11,0,0,0,0,0,0,0,0,0,0,0,0,0,40,0,0,0,0,0,0,0,0,0,0,0,0,0,0,56,0,0,52,0,44,0,0,0,0,29,0,0,0,0,0,0,0,50,0,0,0,0,29,0,41,0,26,0,0,0,0,0,0,0,0,0,0,0,0,21,9,0,0,0,0,0,0,0,0,0,0,0,19,13,0,0,0,0,48,0,0,43,33,0,0,0,0,0,0,0,0,0,0,0,0,0,0,16,0,0,0,0,0,0,0,0,2,0,0,0,0,11,0,0
0,0,0,0,0,0,42,5,8,0,0,5,0,0,48,0,0,0,0,0,0,17,30,49,8,0,20,43,0,0,0,44,0,0,0,0,0,0,33,0,0,0,0,9,0,0,40,0,0,0,0,0,0,0,5,0,0,0,0,0,0,0,0,0,0,0,38,22,0,8,0,0,0,0,0,0,0,0,0,0,0,0,44,0,0,0,56,0,0,0,2,0,31,0,24,33,0,6,0,0,25,52,0,0,0,0,0,0,54,0,41,0,0,0,24,0,0,40,0,0,0,48,0,0,0,61,0,6,47,0,0,32,0,5,16,0,0,0,51,2,0,0,37,22,20,0,11,0,0,0
0,54,0,38,0,0,60,11,0,0,57,0,14,33,0,55,0,0,0,0,55,30,0,0,0,44,0,0,0,0,10,0,0,0,0,0,0,43,0,0,0,0,0,0,0,0,0,0,0,0,0,53,0,0,40,28,54,10,0,25,0,0,9,0,21,50,0,0,0,1,2,0,0,0,0,0,0,0,3,0,0,0,0,0,0,0,0,0,0,0,0,0,0,0,43,0,31,0,0,0,0,0,0,0,0,0,56,0,27,4,0,0,0,48,0,0,0,0,0,0,0,6,0,0,0,0,55,19,0,0,0,0,0,0,0,0,6,0,0,0,7,0,0,0,0,0,0,0,0,0
0,37,0,0,0,0,0,0,0,0,0,0,0,0,0,0,17,0,0,0,5,0,0,0,0,0,0,0,45,0,0,0,0,0,23,0,25,34,0,62,52,0,0,0,27,58,5,0,0,0,0,0,0,0,0,0,0,0,0,9,0,0,43,0,0,27,0,45,0,0,0,0,16,0,5,0,49,0,0,0,0,18,0,17,0,0,2,0,0,0,0,0,0,0,35,0,0,0,0,3,0,0,0,16,0,0,6,0,0,0,14,0,20,0,0,0,0,15,0,1,0,0,0,29,0,0,0,0,0,0,0,0,8,0,35,18,0,0,0,0,11,0,0,0,22,0,0,19,0,40
0,56,0,0,0,0,42,0,0,0,0,0,0,0,0,61,0,0,0,0,0,0,0,9,0,0,56,0,0,0,0,0,0,18,0,0,24,0,0,0,0,0,0,0,0,0,48,0,0,0,0,0,38,0,0,0,0,0,0,0,0,50,0,0,0,62,0,0,0,0,0,0,0,0,22,0,57,0,0,0,0,0,0,36,0,0,0,0,0,0,0,0,0,0,0,0,0,0,0,0,55,0,25,0,0,0,33,0,0,0,8,21,0,0,28,0,0,0,0,0,0,0,42,0,0,0,3,0,0,0,0,0,0,0,0,0,36,47,0,0,19,19,0,12,0,38,0,0,0,0
0,0,0,0,0,1,0,0,10,27,0,0,2,21,0,0,0,0,0,0,28,0,0,0,0,0,0,24,0,0,0,0,0,45,0,0,0,62,0,0,61,0,0,0,57,15,0,15,0,0,24,0,0,0,0,0,0,35,0,7,44,0,0,0,0,0,0,0,0,0,47,44,58,45,0,0,0,0,0,0,0,0,0,53,0,0,0,0,37,0,0,0,50,0,0,0,0,0,61,0,44,0,21,0,0,0,0,48,0,0,0,0,11,6,0,0,0,0,32,0,0,0,0,0,0,0,0,0,0,0,39,51,0,33,0,0,0,0,0,0,49,0,16,0,0,0,0,0,0,0
16,0,0,0,0,0,0,0,0,57,0,0,0,0,14,0,0,0,0,0,0,0,46,41,0,0,18,35,0,0,0,0,0,0,0,0,0,0,43,0,0,27,0,0,0,43,0,24,0,0,0,0,0,0,10,29,5,0,0,0,59,0,55,16,0,0,0,0,30,11,0,0,0,0,0,0,0,0,10,0,0,34,0,51,0,0,41,46,2,0,0,0,24,0,0,0,0,0,0,29,0,0,8,0,0,35,24,0,34,0,0,18,43,0,0,0,48,0,0,0,0,0,0,0,0,0,0,0,0,0,58,52,0,0,0,0,55,0,45,8,0,0,0,0,0,0,0,0,0,50
0,0,22,0,14,0,26,0,0,0,0,0,0,0,0,0,0,55,0,23,0,0,0,0,0,0,0,53,0,0,0,0,49,5,0,0,0,0,0,0,0,0,0,0,0,33,0,0,0,0,0,8,0,0,0,0,0,38,59,0,12,0,0,0,34,29,0,0,34,0,0,0,0,0,0,0,41,0,36,0,0,0,47,0,0,0,0,0,21,56,0,0,0,0,0,0,10,0,0,0,0,0,0,0,0,0,0,17,0,0,0,11,0,0,3,0,0,0,0,0,0,0,0,0,44,0,53,0,0,0,0,0,0,0,0,0,49,0,46,0,0,0,0,0,0,0,0,0,50,22
0,30,0,0,0,0,0,34,10,0,0,0,0,0,52,0,26,0,0,0,0,0,0,0,25,0,0,0,0,36,0,44,0,12,0,43,7,13,0,0,0,0,0,0,0,0,0,0,0,0,0,0,0,0,0,0,0,0,0,0,0,0,0,0,0,17,28,0,8,28,0,29,32,47,0,23,0,0,0,0,51,0,0,0,0,0,0,0,0,0,0,0,0,0,9,0,0,48,0,0,0,0,0,0,0,11,0,0,40,59,7,0,0,0,0,0,51,0,14,0,0,30,0,0,0,0,48,0,28,29,58,0,0,0,0,5,0,0,0,14,0,0,0,6,0,0,0,0,0,0
1,52,0,0,0,0,0,0,0,0,2,5,0,47,0,0,46,0,36,0,0,0,39,0,0,0,0,0,0,0,0,0,0,0,50,0,35,8,0,9,29,0,0,22,0,0,0,19,0,0,0,0,0,0,0,2,39,35,0,0,0,0,0,0,0,0,0,0,0,0,51,0,0,0,0,0,0,15,0,0,0,0,58,0,0,0,0,0,0,0,0,0,0,0,0,0,40,0,49,0,46,0,0,16,0,0,34,19,0,0,0,0,0,0,0,0,0,0,21,0,0,37,0,56,0,0,0,0,0,0,0,0,0,0,0,15,0,0,0,0,0,12,48,0,0,0,0,0,5,0
4,0,0,0,0,0,0,22,0,0,0,48,0,49,0,0,0,0,0,0,0,0,28,0,38,47,0,0,0,18,0,0,0,0,0,31,0,0,0,0,0,0,0,13,0,0,0,0,0,0,0,0,0,0,0,0,0,0,11,25,0,0,0,49,28,0,0,0,0,0,0,0,0,0,0,0,0,0,0,0,0,56,0,0,12,0,0,0,30,0,0,0,48,0,17,0,5,13,0,4,55,51,0,0,0,32,0,0,0,5,0,0,0,0,0,0,17,0,18,0,0,52,0,0,0,0,0,51,0,0,0,0,0,0,0,0,0,6,45,0,0,50,0,0,0,26,0,0,0,47
0,62,0,0,0,0,51,0,0,0,0,55,0,0,0,5,0,0,0,46,0,55,0,0,0,39,0,0,0,57,0,0,0,0,0,0,16,4,0,7,2,22,0,26,0,0,45,0,2,9,0,0,0,0,0,0,0,0,0,0,0,60,0,0,38,0,0,15,0,0,21,0,0,0,0,0,0,0,0,0,0,0,0,38,0,0,12,21,0,0,44,0,0,9,0,0,0,0,0,0,0,0,0,0,55,9,0,0,0,0,0,0,7,62,2,0,18,61,33,0,0,0,0,0,0,54,0,0,0,0,0,0,0,0,50,0,13,54,0,50,0,0,19,0,0,0,0,0,0,29
0,0,32,0,0,0,0,0,0,30,0,7,0,0,0,0,0,0,0,0,0,54,0,57,0,0,0,0,6,0,0,0,0,16,0,4,0,0,2,0,0,0,0,0,0,35,0,58,22,0,0,0,60,0,3,0,15,0,0,0,0,0,0,0,62,0,0,0,0,8,0,0,0,26,0,0,0,0,27,0,0,0,0,0,0,0,0,0,30,0,6,6,49,0,0,0,0,0,0,0,0,0,47,0,0,17,61,25,0,0,51,0,0,0,0,0,5,0,53,0,0,0,10,29,0,0,0,0,0,0,25,0,19,0,0,0,53,0,0,0,17,0,0,0,0,34,0,41,0,0
1,0,10,46,0,45,0,62,30,0,0,0,0,0,0,0,0,62,0,0,0,9,0,0,0,0,36,0,0,0,0,0,0,49,45,0,1,0,0,0,60,0,0,0,0,0,0,0,59,0,61,0,0,0,0,0,54,41,0,0,61,0,43,0,0,0,0,0,0,0,0,55,0,4,52,42,62,0,0,0,29,0,0,0,0,52,0,0,0,0,0,0,0,0,0,0,0,0,0,0,16,0,0,0,0,0,0,0,42,41,4,0,0,0,0,48,31,51,54,0,0,0,0,0,0,56,0,0,0,49,58,0,0,0,0,0,36,0,50,0,51,0,0,0,0,16,61,0,0,0
0,0,0,0,55,55,2,0,0,0,0,0,0,51,16,0,0,0,0,13,27,0,0,16,0,6,0,0,0,0,0,0,27,0,0,0,0,0,0,0,52,0,0,0,0,43,0,0,0,0,0,0,24,0,0,0,39,0,0,0,0,18,37,0,49,0,0,0,19,0,0,18,0,0,0,0,7,0,0,34,48,0,5,0,0,0,0,0,39,0,0,0,0,0,0,0,0,0,0,0,0,0,0,0,0,0,0,0,46,0,0,56,0,25,0,16,0,0,0,0,22,0,0,0,0,0,0,0,0,39,0,0,0,22,31,39,24,18,11,0,0,0,0,0,0,3,0,48,0,0
0,0,0,0,0,30,0,0,41,0,0,0,0,0,0,0,0,0,0,0,59,0,0,0,0,0,0,0,0,0,0,0,0,0,0,0,23,0,4,0,0,0,0,10,14,0,0,43,43,0,0,0,20,0,0,28,0,4,0,30,0,0,55,21,0,0,11,22,0,0,0,2,0,10,0,0,0,0,38,15,0,0,0,0,0,0,45,0,0,0,0,0,0,0,0,42,0,0,0,60,0,0,0,0,0,0,0,0,23,0,0,0,0,0,0,31,0,40,0,0,0,51,0,0,0,0,0,0,0,0,0,0,0,28,10,0,0,0,0,57,0,3,0,7,0,0,0,0,0,22
0,0,0,0,19,0,0,0,56,0,25,0,0,0,0,16,0,17,10,0,0,0,0,48,58,0,0,0,0,0,0,34,23,0,52,19,12,56,0,25,0,0,0,0,33,0,0,0,0,0,0,5,0,0,52,0,0,0,0,29,0,0,0,0,43,26,39,0,0,0,55,0,0,0,0,0,0,0,0,0,0,0,0,0,0,0,13,0,56,0,0,0,0,0,0,0,0,0,0,0,12,0,0,0,0,0,25,0,0,0,0,50,0,0,0,0,0,0,36,0,0,6,0,0,0,18,0,0,8,5,55,0,55,0,0,0,0,43,35,24,0,6,0,0,0,0,0,0,41,0
0,0,0,0,0,0,0,43,0,0,0,0,0,0,0,0,49,20,0,0,0,0,0,0,0,20,0,0,0,0,0,0,19,0,28,0,0,0,0,18,0,0,0,0,0,20,4,0,0,0,0,12,0,0,0,0,60,33,0,0,0,0,12,0,0,0,0,0,0,33,10,28,0,0,0,0,57,0,0,0,11,46,0,0,0,36,0,0,0,0,10,38,0,41,42,0,0,33,20,0,0,0,0,0,0,0,0,57,0,0,0,0,0,0,0,0,0,0,27,49,0,0,0,0,0,0,0,0,0,34,0,30,0,0,0,0,2,0,18,0,0,34,62,22,39,0,0,0,0,0
0,0,0,0,40,54,0,0,0,0,61,0,0,0,34,0,0,0,21,1,0,19,0,0,0,0,0,0,0,60,0,14,0,0,0,0,0,0,0,1,0,0,0,4,0,0,0,38,0,0,0,0,0,0,0,0,60,0,0,0,0,0,57,43,55,39,60,0,0,62,0,0,15,13,0,0,0,0,0,0,0,0,0,0,0,0,2,49,0,4,0,0,0,37,0,23,0,0,0,63,61,0,18,0,0,17,0,0,0,0,0,0,0,0,41,0,43,16,3,0,0,0,0,0,0,59,0,16,55,0,0,0,0,0,0,0,0,61,0,12,30,0,0,0,44,0,0,0,0,0
55,0,0,0,0,0,57,0,55,0,0,0,0,0,47,0,46,0,0,0,52,0,0,0,0,0,0,0,0,0,47,0,0,37,0,17,0,0,0,11,0,0,0,0,0,52,0,0,0,0,0,56,0,0,0,0,0,51,0,0,0,0,0,0,0,0,42,0,8,61,27,0,0,0,0,0,0,0,32,0,0,0,41,0,0,0,39,0,0,0,0,0,0,51,29,0,0,0,0,31,0,24,0,11,0,0,0,0,0,0,0,4,0,0,0,0,0,0,0,53,46,0,28,0,0,0,0,0,0,0,27,0,0,0,0,3,0,18,0,0,0,2,0,1,0,10,61,53,3,0
0,0,0,0,0,0,16,0,0,22,0,0,0,0,0,0,0,56,0,0,21,55,0,0,0,0,0,0,0,63,0,0,45,0,47,0,0,0,0,0,0,56,0,0,0,0,0,0,0,0,0,0,0,9,0,33,0,16,0,44,0,0,0,29,0,0,0,60,8,0,0,0,0,0,0,37,0,0,16,0,20,0,0,0,36,9,0,5,0,0,0,60,0,50,8,0,50,0,0,0,0,0,0,39,0,0,53,0,0,0,0,0,54,0,0,0,0,14,0,23,53,23,0,0,17,0,0,0,0,0,61,0,0,54,0,0,0,0,0,0,0,0,33,50,0,37,62,0,44,0
37,0,0,45,14,0,10,0,0,0,0,3,0,0,0,12,23,0,52,0,60,0,0,0,27,0,0,0,0,0,0,10,0,0,0,0,15,0,0,37,0,0,0,52,0,0,0,0,0,0,0,0,0,0,21,0,0,0,0,20,0,0,0,0,50,0,0,0,0,0,0,0,0,0,28,0,0,0,13,0,0,0,0,0,0,0,0,0,0,0,0,0,0,0,0,0,0,0,0,0,0,0,50,0,0,58,0,0,0,12,0,0,43,19,0,0,0,0,13,0,20,0,0,0,0,40,0,10,0,0,26,0,0,20,0,0,0,0,0,0,0,0,0,0,4,0,0,26,0,0
45,0,0,0,10,0,0,0,0,0,28,0,0,0,0,0,0,0,0,0,35,0,0,0,48,0,0,0,0,0,0,0,36,0,49,5,0,0,0,0,0,0,0,0,0,0,0,0,0,0,0,22,0,0,0,0,0,61,0,0,0,0,54,27,0,0,0,0,30,0,0,0,0,0,29,0,0,0,0,0,0,0,0,59,0,0,0,0,44,28,0,0,0,16,0,0,39,0,0,0,0,0,0,56,0,0,0,0,2,0,53,0,0,0,0,0,0,0,0,0,0,0,0,0,0,4,0,0,0,0,0,0,0,0,53,0,0,0,16,0,32,0,0,0,0,0,0,0,0,31
0,0,0,0,38,0,0,55,0,0,0,0,0,46,6,0,0,4,18,0,24,0,0,32,49,0,63,0,0,0,23,34,47,0,0,0,0,30,0,0,39,0,0,0,34,0,0,0,0,0,0,11,0,0,0,19,0,0,0,35,49,0,0,0,0,0,0,8,52,0,20,0,0,22,0,0,0,55,0,0,0,0,0,0,0,0,0,0,51,29,58,0,0,0,26,0,0,46,0,4,0,0,0,0,0,21,14,0,46,29,0,0,33,0,9,0,0,46,0,0,29,6,0,0,0,0,0,20,0,36,0,7,0,0,0,0,0,34,0,5,0,33,0,0,0,0,4,0,9,50
0,38,0,14,0,0,59,0,0,43,0,0,0,0,0,0,0,0,0,0,0,0,0,5,0,0,0,0,0,63,0,63,0,0,3,29,0,0,38,0,0,13,0,0,0,0,0,60,0,0,55,0,12,45,0,0,0,35,0,0,0,0,0,0,52,0,0,43,50,0,0,0,0,0,0,0,57,0,0,51,0,34,0,0,0,0,0,0,0,41,53,0,0,0,42,0,0,0,33,0,0,0,18,0,0,0,0,47,0,0,0,0,48,59,0,0,0,10,0,6,55,37,0,0,0,0,0,0,0,0,0,0,0,0,50,0,0,4,0,0,37,0,0,0,0,0,0,0,5,38
18,0,2,0,0,0,0,0,0,0,0,0,0,0,28,7,0,39,0,0,34,0,0,0,0,8,0,0,6,0,0,0,0,0,8,0,0,0,55,0,0,17,0,23,0,0,0,0,0,0,0,0,0,0,0,0,0,0,0,0,0,0,0,57,0,0,0,0,0,0,18,0,0,0,0,24,0,0,0,0,0,2,0,0,20,53,0,0,0,0,0,0,0,0,31,0,0,0,0,0,0,0,2,0,0,0,0,0,0,0,0,0,9,18,0,0,0,0,51,0,0,0,36,0,0,0,9,0,24,0,0,0,0,0,0,0,0,0,0,0,0,0,0,0,0,0,0,53,0,0
0,0,0,0,0,0,0,0,0,0,0,0,0,0,0,38,37,0,0,0,0,28,0,44,56,0,0,0,0,0,0,0,0,0,0,22,0,0,0,5,58,0,0,0,0,0,0,0,0,15,0,0,42,0,0,0,0,0,0,0,0,0,18,0,0,0,57,0,0,55,0,5,0,29,0,58,36,0,0,0,58,33,0,0,0,0,0,0,0,0,0,0,0,0,0,0,54,43,0,0,0,0,0,15,22,0,9,18,0,0,0,0,62,0,0,34,23,0,0,0,0,0,46,0,0,0,0,0,0,11,0,0,0,0,0,0,0,49,0,0,0,0,0,0,25,58,0,0,0,0
0,0,0,43,0,0,0,0,0,0,35,0,46,9,0,0,0,0,8,14,10,0,0,43,0,0,0,0,0,0,46,0,0,0,60,0,18,0,0,0,26,8,13,0,0,0,31,0,0,0,0,0,0,0,0,0,0,0,62,0,0,0,0,0,0,0,0,0,0,0,0,0,56,0,0,10,0,0,0,0,0,0,0,0,2,6,0,0,0,0,0,0,0,0,0,0,0,0,0,0,16,0,10,0,3,0,0,0,6,0,0,0,36,0,0,0,0,47,0,0,0,4,0,0,0,0,11,0,0,0,0,14,0,0,42,0,0,56,0,0,0,0,0,62,31,42,0,0,0,0
0,0,0,0,0,0,55,0,0,41,9,0,0,31,0,0,0,32,0,0,0,0,0,20,0,4,0,0,0,0,48,0,0,0,0,0,0,0,29,0,0,44,0,52,0,0,0,0,42,0,0,0,0,33,0,0,0,19,0,0,31,0,34,0,14,0,0,0,0,0,0,0,0,0,0,0,0,0,0,25,0,60,35,0,0,51,0,0,0,0,57,49,56,0,0,0,0,38,0,0,0,0,0,0,39,0,0,0,47,0,0,0,0,0,0,47,47,0,0,0,0,62,0,0,0,0,0,33,0,42,0,0,0,0,0,0,0,0,8,0,0,0,0,0,0,0,0,0,41,22
0,0,0,0,0,0,0,0,49,0,41,7,0,0,0,0,0,26,0,0,0,0,0,0,59,0,0,0,0,0,0,0,0,0,0,0,0,0,0,0,0,0,0,0,0,0,0,0,0,46,0,0,0,0,0,0,0,0,0,0,0,0,19,14,36,12,0,58,0,0,0,55,0,18,0,3,4,0,0,45,0,0,0,0,0,0,0,0,5,0,28,0,0,0,1,0,0,0,0,0,51,0,0,0,19,55,0,0,0,0,0,0,0,0,0,0,0,0,24,0,0,0,0,0,0,0,0,0,0,0,0,0,0,0,0,0,0,0,0,45,0,0,0,0,0,0,0,0,49,0
0,0,0,0,0,0,59,0,0,45,0,58,0,0,0,42,0,0,0,0,0,0,0,8,0,0,6,55,0,0,0,0,0,0,0,0,0,0,0,0,47,62,0,16,52,0,0,38,28,8,0,2,0,0,0,0,20,40,0,32,18,0,0,0,0,0,0,0,0,0,0,53,0,0,0,0,0,0,0,33,0,8,54,31,0,0,8,0,24,28,0,3,0,0,0,0,12,10,0,0,0,16,4,0,36,0,17,0,0,17,0,0,57,62,0,0,0,0,11,0,0,60,0,0,0,0,0,1,41,0,60,9,36,0,0,0,14,52,0,0,10,0,46,0,0,0,0,0,0,5
46,31,43,0,0,0,0,36,0,0,0,0,0,0,0,0,0,0,0,0,36,0,0,0,0,0,33,0,0,0,33,0,37,0,0,0,0,0,0,10,3,0,12,0,0,0,0,18,49,0,0,0,0,0,0,0,0,0,0,0,0,0,0,0,0,0,0,0,57,57,0,0,0,44,0,0,0,0,0,1,0,0,60,0,0,0,0,0,0,0,0,0,0,0,0,0,0,22,0,19,0,0,0,4,0,33,45,0,0,0,0,0,0,0,0,0,15,0,48,0,0,0,0,2,6,0,0,0,0,0,0,0,0,0,0,0,0,0,0,0,0,11,0,0,0,0,0,0,0,0
0,44,0,32,0,0,0,0,0,0,8,0,61,43,0,23,0,0,0,0,0,51,0,0,0,0,0,0,0,0,0,0,0,36,0,0,0,0,29,0,8,0,0,0,0,0,0,0,41,0,0,0,0,0,0,50,0,12,0,0,45,0,46,0,0,0,0,0,0,0,0,2,0,0,38,0,0,0,0,0,0,0,0,16,0,0,0,0,53,0,0,50,0,13,0,0,0,0,0,0,0,38,13,0,0,0,0,0,0,0,13,0,0,0,0,0,0,25,0,0,6,49,0,0,0,8,0,0,56,0,0,0,0,0,0,0,0,0,0,0,0,0,0,0,0,0,0,19,0,0
0,0,0,0,0,47,0,0,0,27,4,45,17,0,0,35,0,0,0,0,0,0,11,0,0,28,0,0,0,0,21,42,0,0,0,0,8,0,0,0,0,57,0,0,0,52,0,0,60,0,0,0,0,0,0,56,0,0,0,0,0,0,0,0,0,0,14,0,0,0,0,0,13,30,0,0,10,0,0,0,0,0,0,0,0,0,0,0,0,0,0,0,0,0,0,0,0,0,0,0,0,0,0,0,0,58,0,0,0,0,0,31,27,0,62,24,0,7,7,18,0,50,0,0,0,0,0,0,0,0,0,23,15,0,55,0,0,0,0,55,0,0,0,0,0,62,0,0,10,0
0,0,0,0,0,1,0,0,0,0,45,63,0,0,0,42,0,0,10,0,0,34,0,0,0,0,0,62,0,0,0,8,0,35,0,12,0,62,0,0,0,0,0,0,55,0,0,12,23,0,0,0,0,0,27,0,0,0,0,0,0,59,18,0,0,0,0,0,0,0,0,0,0,0,0,0,0,43,32,0,0,24,0,31,0,0,0,44,35,15,45,0,0,0,0,0,0,0,0,0,0,0,39,0,0,0,0,6,0,0,44,0,0,0,33,0,58,0,0,0,0,5,0,47,5,0,0,45,34,32,0,0,0,0,0,0,0,0,0,0,0,36,0,34,0,0,0,0,31,0
0,48,0,0,4,23,0,0,0,0,0,0,0,0,0,18,39,17,0,0,0,19,0,0,20,0,0,0,0,0,0,22,0,0,0,15,61,34,15,0,22,0,0,0,0,0,13,0,0,11,5,0,34,0,52,0,0,0,13,0,0,0,6,56,0,0,0,18,0,0,0,0,0,0,0,0,0,0,0,0,57,0,0,0,0,0,0,0,0,0,0,12,0,0,12,25,0,0,0,0,0,0,0,0,0,0,0,37,0,2,0,0,0,0,0,0,0,46,0,36,0,0,0,0,0,0,0,29,0,0,0,0,0,46,4,0,0,0,0,0,37,0,0,0,54,35,0,0,0,0
0,0,0,0,0,0,22,0,56,23,0,0,0,0,0,0,47,0,0,0,0,0,0,0,0,0,2,0,27,20,0,0,0,0,0,59,0,0,0,0,0,38,3,0,0,0,0,0,0,60,0,51,0,0,0,0,0,0,0,0,0,50,0,4,0,16,0,0,0,7,1,0,12,0,22,0,0,0,0,0,0,0,0,0,0,0,0,0,0,0,0,0,0,43,0,0,0,0,0,0,0,0,25,0,0,51,0,57,0,0,38,0,37,13,0,53,0,0,0,0,0,0,0,0,0,41,0,56,34,5,0,42,0,0,0,0,0,0,21,0,0,0,0,0,0,0,0,0,36,0
0,0,0,37,0,0,0,0,0,0,28,7,43,0,0,60,0,0,0,0,0,41,0,0,19,0,0,0,46,6,0,0,0,0,0,0,14,0,0,0,0,0,0,24,48,44,0,26,0,0,0,49,0,0,0,40,0,0,0,0,26,0,0,4,0,0,0,0,0,0,58,0,0,0,0,0,0,19,43,58,0,35,14,0,0,57,0,54,0,0,0,0,0,0,0,0,0,0,0,42,43,6,0,0,0,52,0,0,0,19,0,0,0,0,0,0,61,0,54,4,13,0,12,0,0,0,2,0,6,0,0,0,0,0,0,35,42,0,0,27,0,0,0,0,0,0,50,0,0,0
32,0,0,0,0,0,38,1,0,0,47,0,0,0,0,8,0,25,0,0,0,19,42,0,0,0,0,32,0,39,0,0,0,0,0,0,0,0,4,31,0,0,39,0,0,0,0,32,0,0,0,7,0,48,0,0,0,0,0,30,0,52,0,0,0,0,7,0,0,0,0,0,0,0,0,0,0,0,0,53,3,0,0,0,0,0,55,62,0,59,0,0,7,0,0,0,0,0,0,0,58,0,11,0,22,0,0,0,0,0,9,0,0,0,0,20,0,48,46,0,0,0,0,23,3,0,42,0,0,0,0,0,0,31,0,60,15,0,0,0,0,0,0,51,0,0,9,0,0,23
62,0,0,0,63,39,0,0,0,0,58,0,0,0,32,0,0,46,10,12,0,0,28,0,0,15,1,0,0,0,0,0,39,17,8,0,0,43,0,0,0,59,0,0,58,0,0,0,8,17,10,0,0,0,0,19,0,0,0,0,0,0,0,0,0,0,0,21,0,0,0,0,0,0,0,23,0,0,0,0,0,0,26,0,0,23,0,14,0,0,7,0,0,0,0,0,0,54,0,0,54,0,0,0,0,0,0,41,0,17,0,0,0,0,0,0,0,0,40,0,39,58,0,46,0,0,0,0,0,20,0,0,0,0,0,50,0,0,50,0,33,0,0,17,0,0,0,0,0,0
28,0,0,0,0,0,0,0,0,0,0,0,0,0,58,0,0,34,41,0,46,0,0,31,0,0,0,0,19,0,0,0,0,0,0,56,13,2,0,0,0,56,0,15,0,0,0,37,0,0,39,0,52,0,21,0,0,48,0,0,0,0,0,0,0,0,0,0,0,0,0,0,0,0,0,0,29,0,0,0,0,0,0,14,0,14,24,0,0,0,0,31,0,61,0,25,0,0,51,0,0,0,53,0,0,0,0,0,55,0,0,0,26,0,0,0,0,0,15,0,0,0,0,0,0,38,0,0,0,16,0,0,0,0,31,0,0,46,0,6,0,0,0,0,0,16,45,0,13,0
0,0,3,0,0,36,0,0,0,0,4,0,16,47,0,0,0,1,0,27,0,20,0,0,17,0,0,0,0,29,0,52,0,0,63,0,0,0,0,0,0,0,0,0,0,0,0,0,0,30,0,0,0,0,0,0,0,0,0,0,0,28,61,0,0,0,0,0,5,0,0,0,0,0,1,0,0,0,0,0,0,0,0,0,0,39,0,0,10,0,49,0,0,0,0,0,0,0,0,0,0,24,0,0,0,0,0,0,0,0,52,0,0,0,0,0,46,0,0,0,0,0,0,0,0,0,0,47,19,0,0,0,0,8,0,0,0,0,0,23,0,32,53,0,0,0,0,0,0,0
0,0,0,0,0,0,0,0,0,0,0,0,44,0,0,0,0,0,0,0,0,0,0,13,0,0,0,0,0,0,0,58,0,0,0,0,0,44,13,0,0,0,0,0,0,0,0,0,0,58,23,53,0,0,0,0,0,0,28,6,54,19,0,30,0,0,0,0,0,35,0,12,0,0,0,0,0,0,0,0,55,0,25,0,59,28,0,0,27,0,0,0,35,0,0,0,0,62,59,0,5,0,0,26,59,0,0,61,0,0,0,9,0,26,0,0,33,0,0,35,34,0,3,0,14,0,0,0,0,0,0,32,0,21,0,0,0,0,10,0,0,0,0,0,58,0,0,18,0,0
0,0,0,0,0,0,0,0,0,0,0,0,0,0,0,0,17,0,0,0,0,0,0,0,0,0,22,0,0,0,46,36,0,0,14,0,0,51,0,0,0,0,0,0,0,0,0,0,0,0,0,0,0,0,0,0,0,0,0,0,0,0,0,0,0,58,0,0,0,0,6,51,0,0,0,0,0,0,0,0,0,0,0,37,0,0,0,0,40,0,0,0,0,0,0,0,0,0,0,0,3,0,3,0,0,0,0,0,0,0,0,10,0,0,0,31,0,0,0,0,0,0,0,11,0,4,9,0,0,0,0,0,52,0,0,0,0,56,13,0,5,8,0,0,0,8,47,0,0,0
0,0,0,0,0,14,0,0,0,0,0,0,0,0,0,0,0,0,0,0,0,0,0,0,0,0,0,0,0,0,61,0,8,0,17,0,0,0,0,27,0,0,0,0,0,31,0,0,0,0,0,0,0,0,0,0,62,0,46,0,33,0,5,0,0,0,24,39,0,0,0,0,61,0,0,30,0,0,48,0,0,0,6,0,0,0,25,0,0,0,0,0,5,0,0,0,0,0,0,0,0,0,32,0,0,22,0,0,0,0,0,10,0,0,0,50,43,0,0,0,0,55,0,0,0,3,0,49,0,0,0,0,0,0,50,0,0,0,29,2,0,0,0,41,0,7,45,0,15,0
38,0,0,0,0,0,0,59,0,20,0,0,0,0,0,0,0,0,8,59,0,0,0,0,0,35,0,0,0,0,0,0,0,0,0,0,0,0,39,61,0,0,0,0,14,0,0,0,38,46,9,61,0,0,0,0,0,0,24,0,0,0,0,0,19,56,0,0,23,0,0,0,0,0,0,0,0,0,0,0,0,0,0,0,0,0,0,4,0,0,0,0,0,0,0,0,53,0,34,16,0,44,0,0,0,0,0,0,0,0,0,4,36,22,1,0,0,0,0,19,0,0,0,0,23,0,0,57,0,0,0,0,9,0,0,2,44,0,36,0,0,0,0,0,0,0,0,0,17,0
0,0,0,24,0,10,0,13,0,0,0,0,0,22,11,0,0,0,10,0,0,0,0,16,0,0,0,0,0,0,0,13,0,0,12,0,0,0,0,0,30,0,0,0,0,0,35,0,0,0,0,0,0,0,1,58,0,0,0,0,0,0,0,0,0,0,0,0,54,0,0,0,0,0,0,33,0,11,0,0,0,0,0,0,27,0,52,21,0,0,0,0,0,0,0,0,0,27,0,0,53,0,0,0,0,0,0,20,0,0,0,0,0,0,0,31,0,0,0,0,0,0,0,0,0,0,0,0,0,0,52,0,0,0,0,0,0,28,0,17,0,0,0,7,0,0,46,0,0,0
44,61,0,0,0,48,0,0,0,3,26,0,0,55,0,0,0,50,54,0,31,30,0,0,0,2,0,19,0,50,42,0,0,0,0,0,0,0,0,0,59,21,0,0,0,0,50,0,0,43,0,0,0,0,44,0,0,23,0,0,0,0,0,0,0,4,0,0,0,0,7,0,0,59,0,60,0,0,0,46,0,0,0,0,0,0,0,0,0,61,0,0,0,0,0,0,0,0,0,0,0,27,0,0,0,0,0,59,0,37,63,0,0,45,53,0,0,0,0,55,0,0,42,47,0,0,27,63,0,0,0,0,14,0,0,0,0,0,0,0,61,0,0,0,55,0,0,0,0,0
0,0,0,0,0,38,0,0,0,0,0,0,0,0,0,0,0,0,0,0,5,0,0,0,0,0,0,26,0,0,0,53,0,0,0,0,0,0,0,39,10,14,0,0,0,0,39,0,0,21,0,0,4,60,0,0,56,0,0,0,0,0,0,0,51,24,0,36,1,0,0,43,0,0,0,0,60,0,0,0,0,0,0,0,0,59,0,0,0,0,0,0,38,0,24,0,0,0,0,23,0,0,23,0,0,30,0,36,0,0,42,0,0,0,0,0,16,0,0,0,0,30,0,0,0,0,51,0,0,0,0,11,0,40,18,0,0,12,0,18,0,43,0,0,0,0,0,0,0,0
0,0,27,0,27,0,0,0,0,0,7,0,5,0,29,0,60,0,0,0,0,29,4,0,0,0,11,0,0,0,0,50,0,0,43,0,0,34,0,8,0,0,0,41,0,0,0,50,41,0,0,24,0,0,0,0,0,0,0,0,0,0,0,0,36,29,6,0,12,0,0,0,0,0,4,0,0,0,0,0,14,8,0,17,11,0,0,30,0,0,0,0,37,0,0,0,0,0,0,0,0,0,0,0,0,0,0,0,0,0,0,0,0,34,43,49,0,0,0,5,22,0,0,0,0,21,0,0,0,0,0,0,24,38,0,14,0,0,0,0,0,62,0,45,0,0,0,55,0,0
21,58,0,0,0,0,62,0,30,0,0,32,0,0,0,0,0,1,24,0,48,0,0,0,41,0,0,51,41,0,24,0,0,0,62,32,27,0,0,23,0,0,0,0,34,0,21,0,0,0,0,0,36,0,0,0,0,57,50,0,0,0,0,0,62,0,58,0,19,0,0,0,0,0,0,0,0,0,0,0,31,0,0,0,0,0,53,0,57,59,0,0,0,0,0,0,0,0,0,1,6,0,6,0,0,0,54,25,60,0,0,0,0,0,59,30,0,0,41,45,0,3,0,0,0,0,0,0,0,0,0,0,0,0,0,0,0,0,50,0,0,1,0,0,0,0,0,0,0,0
0,28,0,0,7,0,0,0,0,0,0,0,0,0,0,44,0,0,13,0,0,0,0,0,0,0,35,0,0,0,0,6,0,0,0,0,0,0,0,0,18,42,0,0,23,0,0,0,0,0,8,0,0,0,47,0,0,0,46,0,0,0,0,54,0,0,20,0,0,0,0,19,0,0,0,0,0,0,0,0,0,0,0,0,0,0,0,0,0,0,0,0,0,0,0,0,0,11,0,11,0,0,0,0,0,0,0,0,0,0,0,0,0,27,40,0,0,0,19,57,0,5,0,0,41,0,0,34,0,0,0,0,0,0,0,5,0,0,59,0,0,0,32,0,61,41,0,0,0,4
0,21,0,0,0,32,11,0,0,0,0,0,0,0,0,0,13,0,0,0,0,0,0,0,0,0,0,0,45,0,51,0,41,0,0,0,0,0,0,0,32,0,0,0,0,0,0,0,0,0,0,0,0,0,0,0,0,0,0,49,0,0,0,0,0,0,15,0,0,0,0,0,45,0,0,0,0,0,61,0,0,0,0,0,0,0,0,9,0,0,0,0,0,0,0,0,16,0,3,0,0,0,13,37,39,41,57,0,0,35,0,0,0,0,0,0,0,17,33,0,0,0,0,58,0,18,0,0,0,0,0,0,0,0,0,0,31,36,0,59,0,55,53,0,49,0,0,0,0,36
0,0,0,8,0,0,0,0,0,0,51,35,0,0,0,0,0,0,0,0,0,0,0,16,0,0,0,28,53,0,0,0,0,43,0,21,1,0,0,3,17,0,0,0,0,0,51,0,0,0,0,0,51,0,0,54,0,0,0,0,0,0,0,0,51,0,0,0,28,0,0,0,0,0,51,0,0,0,0,18,42,0,0,0,0,0,0,0,0,0,0,18,36,0,7,0,0,0,0,15,0,29,0,22,0,0,0,0,0,0,2,0,0,58,0,0,0,0,10,0,22,0,0,0,0,0,0,0,0,0,0,0,0,0,56,43,61,0,0,28,0,0,0,0,0,0,0,0,0,0
0,0,59,8,0,0,0,54,36,0,0,20,31,0,1,0,0,0,0,0,0,56,0,0,9,35,0,0,41,33,0,0,0,0,0,0,0,0,0,0,0,0,0,0,28,0,0,0,0,0,40,0,0,5,0,0,0,0,0,40,0,0,0,0,32,0,0,0,0,0,34,0,0,0,44,0,0,0,0,0,0,52,0,0,0,26,0,0,0,53,0,0,0,42,0,0,36,29,6,0,0,48,33,0,0,0,0,0,0,0,0,7,0,0,0,0,30,0,0,0,0,2,0,23,28,0,0,0,39,0,35,35,0,17,43,0,40,0,0,45,0,0,59,0,29,0,0,31,0,0
0,0,0,0,22,0,25,0,0,52,34,0,0,0,0,35,0,0,0,0,0,24,62,0,15,0,0,0,0,0,0,0,0,9,0,0,0,0,32,0,0,0,0,0,0,0,19,0,0,0,0,0,0,0,0,0,30,0,0,3,0,0,0,0,34,0,7,0,0,8,45,27,0,0,50,0,0,0,0,0,22,0,0,0,0,0,19,0,27,0,0,0,39,0,51,0,0,0,0,0,0,0,0,0,5,22,0,0,39,0,41,0,41,0,5,0,0,60,0,0,0,0,0,0,0,11,0,0,0,0,0,0,0,0,8,0,0,40,0,29,0,0,42,0,0,59,0,0,0,0
0,0,0,0,0,0,0,0,0,0,0,2,0,0,0,26,26,53,17,0,0,0,41,0,0,57,0,0,0,0,20,14,0,0,0,0,0,0,0,0,0,48,0,0,29,0,0,0,0,0,0,0,0,0,30,0,0,0,16,0,22,33,35,0,5,33,27,0,61,0,0,0,0,0,0,0,0,0,28,14,0,0,0,52,0,6,0,0,0,0,0,0,0,56,0,0,0,0,0,0,0,0,0,0,0,0,0,0,0,0,0,0,0,0,0,0,0,0,34,49,0,21,0,0,0,0,0,60,0,0,24,0,0,0,0,0,10,38,7,0,0,0,0,32,0,0,0,0,0,0
0,41,0,0,0,0,0,0,0,0,0,0,12,0,0,0,0,0,33,0,0,37,0,0,0,0,0,0,0,0,0,29,18,0,23,0,57,47,0,12,45,0,0,9,0,0,0,0,0,0,5,12,0,0,0,37,19,0,0,37,0,20,0,0,0,0,0,56,0,0,46,0,38,0,0,0,40,0,0,37,0,0,0,0,0,0,0,0,0,14,0,0,0,0,0,0,21,0,0,0,0,0,0,7,0,0,61,0,27,0,0,0,0,34,0,0,0,0,61,0,0,0,2,0,0,0,0,34,0,0,56,28,13,0,0,0,0,0,0,0,0,53,0,28,0,0,0,0,0,0
0,0,0,40,0,0,0,0,0,35,0,0,28,0,0,37,0,0,0,0,0,0,0,0,0,0,16,0,18,0,0,42,0,4,0,11,42,0,0,0,0,0,0,12,0,0,48,0,0,0,42,0,0,0,35,0,0,0,19,5,0,0,0,0,0,0,0,0,0,0,0,0,0,45,0,38,0,0,15,0,0,0,0,0,0,0,0,0,0,0,60,0,0,29,6,0,0,0,0,0,0,0,0,0,0,0,34,0,0,0,14,0,0,0,25,0,0,47,0,17,0,0,0,31,0,26,0,27,0,0,0,0,0,31,0,36,28,0,23,51,0,0,0,0,5,17,0,0,16,49
25,46,29,58,0,0,0,0,0,0,0,0,19,0,0,0,48,0,0,39,0,0,0,0,0,0,0,0,0,19,0,0,0,0,0,0,0,0,0,0,0,0,0,50,0,0,53,0,18,14,0,0,0,0,0,51,12,0,0,0,0,0,0,0,0,44,0,0,0,0,3,0,0,0,0,0,0,0,0,0,9,0,0,0,0,0,0,0,35,0,0,0,0,0,0,39,48,5,0,33,0,0,0,0,0,59,0,0,0,0,0,0,35,0,0,0,3,0,0,0,5,0,0,0,0,0,0,0,0,0,0,0,0,0,0,53,46,0,4,50,36,20,0,0,0,3,0,14,47,49
0,48,0,0,0,0,0,0,0,3,0,30,0,0,0,0,47,55,0,25,59,0,0,0,0,0,33,0,0,0,0,0,0,0,0,0,0,0,48,56,0,61,0,0,0,0,0,0,0,0,17,0,25,0,0,0,0,0,0,6,7,0,0,0,8,0,0,40,0,6,0,0,0,0,0,0,16,0,0,0,0,0,36,58,0,0,16,0,40,63,0,41,0,0,0,0,0,0,0,0,0,0,0,0,0,22,0,0,0,0,31,0,0,0,0,0,0,0,0,0,52,0,0,0,0,28,0,0,46,0,0,52,0,0,0,0,27,0,0,0,0,29,0,43,0,0,0,0,0,0
40,0,36,0,0,0,0,0,20,6,0,0,48,0,0,0,0,56,0,0,43,0,0,0,0,0,0,0,14,0,0,0,0,0,46,0,0,0,21,0,11,18,0,0,20,0,62,10,0,0,43,0,0,14,0,46,0,57,7,0,38,0,0,0,0,0,46,0,0,0,0,0,0,0,0,0,0,0,0,11,0,0,0,0,0,0,0,0,0,0,0,0,0,0,46,0,0,0,0,0,44,13,0,0,0,0,0,0,0,47,0,44,0,10,0,0,5,0,61,53,0,0,0,0,0,0,0,0,62,0,0,0,0,51,0,0,0,0,0,15,49,0,0,0,0,57,56,0,0,0
0,0,0,0,0,0,0,0,0,8,0,0,0,58,0,0,0,0,46,50,0,0,0,0,0,0,0,0,0,0,0,0,0,0,0,49,0,9,0,0,0,0,0,0,0,25,0,0,0,0,0,53,0,34,61,24,16,0,0,0,62,0,0,0,0,0,0,31,62,0,0,0,0,51,38,3,0,55,0,0,0,2,0,15,0,0,0,0,0,27,0,0,0,0,0,0,13,0,0,0,0,0,10,0,0,0,0,0,0,0,0,0,0,0,59,0,0,0,0,11,0,0,0,33,0,0,0,58,0,0,1,14,0,0,0,0,0,0,36,0,0,0,0,0,0,0,29,0,0,36
0,0,0,0,0,57,0,0,30,0,0,60,0,21,0,0,0,0,0,0,0,57,0,0,0,0,0,55,0,0,0,0,0,0,0,0,0,0,0,0,0,0,0,0,0,44,0,32,0,0,0,0,0,0,0,37,55,0,0,0,0,0,56,0,9,0,0,0,0,0,0,0,0,0,0,49,0,0,0,0,0,0,0,0,16,0,0,0,0,0,0,0,0,0,0,0,0,0,0,33,0,0,0,0,0,0,0,0,0,0,0,0,0,6,0,27,0,0,0,0,0,0,59,0,0,0,0,0,0,15,0,0,0,63,0,0,0,0,15,0,0,0,0,0,47,0,0,0,25,0
2,0,0,0,0,15,0,0,30,0,0,0,0,0,0,0,0,0,0,0,0,46,50,0,0,0,0,0,60,0,0,0,0,50,0,0,44,0,0,22,0,0,4,34,0,0,0,0,0,4,61,0,0,12,2,0,0,0,0,0,0,0,0,0,30,17,0,28,0,0,47,0,0,0,0,0,0,0,0,24,0,25,0,46,28,40,0,0,0,57,0,0,0,54,52,0,0,0,0,33,0,0,21,0,0,0,0,0,0,0,0,0,0,0,0,0,42,3,0,4,0,47,0,0,0,0,0,0,31,0,0,0,0,0,0,0,0,0,0,52,0,0,0,0,0,0,61,0,0,0
5,0,0,0,0,0,0,42,50,0,0,0,0,0,0,0,0,0,0,5,34,0,0,0,0,0,0,30,20,0,0,0,38,0,0,0,0,0,0,36,33,0,0,0,32,0,18,20,0,0,5,0,0,0,0,0,20,0,0,1,39,0,39,0,0,0,0,0,34,0,48,0,0,0,0,0,0,0,62,0,0,1,0,0,0,0,0,0,9,0,0,0,0,0,0,0,19,0,0,0,0,0,46,0,0,0,0,0,31,0,0,0,0,0,0,49,19,53,0,29,0,0,54,0,0,3,58,0,0,0,0,13,0,10,9,11,46,16,62,0,0,62,41,0,10,62,50,0,0,0
0,0,0,13,0,58,33,0,0,0,0,48,18,21,19,0,10,0,0,0,0,0,0,0,0,52,0,0,0,0,0,0,44,7,0,0,0,0,0,0,0,22,31,0,27,0,0,0,5,0,50,0,0,47,0,0,57,0,29,0,0,0,0,0,0,0,0,0,0,12,31,0,0,0,0,0,0,0,0,0,0,0,11,0,0,0,21,0,0,14,0,0,0,31,0,0,0,0,0,1,0,0,0,0,0,0,0,0,18,0,13,31,63,0,0,51,0,0,50,0,0,0,0,50,0,0,0,0,0,0,0,1,0,0,0,0,0,0,22,0,0,0,61,29,2,0,0,0,0,0
13,19,0,0,0,0,0,55,0,2,0,0,0,0,0,25,0,0,0,50,0,1,0,0,0,56,0,0,0,0,0,0,62,0,0,0,0,4,0,0,0,0,0,0,0,0,32,0,0,49,0,18,0,0,0,0,0,34,0,60,12,48,19,0,0,0,0,0,0,0,0,61,0,0,0,0,0,0,0,0,40,31,0,15,0,0,0,0,0,0,0,0,0,0,8,0,0,48,19,22,0,0,63,52,0,20,0,12,0,7,14,0,0,0,0,0,0,0,0,0,0,0,4,0,0,62,0,0,0,59,0,0,0,0,0,0,0,0,0,0,0,0,41,0,0,31,0,35,0,0
0,25,0,0,55,53,0,3,0,0,59,0,0,0,0,53,17,0,18,0,0,0,0,0,0,0,0,36,0,48,0,0,0,0,0,0,0,0,28,0,12,0,39,0,0,0,0,0,0,0,52,0,0,31,0,0,10,0,0,0,0,0,55,0,0,32,0,0,0,0,16,0,0,0,0,11,4,0,0,26,0,0,50,0,0,0,0,0,45,61,0,0,0,0,0,0,0,16,28,0,0,0,9,0,0,53,0,0,0,5,0,0,0,0,0,0,35,0,0,0,35,0,0,0,0,0,0,0,0,0,0,0,0,0,13,49,0,48,0,0,0,0,23,39,0,0,0,0,3,33
0,0,0,0,23,0,0,0,15,0,0,56,0,0,0,0,0,0,0,0,8,0,0,0,6,0,0,0,0,0,0,11,18,24,32,40,0,10,0,34,0,0,0,48,0,0,0,0,0,0,0,1,0,0,0,0,15,0,0,59,52,0,56,0,0,0,0,0,0,0,0,0,17,29,0,0,0,0,0,52,0,53,0,0,0,0,0,26,0,61,0,0,0,0,6,0,25,0,20,0,10,0,0,0,0,30,0,0,0,0,0,0,18,0,0,0,0,0,0,13,59,0,0,0,0,47,22,0,0,0,0,0,0,0,0,0,28,0,0,0,0,3,24,0,45,0,0,44,0,40
0,41,0,0,5,0,8,0,0,0,0,0,0,60,0,0,25,0,63,0,0,0,0,0,20,0,0,59,45,0,0,53,0,0,0,0,0,0,0,0,0,0,0,26,29,0,0,0,30,43,0,0,0,0,0,0,0,25,0,0,0,43,0,0,0,0,0,0,0,54,0,0,0,0,0,0,0,0,0,0,46,0,0,0,31,0,0,0,39,0,49,0,0,24,0,0,0,54,0,0,0,29,0,0,0,18,56,0,32,0,0,0,0,0,20,0,0,0,0,0,0,0,34,52,53,0,17,60,0,0,40,0,0,0,0,21,0,0,39,62,0,0,12,43,37,0,0,44,0,0
57,60,0,0,0,24,51,0,63,0,0,0,0,14,33,0,0,24,0,24,0,0,0,0,11,0,6,51,0,0,0,0,0,0,0,0,0,0,0,0,30,0,0,36,0,11,31,0,0,7,0,27,0,33,0,19,0,58,17,0,0,0,0,0,0,0,0,14,23,0,0,35,42,0,32,0,0,56,0,0,0,0,0,0,0,0,31,0,50,0,0,0,0,0,58,0,0,0,0,0,52,0,0,0,0,0,0,0,0,0,0,3,0,0,3,0,0,0,0,17,0,16,0,0,14,17,0,0,60,0,0,0,0,0,61,34,0,36,0,0,0,0,61,0,0,0,19,19,32,0
0,0,0,0,51,0,0,14,47,0,0,0,20,50,0,0,6,0,0,0,0,0,0,0,0,0,0,12,0,10,23,0,0,0,0,0,0,44,0,46,0,0,0,0,0,0,0,0,0,0,0,0,0,0,0,0,32,22,48,22,0,0,0,0,0,27,0,0,0,0,0,60,0,0,0,0,0,0,29,0,0,37,21,49,0,0,0,0,0,0,0,0,43,0,0,0,0,0,0,0,0,0,0,59,0,0,5,0,0,0,0,0,0,37,47,0,0,0,0,0,23,0,0,0,0,0,29,0,0,0,0,0,15,0,0,39,60,0,0,0,36,57,0,0,0,0,15,51,0,0
0,0,0,0,0,0,0,0,27,0,0,0,0,0,56,0,0,0,0,0,25,0,0,0,0,0,0,55,0,0,0,0,0,0,0,0,0,0,7,0,4,0,0,0,0,0,39,11,8,0,0,0,0,0,0,0,57,0,0,0,17,0,0,0,0,0,0,0,0,0,0,52,0,0,0,0,0,0,0,0,14,20,31,29,0,0,0,0,0,0,0,0,0,0,0,0,0,0,0,0,50,54,26,0,0,0,0,0,0,0,0,0,0,0,0,0,0,0,0,0,0,0,4,0,0,0,39,23,0,0,0,0,37,0,42,0,0,14,0,0,0,0,0,1,0,11,17,0,0,62
0,38,0,0,0,0,0,57,0,0,0,10,0,0,0,0,0,0,0,0,39,0,0,21,0,0,0,0,0,0,0,0,0,0,0,0,39,5,55,0,0,14,17,0,0,38,42,0,0,0,0,57,0,0,0,0,0,0,4,0,0,0,5,0,0,0,0,0,0,0,0,0,33,33,0,37,11,0,0,0,26,0,0,0,0,0,0,0,0,0,20,0,0,0,0,20,0,17,0,0,10,0,0,0,0,0,0,0,0,1,0,0,0,0,0,0,30,0,0,0,0,0,0,0,1,0,0,28,0,0,0,0,0,0,0,0,11,0,43,55,6,0,0,0,0,0,28,0,0,0
0,0,0,0,0,39,0,0,9,0,0,0,0,21,0,0,0,0,0,39,1,0,44,0,0,0,0,56,0,0,48,0,39,0,37,8,45,0,0,0,0,0,0,0,0,0,0,0,0,0,30,0,0,0,0,0,0,58,0,11,0,0,0,0,24,0,30,0,0,0,0,0,56,0,0,0,0,0,0,0,0,0,12,0,0,27,0,0,0,0,0,0,0,61,0,0,26,40,0,0,0,37,0,0,0,0,0,0,0,0,0,0,0,0,0,19,0,0,0,0,52,0,0,53,0,0,0,0,0,50,0,0,0,0,0,0,0,0,63,0,0,0,58,0,0,0,39,0,48,0
0,57,0,0,0,0,0,0,44,57,7,0,24,0,48,0,0,0,0,17,0,0,12,0,0,0,0,0,7,0,0,0,0,22,0,37,0,0,0,14,0,7,0,0,27,56,26,20,0,0,31,0,0,0,5,0,0,4,46,5,6,0,0,0,37,20,0,0,0,62,0,0,0,0,0,0,0,0,0,3,0,0,0,0,11,0,0,37,0,0,56,0,0,30,45,2,0,0,0,0,0,44,60,0,0,0,19,0,0,6,0,0,0,0,0,0,0,0,0,3,0,0,0,0,0,0,0,0,0,31,53,0,0,0,42,0,0,0,0,18,0,0,0,51,0,47,0,0,0,0
0,27,0,45,0,0,0,58,0,0,0,0,0,0,0,0,41,0,0,43,0,53,0,24,50,42,0,0,62,0,0,0,0,0,0,13,0,0,39,0,37,6,0,0,0,0,0,0,0,58,5,0,6,0,0,0,37,0,0,0,0,15,0,61,61,50,44,0,0,0,0,0,0,0,0,0,56,0,0,0,0,0,0,0,0,21,0,0,0,0,0,0,0,0,0,0,0,0,52,0,0,0,0,0,0,0,3,0,0,0,0,0,52,48,0,0,0,0,0,0,28,0,44,0,0,0,37,0,0,0,0,0,0,52,63,0,0,0,0,0,0,1,0,38,0,7,0,0,14,36
0,51,0,0,0,0,0,0,0,0,0,0,0,4,0,0,0,0,0,0,0,0,16,0,0,0,0,0,0,0,0,14,40,0,0,0,0,0,0,0,0,0,0,0,0,47,0,0,0,0,22,60,0,0,0,36,50,0,0,0,0,0,0,0,0,0,2,0,0,0,28,0,0,50,0,0,0,0,0,0,0,35,0,40,0,0,1,0,48,22,0,0,0,0,48,0,0,0,0,0,0,0,0,0,0,13,0,0,45,0,1,0,0,0,36,0,0,0,0,0,0,0,22,0,0,0,0,42,0,0,5,49,0,42,56,0,50,0,3,19,36,0,0,0,0,0,0,0,0,0
0,0,0,0,0,0,55,10,5,0,0,27,44,8,0,0,0,0,0,0,0,0,5,0,0,0,0,0,13,0,14,0,0,33,0,0,0,48,0,0,63,0,0,0,0,0,0,0,0,29,44,0,0,0,0,0,0,0,0,9,0,56,0,0,0,0,18,0,15,0,0,0,0,0,0,40,53,5,0,0,0,0,0,0,0,0,0,0,0,18,0,0,0,0,0,4,0,0,0,0,34,43,0,0,0,0,44,0,0,0,0,0,0,0,18,0,15,0,0,0,0,0,0,0,19,0,0,0,0,0,0,0,12,0,0,23,0,0,8,0,32,0,0,0,0,0,18,0,0,0
8,0,19,0,0,0,0,0,61,0,0,0,0,0,28,0,0,0,0,0,0,0,0,0,0,36,34,0,0,0,0,23,0,0,26,0,0,0,0,0,0,0,0,0,0,0,0,0,48,0,33,0,51,0,40,0,0,0,57,0,0,0,0,0,0,0,0,54,0,0,0,0,47,0,0,0,0,60,0,0,26,0,55,0,0,0,60,0,0,0,0,0,0,0,0,0,45,20,0,0,49,0,0,0,0,0,0,0,0,0,0,0,0,14,0,0,29,0,39,62,0,0,20,0,0,0,0,36,63,0,62,18,3,21,0,0,0,0,0,0,52,43,0,0,0,0,0,0,61,13
59,40,0,0,0,0,0,15,0,39,0,0,22,0,0,0,0,10,0,8,0,0,28,0,58,0,0,0,0,0,8,21,40,0,44,15,0,32,59,4,47,0,0,0,30,0,53,0,0,7,0,0,0,0,0,0,9,0,0,0,0,0,0,0,0,0,0,0,0,0,0,33,0,35,0,0,0,0,0,7,10,56,0,32,0,0,0,33,0,0,0,0,0,18,0,0,0,0,47,0,0,0,0,0,0,0,0,2,0,0,0,32,0,0,0,8,0,0,44,48,37,55,0,22,0,0,0,0,5,18,0,0,8,7,0,52,0,0,0,0,0,0,20,0,0,0,0,0,0,61
0,0,1,0,15,45,42,0,0,0,0,0,0,12,0,20,10,0,0,0,0,0,0,0,0,0,0,0,0,42,0,44,20,0,0,38,0,0,0,0,0,0,8,0,0,33,0,0,0,0,0,48,0,0,0,0,0,0,5,1,0,0,0,0,8,0,0,0,0,43,0,3,0,0,0,0,0,0,0,47,0,0,0,0,0,0,0,0,0,0,0,0,45,0,0,0,0,0,0,0,0,0,0,0,0,0,0,0,0,28,0,0,0,0,0,0,0,0,0,0,46,0,0,0,0,0,0,0,0,0,0,24,0,0,0,0,0,0,0,44,5,0,0,0,0,0,42,0,0,0
0,13,0,0,0,57,0,0,7,0,0,36,0,55,48,0,0,0,0,0,0,0,53,0,0,0,11,0,0,0,0,0,0,0,0,0,48,55,0,0,0,0,0,0,0,46,0,0,0,0,57,0,0,0,0,0,31,0,0,20,43,57,0,0,0,0,0,0,47,0,32,24,0,0,0,0,0,15,0,55,0,0,0,0,0,0,0,17,3,0,0,0,0,0,60,0,0,0,0,0,0,28,55,0,0,0,0,0,0,0,0,0,0,0,0,0,0,17,0,0,0,0,0,7,17,0,0,0,0,0,1,0,0,16,0,0,17,17,2,0,0,0,9,34,45,0,0,0,0,0
0,54,0,0,0,0,26,0,0,0,0,0,25,0,0,62,0,29,0,0,0,0,0,4,61,33,0,0,0,0,0,0,0,0,0,0,0,0,0,0,0,44,31,0,0,0,0,30,63,0,0,0,0,0,0,0,0,0,0,0,0,0,26,15,0,0,0,0,0,0,0,34,0,37,0,0,30,17,0,0,0,58,15,23,61,0,4,0,34,0,58,0,0,0,18,52,0,48,0,34,0,0,0,0,0,61,0,55,0,0,0,34,0,0,0,0,0,0,0,0,41,0,0,25,0,0,0,0,0,9,59,0,0,0,0,0,0,0,8,38,0,0,0,0,0,0,48,0,0,0
0,34,0,44,63,0,0,0,0,13,0,38,0,0,38,0,56,0,0,0,0,0,0,0,0,0,0,0,0,42,42,0,0,0,0,0,0,0,0,0,0,0,0,0,0,38,0,0,0,54,0,0,45,0,20,53,45,0,0,0,0,0,0,0,0,50,10,0,0,0,0,0,38,0,12,0,16,0,0,0,0,0,30,0,16,0,0,0,0,0,63,45,0,0,10,56,0,0,0,0,0,54,0,0,0,0,0,6,0,0,0,0,36,29,0,0,0,0,0,0,0,0,0,0,20,0,0,0,29,33,31,0,45,27,27,0,0,0,1,0,0,30,25,3,0,53,0,0,0,0
0,0,55,0,0,0,62,0,43,0,0,38,26,0,40,0,0,0,0,0,0,2,0,0,21,0,0,0,0,0,24,0,0,0,0,29,0,14,0,0,0,0,0,7,0,0,0,23,0,0,15,0,0,0,0,11,0,56,40,0,0,0,0,0,0,0,24,8,0,22,15,0,0,32,0,0,13,0,19,0,0,0,0,0,0,0,0,0,54,57,0,12,0,46,0,4,5,0,0,0,0,0,0,0,0,14,0,0,5,30,0,0,0,5,0,0,0,0,52,0,30,12,0,0,0,0,17,0,0,34,22,60,0,47,33,0,21,0,0,0,0,0,0,23,25,0,0,0,0,0
0,12,18,0,0,0,13,0,0,0,9,0,0,58,0,0,29,0,0,0,0,0,0,0,0,0,0,0,0,0,8,0,0,0,0,0,0,63,0,0,0,0,61,0,0,0,0,0,9,0,23,0,0,0,33,15,0,49,0,0,0,10,59,0,0,0,0,0,14,0,33,0,0,0,0,0,0,38,15,0,0,11,0,0,54,38,42,37,0,0,0,43,0,0,0,0,0,0,11,63,46,36,0,0,0,0,0,17,0,0,0,0,1,36,44,0,0,0,0,0,0,0,51,0,0,54,0,0,0,0,0,0,0,0,0,0,0,52,0,0,38,0,24,13,0,0,0,0,0,7
0,0,0,0,0,0,38,0,0,0,0,0,0,0,18,47,3,0,2,0,22,0,9,47,0,0,0,0,0,0,0,0,0,0,0,0,56,23,0,0,55,0,0,0,56,0,21,0,0,25,0,0,0,11,0,0,0,0,0,53,0,0,0,0,0,0,0,0,28,36,28,21,0,0,0,0,0,0,0,24,0,0,0,12,0,0,0,15,0,14,0,31,0,0,3,0,0,0,0,0,16,0,0,0,0,0,0,56,51,0,0,0,0,0,0,33,0,0,21,22,0,0,0,7,0,0,36,0,0,0,0,0,8,0,0,0,0,0,0,0,0,0,0,39,0,60,0,0,0,0
0,0,0,0,0,0,52,0,0,0,0,18,0,0,0,0,0,32,0,0,0,0,0,22,0,55,5,0,38,0,0,44,15,28,0,34,42,0,0,0,0,0,3,1,0,0,0,0,58,0,0,0,0,0,0,0,58,0,34,41,0,0,37,0,0,25,0,36,0,0,0,50,0,28,0,41,11,0,0,0,27,0,0,0,0,30,1,0,0,19,0,47,34,47,0,0,0,0,0,43,0,0,0,0,55,0,0,0,0,0,0,0,0,0,0,0,0,41,20,0,0,0,0,0,27,0,0,0,0,0,0,0,51,0,20,0,0,0,0,0,0,0,0,0,0,0,19,0,0,51
0,0,32,0,0,0,0,0,0,0,0,0,0,0,44,59,0,0,0,0,0,0,0,0,0,0,4,0,0,0,0,0,0,45,27,0,0,20,0,0,32,0,0,0,0,25,0,45,0,43,25,0,0,0,0,0,0,0,48,0,0,0,0,0,62,0,0,0,0,0,51,0,38,0,0,0,0,0,0,0,0,0,0,7,0,42,0,28,59,0,0,0,0,0,0,0,9,0,0,0,0,0,0,0,0,0,0,0,0,0,51,39,0,11,0,18,0,0,0,0,7,0,0,0,0,55,34,0,0,0,0,0,40,0,0,0,0,0,0,0,29,0,31,0,0,0,0,1,0,0
0,0,0,0,59,0,0,0,0,0,0,0,0,0,0,0,0,0,42,0,31,0,0,0,0,0,0,0,0,0,0,16,0,0,0,0,57,0,0,0,0,0,0,0,1,0,13,0,0,0,0,0,0,22,0,0,61,0,0,62,0,0,0,0,0,0,0,0,0,0,0,0,21,0,0,0,12,0,0,20,0,0,0,0,0,0,47,44,48,0,0,0,0,0,0,0,0,0,15,0,0,0,0,0,0,11,0,2,0,0,0,42,23,0,0,0,0,25,0,0,0,37,0,0,54,0,0,0,0,0,0,44,0,0,30,0,0,5,0,0,4,0,47,13,0,0,0,0,0,0
0,0,0,0,0,0,0,0,0,27,0,0,29,62,0,27,0,0,0,0,0,0,1,0,0,0,63,0,3,0,7,0,20,0,0,0,0,0,0,62,0,0,8,0,0,3,0,0,53,0,31,0,54,0,0,21,0,0,0,0,0,0,0,0,57,0,0,0,0,0,0,54,0,0,0,0,0,0,0,0,21,0,0,2,36,0,35,0,0,0,59,0,0,0,0,0,0,0,0,0,55,0,2,0,0,24,10,0,19,0,0,0,46,0,0,0,0,0,0,0,0,0,0,47,0,0,0,0,0,0,0,0,0,0,41,0,0,0,0,0,0,0,42,0,0,0,0,0,0,6
0,0,1,0,0,0,0,0,0,0,0,0,0,0,41,0,18,55,0,24,0,0,0,0,0,48,0,0,0,10,0,3,0,41,0,24,55,0,0,0,0,0,2,0,0,0,0,0,0,0,24,45,0,62,28,52,0,54,0,0,0,50,0,0,13,0,0,0,0,0,0,0,47,0,0,15,0,0,0,0,0,0,0,49,61,0,0,0,0,0,5,2,56,2,53,0,0,0,0,0,0,58,44,0,0,0,0,39,0,0,0,0,0,0,0,0,0,0,0,0,38,0,0,0,0,48,0,0,0,0,42,17,0,0,0,0,0,15,0,0,0,0,0,0,0,53,0,0,0,0
0,0,18,0,0,0,37,61,0,29,0,0,0,0,13,0,0,0,0,0,39,57,41,0,0,0,24,0,0,0,0,0,24,34,0,7,0,2,22,0,0,0,0,0,0,0,26,0,0,0,0,23,0,44,4,0,0,0,55,43,32,0,0,20,15,0,0,0,43,58,0,0,0,0,5,0,38,0,0,0,14,0,0,55,0,0,0,32,0,42,8,0,12,17,0,0,0,0,0,0,60,0,0,0,0,0,46,0,0,0,34,58,0,0,0,0,0,0,0,0,0,47,0,0,0,7,0,0,53,0,0,0,26,0,0,1,0,56,0,0,0,44,0,0,0,0,27,0,58,0
6,54,0,0,0,0,0,0,0,0,10,0,0,0,0,0,0,0,35,0,0,0,0,27,0,1,0,0,0,0,42,0,1,0,0,0,0,43,30,0,0,0,9,59,0,0,0,32,55,0,0,0,0,0,0,27,0,0,38,0,0,46,0,0,54,0,0,0,33,0,0,0,0,0,0,0,0,0,13,0,0,0,0,0,0,56,0,14,0,0,0,62,0,0,0,0,2,0,0,0,0,60,0,0,9,0,29,0,0,49,0,0,0,0,0,0,0,29,18,0,0,24,36,0,38,0,0,0,7,0,0,0,0,52,1,0,0,0,0,0,0,0,27,42,0,0,0,0,0,0
0,0,0,0,0,0,0,56,0,41,0,0,0,0,0,0,0,1,42,0,39,0,20,0,0,53,0,0,0,19,32,0,20,0,0,62,0,48,29,0,4,0,0,0,0,0,0,0,0,0,0,0,0,0,0,0,0,51,0,0,29,51,0,0,0,0,0,0,0,0,0,0,0,0,0,15,0,4,0,45,0,0,0,0,0,0,0,0,0,0,0,6,0,0,0,30,0,0,0,0,0,0,33,0,0,0,27,0,0,0,58,37,0,0,0,0,0,0,0,15,0,0,0,0,0,0,34,0,0,0,0,0,52,0,0,0,0,0,0,0,0,0,0,0,0,6,0,0,5,0
56,0,19,0,6,0,0,0,0,0,0,0,40,0,0,0,0,0,0,23,0,0,3,0,0,0,39,0,0,0,0,0,0,0,0,0,0,0,0,62,0,0,0,49,0,12,0,0,0,0,0,0,0,33,0,48,1,0,0,3,0,0,55,0,0,0,0,0,0,0,0,0,0,0,0,0,0,0,11,50,0,0,0,17,41,0,0,62,0,47,36,0,0,0,0,0,46,0,0,0,0,0,9,0,0,0,48,36,0,38,0,0,0,37,0,0,0,0,0,0,0,0,0,29,0,0,0,0,0,0,0,0,0,60,27,0,0,0,0,0,0,13,0,0,0,52,0,0,0,0
0,0,37,0,50,0,0,37,0,0,55,4,58,59,0,0,0,0,62,13,0,0,62,0,0,8,18,0,0,0,0,5,40,0,0,0,33,0,0,35,0,0,0,0,57,0,54,0,0,0,0,0,29,36,0,0,0,33,0,24,0,0,0,0,0,0,0,0,49,0,62,0,0,0,0,0,0,0,0,57,0,0,0,0,0,0,61,27,0,0,0,0,0,22,29,53,0,18,0,0,22,0,0,0,17,0,29,12,0,0,0,0,0,0,0,0,0,0,14,35,0,0,0,10,36,0,0,0,0,0,38,0,0,0,0,0,0,4,0,0,23,0,21,41,0,0,0,0,0,0
0,0,0,0,0,0,0,22,0,0,24,0,0,0,0,0,0,26,0,0,0,0,0,37,0,0,0,0,0,0,0,0,0,16,0,0,0,37,0,0,49,0,0,0,0,0,0,26,0,0,0,0,0,0,0,0,0,0,0,0,2,0,0,57,0,0,13,0,0,5,0,7,11,0,32,0,12,0,0,0,0,0,0,0,0,0,32,42,0,0,0,29,0,3,0,41,0,0,0,0,0,0,60,11,0,0,15,62,1,0,0,60,0,11,60,0,0,10,57,0,0,0,42,0,14,0,61,20,0,0,0,21,0,7,0,62,0,0,0,0,0,0,0,0,0,51,9,48,0,0
0,61,0,0,0,0,27,0,56,0,0,25,0,54,0,0,0,31,0,0,0,38,27,0,9,62,0,0,0,0,0,0,0,0,0,4,0,0,0,32,17,4,55,32,0,0,0,0,0,0,0,0,0,0,0,0,0,0,0,0,0,0,0,0,0,0,4,0,34,0,0,38,0,0,39,0,0,40,0,0,0,0,0,18,0,0,0,0,0,0,0,0,0,13,0,0,0,0,32,0,0,0,0,0,15,0,0,38,0,0,0,35,0,0,0,0,0,28,0,0,0,53,0,19,0,0,0,13,50,0,0,0,0,0,0,45,0,40,0,0,10,48,40,0,0,0,0,0,0,0
0,0,0,0,0,0,0,0,0,0,0,19,0,0,0,0,0,0,57,0,0,0,0,0,0,34,1,0,0,20,0,0,0,0,2,0,37,0,0,26,0,0,36,0,0,1,0,0,0,0,0,24,0,0,0,0,0,0,0,21,60,0,0,0,13,0,0,0,0,39,42,0,0,0,0,0,0,0,0,0,0,0,55,0,0,0,0,0,0,13,34,0,0,0,0,0,0,0,0,0,0,0,0,0,0,0,0,0,29,32,0,0,23,0,0,40,6,0,57,0,55,0,0,0,52,0,0,0,0,0,0,0,0,0,0,37,0,0,0,0,0,55,0,0,0,0,0,0,0,0
0,0,0,43,45,0,33,6,0,0,17,0,0,48,11,0,0,0,0,61,4,0,55,0,0,0,0,0,0,31,0,0,0,0,23,0,0,37,0,25,30,0,0,0,0,0,0,0,0,35,0,3,0,0,0,44,0,29,3,0,0,3,0,0,0,0,32,0,0,0,0,0,0,0,25,0,41,0,30,15,0,23,0,0,19,42,53,0,16,0,0,37,0,0,0,0,0,0,0,0,0,1,0,0,0,0,0,0,0,0,0,0,0,0,0,13,0,0,0,0,0,0,5,37,14,7,0,0,0,0,0,0,17,7,0,20,0,0,0,0,0,0,0,55,0,0,62,43,0,0
0,0,0,0,0,22,0,0,0,8,31,0,0,0,0,0,0,0,0,0,0,44,0,0,0,0,33,34,4,0,0,0,14,0,0,0,0,48,0,62,0,0,0,58,0,0,0,48,0,0,0,0,0,0,0,0,0,0,0,0,0,0,0,27,60,0,21,0,0,15,42,0,8,0,0,0,0,0,0,0,0,0,17,0,0,59,0,0,0,0,0,0,0,0,0,17,0,0,0,0,39,56,0,9,0,0,0,0,2,3,0,0,0,0,0,0,0,0,0,0,0,0,0,0,0,52,0,0,8,0,0,0,0,59,0,0,0,0,56,0,20,0,40,0,21,0,0,0,0,50
0,0,0,55,0,0,49,0,0,0,0,0,41,55,0,24,0,0,0,3,0,0,0,0,0,0,36,0,60,0,0,19,0,0,0,0,2,0,0,0,0,3,0,6,0,0,0,0,0,0,15,0,0,50,0,43,0,0,0,0,17,0,0,58,47,29,9,41,39,0,0,0,0,0,17,0,0,0,58,0,0,0,0,0,0,0,6,0,0,38,31,0,0,0,53,38,0,0,0,0,0,0,49,0,0,0,54,0,0,0,0,0,0,0,50,0,0,0,0,0,0,57,0,58,0,2,0,20,0,36,0,0,0,0,0,0,0,0,0,0,0,12,28,20,0,0,0,0,0,0
0,0,0,53,0,0,0,0,0,0,0,0,0,0,0,0,0,62,0,0,10,0,0,0,44,0,0,0,0,58,0,0,10,50,0,0,0,46,0,0,18,0,0,26,0,0,0,0,0,0,0,0,0,38,0,0,63,0,0,0,42,52,0,23,0,41,0,0,0,0,0,47,0,0,0,33,1,0,0,47,0,0,0,0,0,0,18,0,0,0,0,50,0,0,1,37,0,14,25,0,0,0,0,30,0,0,0,31,0,0,0,0,0,0,36,0,24,0,0,0,0,16,0,0,0,0,34,0,0,0,56,37,0,38,0,0,49,0,0,58,0,0,0,0,0,0,0,0,0,0
0,0,0,0,0,0,0,39,0,0,42,0,0,0,0,55,0,0,0,20,0,0,0,0,0,0,0,0,50,39,0,0,0,22,0,0,0,50,0,0,0,0,0,0,0,0,0,0,0,0,0,0,0,0,0,4,0,42,0,0,0,9,0,0,58,0,0,24,46,22,0,13,52,0,25,0,49,0,0,34,0,0,54,0,0,0,0,0,0,29,0,0,0,0,0,0,0,0,0,0,0,0,0,0,0,0,0,0,46,0,0,0,0,37,0,0,0,0,38,0,0,30,0,4,0,0,19,0,0,0,0,0,0,0,2,0,2,0,0,0,0,0,0,39,0,0,34,0,0,0
0,0,0,41,62,0,0,0,0,0,0,0,0,0,0,0,0,0,0,0,28,0,0,59,0,0,0,0,0,0,0,0,0,0,22,0,61,0,15,0,0,0,20,50,0,0,0,14,0,60,62,0,0,42,0,24,0,0,0,0,25,41,20,34,0,0,54,27,0,37,0,0,42,0,0,0,0,0,63,0,0,0,0,0,0,53,17,0,56,44,0,0,21,50,21,0,62,44,0,0,26,0,0,0,0,8,0,0,0,0,0,0,0,0,0,0,0,0,0,0,0,15,0,33,0,0,0,0,0,0,0,0,0,0,0,0,63,0,1,0,0,0,0,0,0,0,0,0,35,7
0,0,0,52,0,0,56,0,0,0,0,0,0,0,0,0,0,0,0,0,0,0,0,0,0,0,51,52,40,0,0,0,0,0,0,0,0,0,0,0,0,0,0,0,0,0,0,0,0,13,0,0,0,0,0,0,0,38,0,0,4,0,48,35,0,27,0,0,0,0,0,0,0,0,17,0,0,0,56,0,13,11,0,0,0,0,0,0,0,0,0,0,0,0,0,0,0,24,0,0,0,0,0,0,0,0,27,0,0,0,0,0,0,0,37,0,0,34,0,0,0,0,0,6,0,30,48,2,0,0,0,0,0,22,62,0,0,0,0,24,0,0,54,0,55,0,58,0,0,28
0,0,0,0,0,0,0,56,0,0,0,0,53,0,4,0,0,0,0,0,0,0,0,0,0,0,0,0,0,0,15,0,0,0,21,0,0,0,16,17,0,0,0,0,0,7,0,0,1,0,0,4,50,0,57,0,0,17,0,0,0,0,0,0,0,0,0,0,0,0,0,60,0,12,0,56,0,0,0,0,0,0,0,0,0,0,0,0,0,0,37,0,0,0,0,0,22,0,1,0,0,0,60,0,47,0,46,56,7,0,0,12,0,0,0,0,0,0,0,0,0,62,0,0,0,0,0,0,0,0,50,0,49,0,0,0,0,0,0,0,0,46,20,0,0,0,13,0,6,0
0,0,0,0,0,59,0,0,0,0,0,0,0,0,0,63,24,0,48,0,0,0,0,0,0,0,0,0,0,0,0,17,0,0,0,0,0,0,0,0,0,0,0,0,0,0,0,0,0,56,0,0,0,0,0,62,43,0,48,0,0,16,0,55,0,0,0,0,0,0,20,0,18,0,0,0,0,0,0,0,0,0,0,0,26,0,12,0,0,0,0,0,0,0,0,54,0,11,12,0,0,0,0,0,0,0,0,0,0,0,0,0,0,0,0,0,62,16,0,42,0,0,52,0,0,0,0,56,0,0,19,0,0,35,0,48,6,8,0,0,0,0,0,0,0,40,61,0,0,0
0,0,28,0,0,0,32,0,0,0,52,0,0,0,0,0,0,0,0,0,0,0,0,0,0,0,0,20,0,0,0,49,59,0,0,0,0,0,17,0,38,0,0,0,63,0,25,13,0,62,0,61,36,0,0,61,16,29,0,36,0,0,0,0,63,0,0,0,0,0,3,0,0,0,11,0,62,0,0,26,29,0,0,0,0,0,0,0,0,0,0,0,0,0,0,62,0,0,0,0,0,0,0,22,0,0,57,15,0,0,0,0,0,0,13,27,0,0,0,35,0,0,0,0,0,8,0,0,0,0,0,0,22,0,0,0,31,0,0,0,60,0,0,0,0,45,0,3,12,0
44,0,0,0,0,0,0,12,34,0,0,40,0,0,0,30,49,0,0,0,0,0,28,0,20,28,0,0,0,26,0,0,49,40,0,0,0,0,0,18,0,0,0,0,0,2,39,0,0,0,0,0,0,0,0,0,0,0,0,0,0,0,61,18,0,0,0,0,0,0,0,0,0,0,0,0,0,0,0,0,0,0,0,17,0,0,0,0,0,0,0,0,50,0,0,0,0,0,39,18,0,16,0,0,0,0,0,0,0,0,0,0,0,0,0,0,46,0,0,9,19,0,0,0,0,0,0,0,0,0,27,0,0,0,0,0,0,0,0,0,60,44,0,0,0,2,0,0,0,25
0,0,0,0,31,24,0,0,0,0,37,37,0,2,30,0,0,32,0,0,0,1,0,35,0,51,0,0,0,0,9,0,0,0,0,0,0,31,0,32,0,0,0,0,38,0,0,0,46,0,0,0,29,0,0,0,30,0,60,0,0,0,61,0,0,0,0,0,0,48,0,0,23,0,0,20,0,0,0,0,0,0,0,50,0,0,0,0,0,0,0,0,0,0,0,18,0,29,0,0,0,0,0,37,0,0,0,0,36,0,0,62,28,36,0,0,5,0,0,0,0,0,0,60,0,0,0,24,13,59,0,0,0,0,11,0,45,0,0,0,0,0,0,32,42,0,0,0,0,8
10,5,0,0,0,0,0,0,0,0,57,12,0,0,60,0,0,0,0,0,0,0,0,0,0,0,0,0,0,0,57,0,0,0,0,1,40,11,29,0,0,45,0,0,0,0,3,56,53,0,0,0,0,0,0,0,0,0,0,58,0,0,0,0,0,0,0,35,0,0,0,58,0,0,0,0,0,0,0,58,0,20,40,0,0,0,0,0,0,8,15,0,0,20,0,0,0,0,0,0,0,0,0,0,62,2,0,0,0,0,14,0,0,0,0,46,0,20,19,0,0,0,48,0,0,0,0,0,0,47,0,27,0,0,0,0,0,0,0,0,39,18,0,0,20,0,0,0,0,0
0,0,0,0,59,33,0,0,39,0,3,0,0,0,25,34,0,0,0,0,29,0,0,0,0,0,0,0,56,0,0,0,16,4,59,0,7,0,8,0,0,43,0,0,0,0,0,43,0,0,0,0,0,0,0,1,8,40,50,0,63,0,3,0,0,0,17,34,0,28,0,0,0,0,0,0,0,0,0,0,0,0,46,0,8,0,40,0,36,4,62,0,0,18,0,0,0,0,58,0,40,63,0,59,0,0,0,0,0,0,0,39,4,0,49,0,0,14,0,0,0,0,0,0,0,8,0,13,0,0,0,0,0,0,0,5,36,0,0,0,0,0,31,0,0,0,0,0,0,49
0,0,0,0,39,0,0,36,34,0,41,0,0,0,0,41,0,0,0,0,38,0,0,0,0,0,61,0,0,0,12,0,0,0,54,0,62,50,3,0,5,9,0,0,38,0,0,0,0,0,0,0,0,0,0,14,0,60,0,0,0,0,0,50,0,43,0,0,0,0,0,0,0,0,0,0,0,0,5,56,20,0,37,0,0,0,0,0,4,0,0,0,0,0,0,15,0,0,28,0,5,0,0,29,0,25,0,0,53,0,0,0,0,33,0,0,0,47,38,50,0,21,0,0,9,0,0,0,22,0,0,0,3,18,0,0,29,0,0,0,0,47,0,35,0,20,30,0,0,0
0,0,26,32,0,58,0,54,19,0,51,0,0,0,0,0,0,0,0,0,39,0,0,0,39,0,0,0,0,0,0,0,0,0,0,0,0,0,0,0,60,0,0,0,0,0,0,27,1,7,0,0,6,0,0,57,0,0,0,0,0,0,0,0,0,0,3,0,0,0,0,0,0,0,0,5,34,0,0,0,19,0,0,0,52,0,44,0,0,0,14,0,0,0,0,0,0,0,0,33,0,0,0,0,0,1,0,19,23,0,47,11,27,0,8,0,0,0,0,0,0,0,0,0,19,0,0,0,55,43,53,0,0,22,0,0,47,0,0,0,0,0,0,17,0,0,13,0,0,0
0,49,45,0,51,0,0,0,0,0,35,15,28,0,0,25,60,0,0,0,48,0,0,0,0,54,10,0,0,0,20,61,0,0,44,0,0,0,0,9,0,38,0,0,1,0,25,0,0,0,52,0,0,0,0,0,18,0,0,0,0,0,27,0,0,0,0,0,0,0,0,0,0,0,0,0,0,0,0,0,0,0,16,0,22,60,0,0,25,46,0,60,0,3,61,0,0,0,22,0,0,0,0,0,0,0,49,0,0,45,0,37,0,28,35,3,0,0,0,0,0,0,0,0,26,29,0,0,0,0,0,0,41,57,0,0,0,0,0,0,0,0,0,0,0,0,0,40,0,0
0,0,0,10,0,0,0,0,0,0,0,0,10,0,0,0,0,0,4,0,0,0,0,0,3,25,0,0,0,0,0,0,0,28,2,0,61,0,0,41,0,38,0,41,54,0,0,0,0,0,0,0,0,23,0,0,0,0,0,0,0,0,0,0,48,0,2,0,0,0,10,0,0,0,3,0,0,0,0,33,0,0,12,0,0,0,0,0,0,0,0,0,0,0,0,0,0,26,51,53,53,0,31,0,0,0,0,0,23,0,56,0,0,18,0,0,0,0,0,49,0,23,0,0,19,55,58,0,0,0,0,0,0,39,0,0,0,0,0,55,17,42,0,0,0,0,23,0,34,0
0,0,1,8,0,54,0,0,9,61,0,0,0,0,0,0,14,0,0,33,0,0,0,0,0,0,0,37,0,0,0,26,0,19,0,0,44,0,0,49,44,0,42,0,0,0,0,0,0,0,0,0,0,0,0,0,0,0,0,32,47,36,0,0,0,46,0,0,0,0,0,25,0,0,20,0,0,0,0,0,47,0,0,0,0,0,0,0,0,7,36,0,40,0,0,0,0,0,33,0,0,30,0,0,59,10,0,0,24,0,0,0,0,2,0,0,41,0,0,0,0,42,12,0,0,63,0,52,0,0,0,23,0,0,0,0,0,57,0,0,0,57,44,40,0,7,0,0,0,0
0,0,0,0,0,0,33,0,0,0,11,0,0,0,47,0,0,20,0,60,0,0,0,0,0,0,0,0,41,0,30,29,48,47,0,0,4,0,8,0,0,0,0,0,39,40,0,0,0,0,0,0,0,0,5,0,0,0,25,0,0,0,0,0,0,45,33,16,0,0,60,0,44,0,0,0,0,0,11,19,0,0,5,0,29,0,0,0,0,0,0,0,34,0,0,0,0,0,0,52,0,0,0,0,0,55,0,0,0,35,0,0,0,6,0,52,0,0,0,0,0,0,33,0,57,0,0,0,27,0,0,0,0,0,23,0,25,0,0,0,0,0,0,0,0,0,55,0,0,0
0,0,24,0,0,0,0,0,0,2,0,0,0,0,16,0,0,0,0,0,0,0,12,0,0,6,0,43,0,7,21,0,0,0,0,45,0,0,0,0,0,0,0,8,0,0,45,0,0,0,0,0,0,23,0,0,0,0,24,0,0,0,0,0,0,0,47,0,0,0,59,0,10,60,0,0,0,0,0,0,37,0,0,17,52,0,0,0,0,0,0,0,0,0,6,0,0,0,0,0,0,57,0,0,48,0,53,34,0,0,0,55,0,0,0,0,45,0,0,9,0,0,5,0,0,0,35,0,0,0,0,0,18,0,0,0,0,0,48,0,0,54,0,0,0,24,0,0,0,0
0,0,47,0,0,60,58,21,0,41,0,0,2,0,0,51,0,0,0,7,0,0,0,38,0,3,7,0,0,0,0,38,48,0,45,38,39,0,0,32,59,0,0,42,0,0,0,32,0,0,0,0,0,0,0,0,0,9,0,0,54,0,0,0,0,41,0,0,0,16,0,33,0,0,0,0,0,0,0,0,0,0,8,0,0,0,0,0,0,0,0,0,0,0,0,0,0,53,35,0,0,0,57,20,18,0,45,0,0,0,0,52,19,20,0,8,0,0,0,0,38,0,0,0,29,0,0,53,56,0,0,0,50,0,0,0,0,31,0,24,54,55,0,0,3,0,0,0,0,0
0,16,58,0,0,0,0,25,0,61,0,23,0,0,0,0,0,4,0,0,0,1,22,0,0,0,0,8,0,0,0,40,0,0,0,0,0,40,0,0,0,0,36,0,0,37,0,0,0,0,33,0,0,20,0,0,60,0,0,0,0,0,0,0,0,0,0,0,0,12,12,0,0,0,0,60,0,0,0,50,0,0,0,0,0,0,29,0,0,0,0,0,0,0,0,0,0,0,0,0,0,0,0,0,0,0,0,0,25,0,36,0,0,0,0,6,0,0,0,0,0,0,0,20,37,13,0,0,0,0,0,0,0,0,19,0,0,0,0,0,0,0,0,0,0,0,0,0,0,0
0,0,0,49,0,0,2,0,2,0,0,0,18,27,0,9,0,0,0,0,0,0,0,0,0,0,0,28,0,0,0,42,0,0,0,35,0,0,0,0,0,0,0,0,0,47,0,0,0,0,0,23,0,0,0,0,0,0,0,0,25,0,0,0,48,0,0,0,0,0,0,35,0,0,0,0,0,0,0,0,0,0,0,0,58,0,0,0,38,0,0,0,0,0,0,0,0,0,0,0,0,0,0,0,54,0,0,23,20,36,0,0,0,0,0,0,0,0,0,0,0,0,25,0,60,0,14,0,0,0,0,0,0,0,0,0,0,16,3,0,44,0,23,0,0,0,0,0,0,0
