0,63,10,11,23,36,39,19,1,18,49,41,51,36,32,32,2,25,42,42,20,19,53,35,6,9,1,3,21,36,37,11,16,16,38,31,27,38,21,15,8,50,42,0,26,21,14,20,58,33,39,9,42,54,30,12,43,60,53,53,15,54,22,3,61,41,20,38,56,61,55,25,49,27,57,48,27,33,18,36,51,59,19,50,63,43,0,59,53,15,1,14,38,37,1,46,40,11,14,11,19,58,29,29,10,8,7,14,17,36,21,16,31,18,13,10,10,54,8,14,11,57,48,24,18,7,32,39,41,57,49,23,47,40,5,3,14,45,53,1,46,21,38,57,19,37,0,19,11,28
24,0,47,35,27,12,17,63,52,33,19,61,12,25,44,42,2,42,24,25,32,39,48,6,13,16,36,42,36,4,36,0,38,54,9,34,30,60,56,5,54,42,48,45,34,52,29,24,1,41,0,44,4,53,63,9,35,9,24,50,26,47,17,24,39,0,47,18,5,1,53,3,13,26,29,4,38,28,53,48,52,37,42,7,6,35,11,27,54,35,5,7,53,53,34,44,30,21,4,43,49,46,24,34,7,6,5,61,14,42,35,46,13,63,13,16,46,44,57,12,53,11,13,16,15,31,14,20,30,4,22,19,26,24,36,12,53,24,35,11,62,25,19,20,19,8,8,43,14,1
30,54,0,50,6,21,8,44,8,58,49,5,42,29,41,51,13,15,61,44,22,4,24,31,60,41,36,23,45,8,1,15,60,40,23,4,4,16,8,10,40,28,55,4,1,9,62,47,34,35,52,7,16,58,62,30,62,3,57,39,0,55,28,27,48,9,45,60,30,10,21,1,17,7,6,38,13,25,37,40,22,60,28,9,38,10,21,60,37,47,8,13,37,43,2,1,8,26,35,59,50,39,15,44,0,15,12,0,26,41,39,8,40,3,4,29,10,60,24,18,44,2,32,29,5,23,18,49,23,36,57,25,48,1,31,49,53,43,52,55,52,37,12,35,20,59,63,60,21,43
8,41,6,0,2,37,0,26,39,10,63,60,24,7,26,62,17,2,45,17,62,43,54,47,0,56,38,52,22,3,5,33,6,38,30,53,35,36,52,44,38,0,33,34,53,2,8,57,25,48,31,22,0,47,41,28,46,34,35,3,27,45,7,60,49,24,43,8,58,43,0,30,17,31,38,35,5,38,7,61,2,50,31,2,5,55,5,45,17,48,24,4,54,60,21,22,50,12,52,37,11,2,15,61,4,11,36,6,12,46,38,1,20,42,40,2,35,9,58,57,30,59,22,13,13,13,34,14,0,55,61,48,42,36,18,56,52,43,24,20,32,1,49,46,30,3,1,47,60,11
40,40,18,62,0,31,14,43,2,12,20,59,21,9,25,5,38,57,63,32,25,61,1,46,35,16,39,51,47,23,48,9,25,42,9,28,63,6,59,5,32,17,35,21,19,58,50,16,44,34,40,56,63,49,46,47,30,52,27,18,29,17,39,10,41,25,23,42,46,13,49,38,41,25,7,25,55,17,52,6,57,2,10,23,32,20,33,12,9,23,34,44,9,37,25,29,43,33,28,34,10,63,37,51,49,44,29,48,41,4,0,54,40,51,3,9,13,44,10,57,60,62,6,3,44,8,50,32,21,19,52,14,7,11,8,34,29,15,36,35,31,28,0,8,25,0,27,54,59,29
61,52,38,1,22,0,1,12,59,53,56,63,13,19,59,46,26,19,62,18,13,59,33,35,19,1,44,57,35,41,18,7,63,57,2,41,28,24,41,43,20,23,15,51,6,17,30,21,54,51,28,6,5,40,22,40,5,13,7,28,60,38,1,57,10,37,58,22,28,9,42,45,8,4,43,30,42,12,62,3,11,32,41,60,11,15,47,30,38,40,19,61,19,40,17,57,4,32,15,11,12,28,41,52,2,20,62,61,54,16,26,20,16,60,35,9,11,61,0,12,10,11,38,27,58,53,6,26,38,41,38,3,9,28,47,17,49,37,14,10,16,22,63,4,42,14,12,35,17,22
37,14,38,63,13,22,0,48,10,1,43,14,26,15,20,22,31,53,14,29,50,59,16,39,40,1,33,49,31,38,58,62,41,40,59,30,17,21,11,24,19,37,39,9,26,16,14,44,19,9,39,55,30,9,48,8,39,12,51,21,28,21,36,26,18,8,12,1,63,37,1,63,41,43,15,7,8,29,56,43,62,20,8,8,19,15,41,1,53,61,23,40,39,34,35,49,13,6,52,57,13,29,59,47,6,13,61,19,55,51,50,57,34,32,53,54,59,20,23,44,33,4,54,31,3,7,40,21,45,48,11,53,36,11,33,11,36,5,22,50,36,46,39,57,48,39,24,47,40,21
34,44,56,61,37,33,11,0,60,40,39,25,28,35,25,54,20,51,43,30,49,22,30,3,41,44,47,63,18,23,52,52,13,15,51,16,43,8,44,9,45,39,56,3,9,41,22,19,48,31,57,14,41,58,40,34,7,60,12,39,19,12,44,57,4,2,1,2,36,26,47,32,33,28,43,16,12,60,52,1,53,55,44,15,57,19,35,19,0,3,46,23,12,23,53,1,57,52,62,16,39,57,36,32,9,17,11,50,60,60,17,14,49,35,26,62,63,58,21,19,23,7,36,49,14,19,51,55,2,36,48,7,6,31,4,13,11,14,40,22,39,16,29,60,51,38,54,42,51,45
7,36,50,16,56,8,52,45,0,40,55,51,15,56,56,59,4,56,24,0,22,42,56,6,4,2,3,53,52,25,36,31,9,40,36,8,56,31,55,30,55,51,23,38,13,14,17,31,15,15,13,6,42,17,18,11,12,27,27,7,35,42,20,13,41,30,44,47,3,6,1,47,13,23,3,9,36,39,12,21,20,15,50,10,47,30,7,8,27,50,10,55,50,58,28,63,55,10,62,53,23,34,30,60,36,40,62,19,23,32,5,13,8,13,43,43,43,5,38,43,19,12,43,12,18,59,56,46,27,7,39,57,13,49,4,24,60,33,44,13,58,20,14,54,55,51,49,51,7,63
15,5,32,34,34,36,59,46,57,0,6,46,9,0,22,28,12,46,17,24,29,1,5,19,36,32,44,26,55,34,60,57,11,3,6,58,55,0,63,38,23,33,58,6,44,31,20,39,19,19,51,6,14,52,20,59,52,8,40,38,5,33,63,11,42,36,35,0,13,62,25,3,16,26,52,17,63,44,50,58,60,18,27,24,7,11,45,33,49,52,17,22,60,2,52,33,26,46,52,39,49,61,32,19,50,30,26,29,22,4,6,18,12,53,63,24,0,30,32,13,53,23,53,7,49,46,45,16,23,9,14,5,17,20,25,15,24,51,18,13,56,18,0,6,51,38,13,1,46,40
43,34,62,14,52,7,0,1,14,41,0,50,30,7,42,12,39,53,31,17,42,41,38,18,56,36,34,15,8,18,13,29,2,49,43,30,7,44,13,37,1,42,12,11,43,29,31,25,0,15,25,10,16,21,39,44,32,14,11,11,57,18,63,34,25,35,14,18,61,63,21,52,59,61,9,51,30,5,24,38,56,57,55,12,1,60,23,35,13,57,23,0,44,39,0,13,37,33,18,59,33,20,4,29,38,9,8,14,40,44,57,40,0,53,18,20,13,10,17,55,32,47,8,27,10,60,34,5,50,30,30,43,53,38,6,36,52,47,11,45,8,0,29,28,20,23,34,62,31,56
13,0,5,3,42,38,32,0,19,58,46,0,62,43,37,36,13,26,47,57,7,16,5,43,58,39,36,29,38,57,15,55,45,17,35,9,49,28,60,53,49,42,20,62,45,43,2,32,31,30,15,52,0,33,34,0,52,18,1,11,5,60,37,52,5,23,6,32,48,42,45,23,23,44,44,33,9,18,7,61,51,17,26,21,0,44,39,46,40,10,29,25,46,7,61,32,31,16,2,35,18,42,55,16,40,42,61,59,0,46,52,34,29,7,61,50,61,13,11,45,15,11,24,15,13,5,52,8,7,13,9,56,1,52,28,58,54,27,7,42,16,26,27,17,35,19,4,30,54,26
3,56,44,7,44,51,49,38,57,21,36,6,0,24,12,38,58,27,57,35,7,47,17,18,15,15,52,62,29,51,49,47,51,2,37,41,45,33,48,48,46,13,39,37,6,57,60,25,49,16,33,56,50,24,58,12,21,32,18,46,13,17,22,31,60,15,4,8,10,3,46,19,5,25,62,43,6,48,3,19,3,14,26,12,11,2,51,24,22,5,48,37,39,26,46,56,23,62,9,6,24,17,23,4,48,44,37,52,7,56,45,48,29,58,38,58,20,10,16,32,37,22,3,61,34,0,0,44,34,6,44,0,55,57,5,56,8,18,57,40,58,5,35,18,49,56,25,23,3,0
21,39,63,58,56,10,55,23,6,7,13,49,25,0,59,23,33,54,10,48,21,40,53,42,44,16,15,13,38,50,55,2,55,46,22,58,62,15,15,18,3,0,12,63,31,14,15,57,27,38,39,29,24,26,40,29,8,46,2,2,58,34,57,31,49,26,23,60,13,39,50,13,39,28,46,53,33,46,26,46,51,1,17,1,8,32,27,20,14,0,62,20,0,32,42,18,8,3,35,54,33,5,17,21,19,61,57,12,28,3,3,53,58,58,59,1,7,32,10,61,47,8,35,54,7,1,20,44,30,51,12,20,27,34,26,40,54,61,13,45,38,28,55,36,48,4,1,4,7,37
13,33,49,29,10,6,22,54,59,16,25,4,55,36,0,3,46,54,61,38,39,26,11,26,37,47,30,39,54,17,50,59,8,5,43,51,15,9,34,60,17,28,33,52,26,5,15,33,23,10,51,12,14,29,1,43,41,61,62,21,53,13,15,55,12,43,5,56,17,38,36,49,19,25,7,16,37,0,7,58,53,38,20,30,39,35,44,1,41,5,39,49,53,7,21,23,10,7,16,20,59,59,61,8,49,20,29,44,61,44,63,57,24,23,42,60,1,40,41,60,12,12,10,49,26,39,16,16,2,36,40,25,1,15,34,25,31,57,20,12,33,13,27,26,20,39,49,63,13,63
26,15,10,26,18,46,1,44,38,21,15,17,46,56,27,0,60,10,43,28,42,27,15,7,6,34,56,8,42,6,50,13,46,57,33,48,25,51,63,42,21,50,48,2,31,9,14,42,57,33,35,61,29,34,21,56,40,44,18,51,9,0,17,47,15,3,53,22,21,41,44,49,34,13,10,1,29,4,47,56,15,53,2,33,33,19,47,7,21,6,40,48,47,33,56,26,35,31,24,48,58,42,6,50,48,21,59,24,29,33,20,22,6,28,60,15,4,24,35,3,60,6,45,55,13,18,63,46,8,3,16,33,63,12,4,16,59,58,33,51,34,61,27,24,24,37,18,12,25,10
30,16,12,45,18,34,2,26,30,59,50,17,42,16,19,57,0,10,58,43,53,33,8,14,61,46,33,22,37,50,33,52,46,63,21,49,31,53,35,23,49,6,31,53,8,26,32,54,7,53,4,39,28,10,41,63,20,50,10,21,62,8,4,54,61,52,39,14,42,59,57,21,29,3,52,43,2,36,48,16,57,5,31,56,62,16,14,33,51,19,6,54,8,12,8,31,17,61,21,25,7,54,57,35,24,6,62,7,7,23,40,23,31,24,33,41,45,1,38,29,28,61,8,17,48,55,52,16,31,56,62,46,15,42,4,44,13,18,50,29,49,20,11,0,18,32,33,3,57,44
4,17,31,50,8,16,21,54,31,33,7,33,52,53,54,43,11,0,46,10,28,12,46,37,26,14,2,7,35,54,37,2,31,34,42,53,55,51,51,38,34,11,3,42,26,50,22,15,62,14,50,12,55,35,49,1,50,2,57,9,39,40,24,22,50,41,10,29,41,43,35,20,26,17,38,11,30,44,41,2,0,4,49,17,43,62,35,36,52,24,37,36,59,33,22,30,0,42,34,42,17,0,10,4,33,30,61,63,10,58,41,2,36,6,0,40,28,22,23,16,55,60,29,57,28,52,40,60,26,2,33,52,25,63,24,11,38,10,36,26,60,37,36,38,36,36,33,60,43,59
39,19,4,18,59,7,9,24,54,37,48,12,25,14,7,30,63,43,0,44,36,61,18,30,6,44,57,24,11,42,3,17,25,59,59,37,0,8,7,5,15,14,34,15,61,46,35,30,60,33,44,41,23,19,43,3,24,58,34,47,34,5,7,38,49,40,6,8,51,24,15,48,38,0,40,20,0,21,18,34,29,57,49,6,20,16,0,10,23,33,63,13,55,61,36,48,1,34,8,40,52,26,52,33,2,43,18,11,30,20,16,47,0,24,1,16,9,16,58,49,29,4,33,28,30,22,18,28,61,39,49,50,33,44,1,37,31,7,31,59,29,18,17,17,53,21,27,30,21,33
37,36,61,37,43,29,2,6,20,41,28,39,28,33,59,12,57,40,34,0,19,32,31,36,55,52,14,33,33,13,38,45,56,10,33,61,32,45,23,23,54,21,52,12,57,52,63,49,7,35,49,40,26,18,1,18,26,8,53,24,46,63,12,11,35,53,27,57,9,57,26,33,63,51,22,29,44,47,52,38,26,58,30,56,54,9,43,35,53,46,48,50,13,41,49,10,24,49,9,13,15,35,42,35,12,53,30,20,14,57,53,22,2,39,14,21,10,42,34,21,56,12,54,60,30,13,4,3,5,1,8,24,44,14,50,18,17,47,61,47,30,32,35,52,25,35,26,23,45,36
27,43,16,58,18,40,20,59,63,37,36,39,27,32,28,27,4,36,19,2,0,54,5,0,48,2,16,21,47,39,40,0,26,51,36,49,48,19,37,35,52,61,47,33,15,1,2,5,20,56,61,38,20,19,14,61,39,42,39,3,46,25,53,5,32,17,39,24,47,56,30,2,24,43,26,35,34,3,42,50,38,37,44,1,10,34,17,63,56,35,33,3,29,21,20,19,11,16,33,29,11,31,25,30,34,35,0,32,61,44,41,47,6,23,54,33,8,28,28,46,54,24,25,13,18,21,43,2,13,32,40,38,12,51,60,27,58,37,28,20,16,0,53,5,13,52,26,8,57,8
0,28,6,59,16,24,35,27,16,0,18,4,34,30,59,5,28,39,46,52,54,0,60,58,50,19,51,0,16,2,35,23,40,63,32,58,44,34,30,31,46,46,45,52,17,37,8,26,6,15,41,6,22,30,27,5,61,8,13,21,19,11,29,33,16,44,27,24,34,28,5,39,16,20,38,6,55,9,28,7,62,33,36,52,55,27,7,7,56,31,36,24,29,10,20,28,33,20,26,1,48,2,39,9,38,40,63,3,38,24,6,33,23,43,24,4,2,29,10,62,41,14,8,20,39,33,21,43,1,1,1,60,25,20,37,11,48,9,17,48,60,37,36,3,49,3,35,8,7,20
42,13,19,1,48,36,19,51,41,45,24,17,35,58,8,49,46,55,55,18,46,10,0,20,26,26,12,51,47,23,54,2,22,25,11,60,36,56,36,3,6,38,61,63,61,13,1,55,1,39,49,7,45,46,43,7,34,5,26,12,8,60,62,42,37,12,1,20,26,18,34,30,19,10,58,57,34,60,23,29,12,55,14,31,54,30,20,10,5,51,8,35,42,38,15,38,8,57,60,42,30,32,21,20,36,31,21,21,49,23,2,37,44,9,3,33,53,51,31,17,15,37,45,20,47,0,12,53,41,0,3,46,36,60,61,62,46,15,12,17,61,13,48,60,4,0,16,58,14,46
49,35,25,31,10,48,53,50,27,18,44,5,13,60,4,25,47,37,0,43,54,17,53,0,25,12,28,35,60,24,3,27,52,49,13,10,61,46,11,6,32,10,46,22,8,48,1,25,46,5,45,11,53,50,44,34,19,20,44,18,18,30,31,18,49,39,36,7,47,46,35,30,3,6,38,32,35,3,31,54,10,43,25,44,54,38,43,4,40,22,39,48,50,57,37,14,42,48,4,42,8,44,17,19,50,23,48,33,19,53,3,21,28,32,36,24,25,10,8,9,15,31,16,11,53,52,18,35,15,24,25,17,37,48,47,41,31,22,2,63,47,60,28,40,13,28,37,42,12,17
49,10,11,51,19,57,22,11,52,21,0,41,49,36,35,28,14,60,37,8,9,21,15,50,0,3,28,44,50,4,11,12,48,38,28,63,29,33,16,6,2,37,28,21,37,13,31,5,9,53,27,41,31,6,37,52,16,55,9,54,58,55,21,27,34,30,10,55,23,1,42,25,47,62,32,48,0,5,62,6,19,2,1,60,35,27,58,4,62,4,18,49,41,1,45,0,40,49,30,34,21,51,2,31,53,2,37,44,55,44,54,5,14,1,61,21,56,31,14,20,32,5,52,21,43,49,11,23,54,42,57,49,11,18,36,61,41,47,0,61,19,2,23,37,39,9,9,2,52,22
27,40,30,9,8,4,23,29,44,43,17,44,44,44,14,17,27,36,32,14,59,11,32,54,5,0,9,6,13,20,10,50,62,50,28,58,33,27,33,15,55,4,7,46,56,30,63,41,26,30,9,39,41,52,48,41,53,32,62,20,42,8,26,12,1,7,62,15,42,8,48,29,31,46,58,0,44,29,15,41,21,20,33,60,52,28,29,23,38,36,39,32,10,33,6,46,62,37,3,7,6,35,33,28,2,49,36,44,17,0,24,0,3,39,36,3,41,47,6,43,50,0,50,49,9,11,45,28,21,28,26,53,22,11,55,13,16,8,12,54,61,19,57,0,10,6,26,43,33,5
54,30,20,9,48,56,25,52,41,35,44,17,55,8,33,49,41,37,53,4,32,53,5,11,25,29,0,17,29,1,60,13,49,29,11,56,55,4,22,12,54,55,5,35,5,12,60,13,57,24,2,57,56,17,42,49,63,57,51,34,10,50,58,43,28,25,46,10,47,19,62,34,42,47,25,15,43,37,40,0,7,28,39,46,62,62,5,5,33,61,54,34,37,15,2,21,5,27,4,53,3,1,49,50,43,45,49,47,49,5,34,6,28,45,14,44,13,60,40,36,57,47,5,61,56,43,37,34,24,15,51,47,34,14,27,8,31,35,2,25,35,57,59,10,54,27,27,51,38,58
45,17,50,55,40,6,5,0,47,22,10,45,26,46,10,33,63,5,48,49,13,20,54,52,43,59,33,0,17,49,39,50,30,27,29,3,13,12,17,29,16,21,46,9,26,36,57,43,27,19,6,35,55,25,52,53,17,42,39,36,20,60,5,2,42,19,26,6,4,11,50,46,7,29,59,56,28,56,56,56,3,32,22,19,7,42,54,58,35,39,22,42,29,27,2,30,25,14,18,33,34,13,4,17,13,62,32,32,43,57,53,28,17,57,31,28,19,18,42,33,5,50,26,53,54,52,35,56,18,22,38,57,63,9,0,44,20,41,14,29,28,7,11,48,35,4,10,15,13,4
30,8,28,31,53,51,4,36,13,28,19,27,31,34,40,10,55,26,2,47,16,57,38,39,14,48,62,56,0,39,39,46,18,16,12,45,62,5,46,23,22,27,35,55,62,10,60,1,8,46,31,50,11,28,0,16,46,63,31,57,56,17,8,1,45,26,40,30,55,12,32,28,21,3,21,42,4,42,13,56,11,60,4,14,13,27,60,0,57,62,14,26,61,31,49,46,49,34,42,31,5,40,59,47,1,57,38,36,0,58,22,15,35,9,8,39,39,44,26,59,47,4,25,8,40,21,37,3,27,51,37,63,16,3,10,36,26,10,27,27,43,37,20,22,48,11,58,55,25,29
51,46,43,12,61,25,63,22,32,31,16,55,60,47,56,55,3,50,52,24,53,23,43,24,7,29,58,40,41,0,7,9,24,51,51,15,35,39,35,1,18,1,22,40,12,26,12,39,43,42,39,43,23,25,18,54,56,62,52,34,41,6,59,40,59,7,60,59,0,41,4,7,53,7,37,16,3,9,5,5,23,5,5,4,29,19,60,9,57,1,0,46,55,11,3,4,55,54,46,16,3,49,52,38,14,60,61,48,7,42,14,37,60,17,42,1,21,14,25,3,46,32,55,60,23,63,28,17,39,40,24,48,0,32,7,33,26,26,5,45,57,16,4,10,34,8,36,50,21,3
53,61,49,4,31,28,15,41,25,1,20,36,5,18,23,33,38,63,28,30,54,20,27,26,59,6,0,42,33,44,0,23,36,51,63,8,60,37,52,62,39,17,15,10,32,55,26,30,32,26,1,60,48,39,61,53,21,13,56,16,27,17,59,6,34,0,52,29,41,29,42,61,10,33,36,21,43,32,52,1,7,58,59,40,26,22,32,56,10,41,40,4,19,28,8,28,43,8,25,17,49,28,10,30,27,55,33,43,37,23,14,40,37,52,22,37,40,35,10,50,56,9,17,27,47,40,11,16,1,7,16,56,41,22,0,1,63,0,18,22,57,14,17,30,53,60,7,55,39,31
63,52,40,39,51,52,13,6,7,18,47,27,14,54,51,57,46,27,27,63,9,12,51,25,3,8,55,25,26,46,2,0,35,17,3,11,19,52,1,8,50,25,39,42,44,20,16,60,16,3,4,12,16,21,30,31,56,41,6,51,40,45,37,46,49,50,63,57,26,2,25,21,40,9,41,39,28,44,14,8,4,45,16,19,59,31,17,33,6,43,10,23,61,39,61,40,45,60,30,32,60,34,16,39,32,29,47,51,41,47,54,20,14,2,4,2,34,30,52,40,52,29,9,8,27,53,45,11,30,38,38,51,29,41,44,43,9,17,57,17,7,45,61,0,26,14,20,24,34,54
57,9,55,48,54,50,4,1,57,27,63,22,48,41,45,35,25,50,49,1,31,53,42,47,60,54,18,37,20,35,36,41,0,62,11,48,27,16,33,21,22,9,18,7,3,35,38,21,4,24,8,60,39,11,2,51,30,54,60,9,60,28,48,55,17,52,57,5,61,32,55,51,3,11,15,39,32,8,36,16,15,51,26,13,50,54,34,35,35,4,39,45,24,27,43,33,32,4,10,27,5,38,2,39,35,63,45,46,20,41,18,59,26,47,4,57,49,53,19,7,56,42,39,7,28,38,12,27,31,11,26,53,51,14,7,23,58,53,13,3,4,11,51,23,43,5,52,5,47,60
51,57,43,36,48,40,32,46,33,44,60,41,35,55,54,24,4,7,36,55,30,55,54,28,60,3,27,34,10,32,57,60,40,0,43,37,4,30,57,38,26,13,53,62,44,4,46,4,60,28,16,56,0,45,14,61,21,62,25,38,51,46,25,60,62,38,46,39,24,19,8,28,5,47,49,47,43,8,10,18,20,60,2,0,30,50,1,17,3,17,30,42,1,52,55,6,61,40,36,34,17,46,29,40,36,0,29,11,25,6,16,62,12,9,15,26,13,4,5,20,15,51,18,35,27,20,58,13,49,58,27,55,37,16,26,44,30,26,59,16,56,26,38,9,24,50,51,22,47,4
45,11,43,34,28,48,58,20,10,52,16,12,57,6,38,29,52,17,1,58,8,57,10,40,7,53,57,24,58,1,27,29,22,10,0,50,22,33,50,30,2,23,53,29,50,16,1,58,16,19,33,62,3,54,35,1,9,54,58,56,29,5,20,47,7,35,37,27,40,52,40,20,7,47,21,43,19,53,28,32,32,47,42,5,29,43,10,13,63,5,42,15,9,10,39,29,1,28,58,1,11,9,14,56,45,55,24,31,19,62,58,22,48,46,25,54,36,4,0,18,7,34,6,53,28,45,59,60,25,32,38,24,6,24,47,45,11,48,21,26,38,55,60,55,56,56,37,24,17,13
48,27,16,49,35,53,9,27,4,13,33,56,11,61,27,32,24,21,27,1,0,20,59,20,44,32,18,58,55,25,19,11,6,28,39,0,62,19,4,61,13,51,57,53,49,30,55,18,25,53,41,60,28,43,22,21,0,41,51,36,4,7,46,54,24,49,54,16,42,37,39,22,34,7,16,21,27,53,5,55,52,60,39,43,35,18,47,14,14,60,43,57,63,12,11,47,41,57,29,48,9,25,44,15,8,18,3,42,59,11,51,54,55,62,26,30,19,47,1,34,53,8,38,37,6,1,3,43,56,51,60,41,9,40,35,47,55,9,3,10,63,60,30,43,25,36,13,57,6,19
11,34,49,28,13,21,36,12,6,5,52,9,46,3,60,58,49,58,2,60,35,62,16,4,15,47,27,8,20,34,7,44,15,53,51,55,0,41,11,15,17,41,58,43,26,29,50,41,18,23,60,37,7,42,60,13,50,45,50,51,20,33,39,62,3,22,0,15,36,59,5,34,21,8,3,5,12,58,19,39,52,3,11,14,47,37,3,16,3,12,59,41,6,5,39,7,42,46,11,51,36,35,56,41,30,22,1,10,50,2,30,25,52,7,5,53,20,41,22,45,29,41,57,18,16,46,12,23,24,2,38,25,39,47,42,41,40,13,39,57,21,11,36,45,0,60,15,11,28,9
56,5,59,8,45,21,52,30,25,46,27,26,52,5,6,13,8,21,62,19,43,54,52,57,8,7,28,37,21,47,1,1,40,62,38,4,19,0,0,58,10,46,61,50,57,37,44,35,10,35,27,36,1,54,14,36,39,23,3,17,23,27,40,40,36,9,2,7,30,62,25,39,36,59,30,63,34,12,9,39,51,6,39,59,51,61,51,18,56,31,5,35,57,15,25,50,56,10,34,52,8,48,56,28,39,39,54,54,40,37,56,43,61,37,42,46,43,59,45,23,37,6,55,36,40,13,63,57,63,19,19,13,0,38,46,46,42,27,24,34,11,8,58,9,49,52,26,40,50,42
62,27,6,0,62,30,45,60,11,1,11,37,7,7,47,15,58,14,55,28,2,17,24,59,60,35,5,8,53,61,3,63,33,52,62,50,14,61,0,11,61,58,43,43,33,45,50,58,57,26,12,3,30,4,42,33,30,42,18,58,16,13,34,58,63,7,11,24,44,54,34,60,63,50,10,20,0,63,21,15,35,17,25,36,2,32,31,28,25,44,62,41,44,26,30,58,45,20,0,60,45,12,27,26,31,35,60,15,21,27,3,32,24,2,33,0,14,23,40,57,59,60,45,22,63,35,50,28,40,0,9,13,60,15,28,34,32,49,33,26,46,36,53,14,20,29,2,41,50,18
3,30,24,22,27,3,23,30,4,32,33,50,60,54,24,30,19,60,18,59,56,33,14,47,46,40,50,53,59,38,12,9,21,17,30,46,53,59,31,0,49,53,52,4,23,26,39,54,9,23,63,34,42,32,55,31,12,37,50,18,43,13,54,14,31,51,15,2,2,26,61,6,33,53,28,58,27,13,32,43,7,25,24,30,38,2,22,46,52,39,6,53,53,4,10,34,46,62,32,63,45,17,63,7,11,63,60,15,32,38,40,50,50,21,11,23,49,42,44,1,18,14,40,4,18,54,59,13,3,5,48,38,29,59,34,34,62,30,5,33,53,55,49,42,55,53,56,1,31,62
19,35,40,21,63,19,53,16,46,38,17,4,23,14,14,26,22,57,11,22,46,32,54,8,57,18,2,26,53,26,34,27,12,3,60,28,27,60,14,27,0,31,37,1,38,38,22,60,11,15,35,46,9,56,57,19,59,8,54,46,9,8,52,56,28,30,60,7,33,31,46,59,28,54,45,23,1,34,31,10,18,41,44,58,3,3,27,41,42,61,37,20,60,26,45,63,39,18,49,29,41,29,24,0,48,34,62,0,21,28,57,24,57,40,1,20,28,26,10,3,9,54,63,50,21,58,29,25,59,31,38,31,3,17,53,5,55,0,49,44,16,56,28,23,62,29,47,20,39,15
29,21,13,59,16,31,18,41,63,38,42,52,3,4,31,52,51,29,47,13,47,50,48,59,23,1,24,24,12,34,18,29,12,12,50,18,15,35,44,36,26,0,59,60,47,12,58,43,51,56,22,1,17,35,47,50,44,26,33,18,0,11,1,56,4,18,29,27,13,61,60,54,45,42,26,24,14,38,59,38,35,32,50,25,0,2,45,40,33,47,32,49,60,6,45,30,38,16,58,19,41,17,61,42,24,54,52,12,56,44,4,41,50,63,33,49,2,0,49,41,52,7,47,34,0,35,50,35,63,45,35,37,16,33,35,4,29,9,25,1,24,38,13,10,47,58,48,32,3,55
44,54,57,7,1,62,58,20,12,59,31,24,41,16,18,33,35,49,28,39,23,10,29,12,51,58,63,6,61,26,60,57,12,25,1,2,52,60,29,43,32,16,0,16,15,24,27,9,23,14,60,46,45,41,32,7,23,22,37,61,22,13,19,42,11,47,62,33,1,35,13,6,26,30,26,59,57,3,16,37,46,15,8,46,5,48,0,42,53,14,36,35,6,48,50,3,39,55,53,43,49,43,57,2,40,6,31,45,35,30,2,22,6,56,20,42,43,45,13,56,10,51,25,2,57,51,54,4,57,61,26,22,27,34,32,52,14,28,33,0,42,39,20,31,56,14,54,5,37,12
14,25,44,1,11,3,41,46,4,20,31,16,60,3,41,2,37,46,4,53,7,11,44,47,29,6,1,52,49,61,39,27,42,50,17,25,2,17,25,32,4,22,49,0,19,2,53,0,15,3,11,21,6,12,6,34,11,30,52,47,18,13,24,62,17,24,40,24,62,38,34,60,6,45,12,46,42,19,10,54,9,18,35,44,32,59,35,33,28,21,62,43,42,59,15,48,32,14,39,47,35,52,45,6,59,51,20,4,25,27,43,21,28,2,34,19,52,18,23,2,10,34,24,10,44,23,15,14,63,36,6,52,48,56,14,15,34,63,31,47,39,52,62,39,31,17,3,47,51,42
0,10,4,39,47,38,60,48,15,21,12,12,5,0,16,49,57,5,36,58,7,60,17,51,56,57,9,12,12,30,21,45,8,52,61,4,56,59,18,42,24,4,18,60,0,29,61,28,22,34,58,20,10,54,18,60,0,36,11,31,17,11,33,39,14,6,15,13,10,4,8,52,37,44,17,13,31,42,17,36,0,15,34,59,7,19,24,24,47,56,16,24,42,4,6,55,47,16,60,44,51,45,42,60,56,16,55,33,9,5,61,44,25,9,16,8,60,19,2,11,28,54,6,3,22,39,56,57,41,44,60,50,23,40,2,21,20,7,23,51,53,17,55,42,54,59,49,12,26,35
63,37,37,34,8,36,19,20,23,38,28,30,57,3,21,36,37,51,48,15,19,2,45,16,29,36,46,13,61,38,1,21,46,47,4,28,19,55,14,38,4,59,47,57,48,0,46,21,41,31,50,61,26,37,15,17,16,18,29,17,6,18,41,11,17,34,49,1,17,6,25,2,63,33,40,54,30,36,29,36,29,8,2,63,56,30,5,35,33,57,27,61,46,38,36,36,30,57,29,2,23,34,12,0,44,51,7,47,50,48,40,49,9,61,15,46,28,59,55,38,15,51,24,2,17,33,17,39,59,8,23,9,53,10,59,62,35,50,1,7,59,46,11,39,44,58,15,47,53,0
43,26,9,0,20,19,40,10,29,19,8,6,15,5,49,9,43,34,0,50,30,27,54,51,52,7,30,24,55,40,57,53,15,39,4,27,8,23,21,43,57,45,35,60,32,58,0,35,26,53,38,35,22,9,30,54,36,51,4,21,40,28,16,59,15,9,41,55,44,13,29,6,12,60,57,29,34,26,41,24,63,20,62,37,12,14,62,52,40,10,47,17,41,41,40,31,25,13,35,46,18,15,37,41,54,14,38,31,60,17,47,22,45,32,52,31,24,27,46,4,37,10,11,27,57,39,25,46,4,17,35,19,17,28,19,25,53,33,3,8,5,3,15,39,10,34,11,47,33,49
21,6,31,9,59,50,33,54,5,28,17,38,59,11,38,60,55,62,34,9,11,7,56,60,27,13,63,56,63,16,29,23,47,5,38,54,16,25,38,14,63,2,46,11,35,36,10,0,53,52,4,8,47,17,3,37,58,58,43,41,10,31,3,21,26,35,30,46,11,23,26,13,36,21,51,4,50,33,24,13,25,33,12,28,53,37,44,13,4,53,13,7,61,6,56,63,58,19,7,27,49,26,26,60,43,28,11,10,21,63,26,7,39,53,39,34,46,44,62,25,57,61,10,45,6,21,6,20,14,24,8,36,6,60,13,27,36,53,14,61,19,54,48,56,12,39,33,53,30,21
40,31,28,42,37,47,11,52,9,29,17,12,49,34,30,57,54,58,38,60,13,21,4,29,46,10,37,39,1,19,11,37,43,4,19,54,25,54,53,42,34,6,36,37,41,62,8,19,0,30,53,3,63,48,9,29,17,37,46,43,4,48,26,57,26,13,63,30,48,60,37,53,11,21,60,22,4,32,42,46,10,52,25,58,37,43,30,37,9,21,11,41,33,62,34,2,26,55,17,18,52,12,63,22,14,59,22,49,47,8,15,59,60,0,29,39,26,55,26,16,43,48,47,12,24,18,50,14,0,41,26,26,46,13,5,9,34,33,27,9,55,46,22,22,59,50,51,9,3,33
53,59,48,6,19,50,46,40,30,8,49,12,50,3,30,21,24,22,39,40,8,54,41,57,54,22,32,56,38,61,9,29,28,39,8,28,50,49,8,4,26,9,8,49,15,33,29,46,45,0,20,50,22,17,34,47,59,52,28,28,13,17,13,37,17,4,28,55,20,30,5,51,20,23,22,29,55,37,25,8,16,33,7,36,16,53,26,16,44,43,33,21,40,52,11,1,23,30,9,55,23,36,36,59,24,7,58,33,63,41,59,42,60,54,56,31,41,33,35,18,56,35,40,10,52,37,3,21,4,58,29,41,61,10,31,44,15,26,20,46,11,20,28,62,42,61,38,6,20,48
32,19,17,48,63,35,10,49,39,26,29,43,58,4,62,3,27,48,39,45,10,17,35,42,7,42,33,5,31,17,48,41,36,60,12,9,41,42,11,33,2,32,0,15,15,31,3,35,20,9,0,15,35,18,53,29,26,46,32,28,62,36,20,13,6,38,6,24,51,59,40,14,24,14,36,63,4,3,61,60,42,13,45,17,62,23,20,30,1,50,59,33,56,32,61,7,15,9,32,15,33,53,6,44,18,13,63,57,50,55,55,0,12,40,44,16,57,40,25,27,21,39,22,38,33,6,23,38,2,40,38,50,28,55,13,45,41,29,23,48,28,51,53,49,47,20,6,7,18,56
51,21,24,35,21,44,27,56,19,18,28,1,45,41,44,43,50,31,52,31,22,42,18,6,10,34,32,35,10,3,0,57,56,43,0,11,51,63,3,6,11,31,61,45,8,13,1,24,15,0,50,0,14,14,54,50,54,37,2,15,30,44,11,62,60,23,1,37,41,2,15,29,55,47,53,46,14,48,13,29,49,61,18,5,40,50,42,17,29,14,47,18,36,1,13,34,14,32,33,26,62,5,46,56,43,18,6,23,16,19,8,11,23,10,9,17,47,55,31,54,2,35,49,36,14,10,39,48,52,29,53,42,10,23,12,43,36,52,46,43,41,55,30,22,53,8,58,61,46,7
45,1,35,35,1,31,58,21,34,48,33,12,42,5,12,44,34,27,45,62,13,25,63,62,7,29,60,27,25,61,28,60,15,5,56,47,17,27,40,45,7,61,62,18,30,15,45,20,60,43,54,2,0,41,46,4,54,50,39,43,19,62,47,40,30,63,31,36,60,2,49,40,29,45,49,36,57,62,58,5,1,62,27,4,33,24,41,23,56,21,11,18,30,24,1,42,9,7,31,40,37,38,25,29,28,62,13,53,40,9,19,27,14,1,61,56,17,63,53,57,9,3,18,22,58,55,12,6,46,29,21,55,55,27,35,32,28,55,22,17,14,59,56,47,50,47,28,42,39,45
20,9,8,15,36,40,40,63,50,35,20,54,60,4,41,18,23,49,37,14,57,32,9,8,2,16,16,27,31,27,60,17,56,39,49,55,48,58,52,48,63,46,54,15,57,7,5,61,2,36,40,56,45,0,35,9,22,44,35,14,20,24,23,13,17,24,57,34,39,58,36,16,16,0,41,31,24,0,8,16,57,23,57,5,31,23,27,18,33,28,39,61,2,10,52,15,48,8,24,35,12,12,63,40,6,62,6,54,25,32,5,25,41,25,31,31,60,22,13,44,29,0,34,20,20,9,55,19,3,33,42,2,1,12,24,1,22,21,59,46,37,13,12,41,34,32,16,41,57,10
47,59,43,24,26,3,39,9,45,23,15,26,58,28,17,57,17,1,62,21,23,21,14,16,50,32,58,29,32,13,33,36,55,57,44,51,32,61,46,47,5,33,31,6,30,61,10,55,62,20,33,22,31,50,0,4,0,50,5,44,38,29,36,1,57,42,23,51,60,17,12,44,16,60,24,14,43,36,25,35,13,46,42,49,49,9,38,25,4,6,20,43,4,55,44,16,54,40,63,57,55,16,0,6,20,46,16,5,24,10,37,50,48,37,26,15,29,51,32,51,10,26,34,53,5,63,7,25,36,4,49,46,34,62,49,29,3,31,32,24,28,14,6,34,7,54,56,10,46,8
24,48,1,63,5,39,26,58,44,62,3,63,57,61,39,10,57,10,41,12,2,38,60,2,18,31,60,9,33,5,2,30,53,2,21,43,45,63,39,46,39,32,34,45,59,38,10,1,21,29,42,21,52,13,30,0,47,26,48,6,51,12,47,7,16,55,32,30,61,1,21,50,42,17,3,33,50,20,53,54,52,2,56,5,49,25,12,39,41,36,38,42,38,20,6,0,52,11,19,25,41,35,44,51,26,54,17,2,6,23,53,27,26,47,5,15,4,25,27,24,28,9,58,18,57,23,4,44,20,57,50,57,18,11,33,26,49,51,41,24,23,27,14,6,59,23,15,57,54,50
34,51,20,34,0,47,15,42,3,48,46,37,51,52,25,63,18,45,5,50,36,35,39,56,40,61,19,63,27,6,36,10,2,32,16,0,51,11,20,25,39,60,44,44,0,46,29,34,42,31,40,7,27,24,28,0,0,45,31,8,34,39,55,16,37,48,50,54,11,49,49,63,9,11,7,5,9,17,50,15,47,28,51,59,18,6,19,62,1,37,62,47,60,21,35,4,16,44,63,37,18,19,6,55,13,7,5,5,49,41,28,16,16,0,20,10,18,58,48,9,30,2,57,39,9,55,49,44,49,34,54,20,48,35,2,23,4,61,2,29,18,26,12,21,39,34,13,52,16,58
7,4,2,32,57,44,31,49,57,53,41,51,61,27,1,40,23,1,8,34,17,63,28,18,24,44,30,18,10,60,39,35,49,48,2,54,45,6,13,25,12,0,8,18,8,13,40,9,50,46,21,63,54,44,7,8,58,0,14,6,37,54,51,55,46,36,53,31,27,42,8,56,16,26,36,32,15,13,33,25,17,8,23,23,56,27,5,49,25,45,23,16,50,1,61,34,57,37,19,49,7,25,42,14,54,36,31,7,4,57,45,29,50,13,57,56,38,44,32,41,10,21,26,57,54,51,17,39,14,27,8,51,52,39,13,7,17,27,25,23,59,47,23,42,2,38,9,27,0,33
62,20,57,8,10,45,47,43,23,55,57,12,42,43,42,36,18,5,4,47,57,56,29,50,43,20,10,48,3,12,39,61,49,36,4,36,59,9,27,37,2,24,33,22,12,7,46,5,37,9,18,46,42,51,15,23,25,55,0,62,46,10,35,6,5,18,1,18,13,10,42,37,13,2,37,47,8,3,44,36,16,31,32,58,28,59,39,44,49,31,9,52,25,1,17,25,30,39,24,8,61,46,43,17,3,54,21,7,36,5,39,38,7,47,44,3,13,51,61,23,7,35,56,5,58,52,0,16,36,49,41,27,4,49,46,62,4,8,1,42,58,55,18,37,19,44,26,59,45,28
46,5,39,23,45,9,17,8,8,39,44,56,49,38,34,47,4,48,12,61,36,25,13,49,55,31,37,35,7,0,19,31,57,19,35,60,27,49,32,50,61,47,37,37,35,2,47,55,1,16,19,2,18,13,47,23,2,50,3,0,62,11,2,25,31,31,25,25,2,21,39,5,9,60,41,40,55,54,25,28,39,52,10,25,45,33,36,49,11,3,55,27,36,15,8,40,52,16,3,17,38,26,17,4,59,11,39,35,55,56,2,10,2,2,3,41,16,34,29,28,43,30,47,33,49,0,46,31,11,52,16,24,42,40,46,40,46,2,54,21,17,41,55,22,1,49,32,30,57,8
4,24,62,13,17,36,0,49,23,39,23,17,5,0,50,26,3,49,56,32,32,10,51,40,27,45,52,17,38,46,21,11,9,26,2,30,41,49,22,4,59,4,23,34,48,31,36,13,54,23,6,27,19,16,26,45,48,1,45,8,0,44,28,16,17,36,8,44,39,57,16,54,54,26,4,39,60,61,39,62,9,33,5,53,22,22,48,13,56,24,25,61,37,32,37,8,21,29,45,60,51,42,31,46,15,42,34,10,60,0,44,54,57,30,50,58,9,25,11,58,22,55,42,41,31,28,60,2,24,15,51,60,24,17,43,19,55,36,11,35,58,46,33,21,48,45,22,59,23,54
49,34,53,21,11,23,4,16,52,24,17,63,47,29,19,54,24,53,55,31,18,35,12,16,43,35,63,0,44,6,42,57,8,9,34,2,24,28,12,14,27,39,45,60,32,35,61,30,24,4,8,48,56,24,61,6,7,12,23,41,5,0,23,2,48,34,28,1,15,2,5,32,21,38,21,28,42,52,22,57,7,22,37,53,19,30,32,59,53,52,13,31,31,8,54,17,9,39,25,50,47,37,52,44,44,31,20,31,18,26,16,46,27,21,6,31,62,37,17,56,4,53,15,60,35,34,60,19,25,26,10,5,13,36,44,26,59,52,55,41,32,56,37,23,52,29,46,22,39,35
23,24,24,52,9,11,25,48,31,26,26,35,54,37,44,6,42,26,12,45,33,13,31,50,6,43,60,11,29,37,49,14,38,14,53,15,30,27,13,39,33,46,2,38,29,2,3,15,23,42,54,1,28,36,19,48,7,33,17,46,59,40,0,0,37,39,54,7,5,6,46,23,62,11,55,32,14,46,31,39,26,1,19,61,17,37,20,24,38,28,43,24,59,41,50,18,57,41,33,58,51,51,12,35,29,30,28,13,52,45,3,38,38,12,22,17,5,62,37,49,53,27,19,63,16,45,48,53,6,24,62,57,39,22,61,6,36,9,19,29,12,47,25,24,22,56,36,16,10,6
50,34,28,0,39,3,22,46,4,4,60,46,51,41,57,21,5,14,26,14,33,54,10,32,13,61,41,29,16,40,36,43,32,25,40,46,24,30,24,45,57,42,14,55,53,4,12,38,7,20,3,25,12,7,46,24,51,36,14,52,49,29,27,0,7,61,42,55,48,24,22,22,33,23,57,45,21,37,0,59,32,61,11,33,53,7,35,40,51,49,35,44,43,61,31,11,55,13,24,36,10,30,5,26,9,5,0,41,11,40,58,7,61,17,59,15,3,49,12,54,46,0,12,5,2,51,18,59,0,29,60,45,52,58,27,41,32,50,48,33,9,46,62,25,41,50,53,4,21,19
19,34,62,58,59,22,56,7,14,60,48,47,25,2,27,40,7,59,4,31,53,46,28,15,1,50,23,28,1,49,38,24,61,56,47,39,12,48,38,26,52,36,26,22,29,15,40,7,36,63,55,7,55,16,48,43,11,48,19,9,39,0,33,41,0,26,29,41,51,16,17,52,59,26,42,0,23,46,17,6,19,50,33,26,34,43,6,24,6,13,55,0,29,24,34,4,40,22,1,38,23,16,5,55,57,3,31,49,9,50,52,58,20,33,41,57,21,30,11,6,12,62,22,56,42,7,25,62,25,45,3,55,47,45,63,7,35,42,9,61,49,34,27,33,48,51,44,18,39,29
2,52,39,13,45,24,14,46,10,0,13,61,56,25,40,10,60,48,31,55,46,20,15,25,54,60,4,26,50,34,46,44,43,24,30,1,37,0,10,38,48,57,28,50,23,57,30,44,19,35,45,2,15,61,47,11,56,40,39,31,27,28,54,33,32,0,29,21,8,51,55,5,27,57,0,58,51,63,35,37,18,15,30,21,1,2,30,43,21,58,55,27,32,29,61,10,28,32,46,32,40,45,54,61,13,50,10,52,28,20,8,50,9,25,7,39,27,24,58,60,35,32,7,9,22,59,28,62,31,62,23,39,17,48,13,18,39,15,42,60,62,15,3,21,48,16,33,56,61,53
40,60,48,0,44,0,41,0,32,21,7,38,55,62,29,11,30,16,47,49,20,2,21,31,32,51,42,14,57,10,29,53,42,56,25,47,32,55,4,37,11,40,11,41,13,51,4,5,51,28,23,53,39,18,1,5,33,19,45,23,59,29,54,7,31,34,0,7,16,61,33,11,26,4,1,34,25,5,36,23,7,18,13,25,20,9,25,3,48,27,0,37,45,18,14,35,21,33,39,9,58,63,54,40,14,14,11,16,41,48,45,27,27,9,1,18,11,22,14,35,39,31,63,33,3,44,29,12,33,13,16,42,39,25,20,51,22,24,16,27,18,37,57,34,19,40,34,48,22,10
26,14,28,9,21,12,59,3,41,43,31,28,9,61,51,37,25,41,33,21,46,10,47,9,26,55,46,45,43,9,51,63,24,59,3,22,44,57,7,5,23,2,37,54,36,54,61,29,12,37,35,8,38,50,42,37,20,43,2,32,42,58,24,53,5,11,24,0,20,30,31,40,41,21,9,7,19,60,44,33,3,18,11,57,7,36,40,4,57,53,46,1,56,15,28,34,29,36,0,2,3,36,44,12,51,38,36,44,34,59,49,40,22,28,13,62,26,30,31,10,14,47,28,60,33,18,48,19,50,45,14,59,52,33,35,51,40,31,5,62,11,23,35,20,63,11,45,24,52,35
16,5,6,4,33,41,46,31,10,59,22,61,28,54,55,61,50,48,58,18,7,31,63,56,35,46,12,15,41,49,10,57,13,24,54,33,48,22,39,1,56,59,60,21,60,38,8,18,58,36,36,13,49,32,58,1,58,31,32,1,10,23,27,62,61,37,7,61,0,36,23,34,15,54,20,52,11,30,26,33,14,36,9,40,45,33,17,42,51,2,12,42,0,49,4,0,34,53,61,30,5,47,57,58,13,60,41,38,5,36,38,52,6,28,13,31,35,62,39,16,60,62,16,37,34,11,7,35,35,53,55,6,17,55,44,1,45,2,19,16,13,8,23,3,59,35,52,44,4,6
39,35,2,36,58,41,57,3,16,51,37,8,4,11,60,46,58,54,44,3,29,56,36,13,52,33,43,6,42,7,11,11,14,23,1,46,47,11,56,1,3,60,20,37,52,12,22,63,57,7,0,0,24,45,55,3,62,26,8,17,48,34,0,35,46,11,2,51,6,0,29,6,3,19,25,4,35,34,34,46,4,0,34,50,8,49,28,17,58,12,22,53,27,51,32,31,61,55,46,4,40,51,26,47,7,31,15,28,37,55,20,6,12,14,42,0,28,54,61,63,3,5,45,56,62,50,16,48,38,29,41,62,16,2,11,6,50,48,51,30,34,54,25,20,16,62,11,47,62,0
41,6,9,14,59,36,21,22,59,2,12,5,14,12,42,63,50,62,38,52,11,46,10,29,3,11,13,44,26,17,37,34,39,29,13,22,3,52,35,58,61,6,3,21,61,24,50,31,41,51,56,45,28,47,48,43,18,56,7,19,51,1,37,17,33,39,59,2,19,52,0,26,11,49,61,29,26,35,10,21,7,45,15,8,24,1,7,29,46,22,56,10,60,38,33,52,58,59,33,7,36,60,38,49,2,19,14,15,12,4,47,59,62,11,25,53,48,48,22,43,22,7,2,21,29,27,0,7,35,6,36,3,58,34,26,12,24,41,44,0,0,41,15,63,32,11,57,49,14,2
8,47,46,34,45,20,31,35,44,33,54,55,25,16,54,47,46,27,55,16,20,38,18,41,15,2,6,39,62,50,15,2,62,60,15,16,59,60,54,38,23,2,46,44,9,25,35,54,19,48,15,35,6,29,44,62,42,44,54,35,0,3,26,52,14,37,36,0,30,3,24,0,23,52,20,48,56,52,52,20,11,8,63,6,49,55,55,11,24,34,45,35,63,22,6,15,5,51,23,58,46,30,4,15,1,45,36,54,24,3,54,48,19,47,59,19,48,41,46,50,3,12,31,33,36,15,31,0,19,16,28,11,22,27,32,60,20,52,18,63,31,6,23,26,6,9,50,10,11,59
47,35,56,43,36,6,39,29,16,51,44,36,16,31,30,6,45,49,0,61,20,32,13,15,29,46,47,8,15,42,41,40,16,33,22,31,18,34,42,37,47,15,30,33,58,26,13,22,32,29,61,14,61,22,33,13,39,35,50,44,27,38,24,40,35,24,4,8,39,51,45,45,0,35,47,48,13,29,29,56,54,63,15,60,31,51,20,3,13,1,44,31,38,30,6,40,55,35,8,39,45,13,28,51,43,56,22,9,36,25,5,52,53,5,60,49,39,62,50,8,13,49,36,10,54,32,53,6,41,17,14,57,52,4,62,30,39,7,9,40,42,51,62,37,10,18,28,12,17,16
61,32,50,16,51,35,50,46,20,60,56,60,26,38,59,46,29,3,47,39,48,52,30,26,16,11,43,51,0,17,17,26,57,57,43,39,28,2,61,51,63,37,42,22,41,35,28,20,0,44,36,38,36,19,51,53,7,34,17,46,42,33,18,29,50,1,49,59,53,29,32,58,59,0,44,10,45,4,13,30,21,18,7,44,21,37,63,40,15,3,20,40,60,2,49,18,1,63,14,40,24,12,61,30,1,4,60,20,19,2,53,39,51,35,20,58,57,23,4,58,21,23,0,23,35,34,29,32,8,8,15,36,58,20,53,20,27,51,63,34,13,0,11,13,61,10,14,9,29,33
27,19,35,50,23,31,44,51,7,54,39,63,58,11,3,25,56,63,2,22,31,33,27,50,48,52,18,46,27,49,22,27,13,59,56,39,49,2,45,31,3,48,8,61,56,51,10,5,34,51,31,34,18,29,24,57,22,1,9,25,30,21,33,36,62,38,9,5,38,52,25,20,27,53,0,58,27,18,56,53,34,51,28,47,7,1,37,58,19,55,62,13,3,11,62,54,25,48,33,14,33,40,61,57,35,63,28,22,61,10,4,43,9,12,58,11,58,10,36,41,16,28,2,60,42,61,33,6,5,57,8,53,38,47,38,28,0,40,50,11,36,48,45,26,25,17,46,18,18,0
54,60,62,21,45,7,9,20,63,27,43,59,9,45,58,49,42,13,62,1,22,62,2,45,34,21,55,31,18,38,34,10,55,11,56,48,8,2,21,25,38,4,5,63,33,3,7,37,12,13,55,45,11,37,20,36,0,49,2,0,28,7,2,9,57,17,59,59,32,15,24,30,63,0,26,0,7,59,63,25,39,19,27,35,16,25,8,8,9,43,29,44,37,33,59,38,40,12,26,24,63,58,32,58,44,21,2,41,53,17,42,11,32,62,29,62,28,33,14,14,18,49,26,9,56,57,0,43,56,16,59,55,47,33,6,26,44,19,61,55,7,22,30,47,16,17,1,58,38,47
17,41,7,30,61,24,57,63,61,28,58,25,58,43,34,36,63,47,35,35,40,5,40,55,18,1,28,25,45,2,49,2,6,58,20,32,49,7,23,22,12,48,31,50,15,15,21,28,37,29,39,51,14,17,36,18,0,43,18,17,25,23,14,4,7,63,15,40,61,23,55,40,4,31,14,45,0,4,40,29,8,7,6,5,16,6,56,26,42,8,7,38,41,4,36,10,41,7,10,4,40,55,6,23,39,3,4,37,37,46,6,16,44,9,14,34,49,40,20,42,4,44,39,22,27,37,6,13,36,60,27,46,11,10,21,62,30,15,24,27,63,42,15,57,22,20,22,19,44,41
50,4,43,13,16,56,1,5,50,10,20,7,50,52,12,15,1,51,23,61,0,41,30,57,51,25,63,17,56,28,56,56,49,48,42,47,55,1,6,45,36,46,57,3,48,23,1,14,16,31,0,6,21,19,5,59,24,54,30,6,48,39,61,7,10,49,45,30,8,27,42,15,33,28,27,5,40,0,10,36,36,59,12,43,17,28,40,2,17,43,51,14,27,56,17,42,31,36,23,10,54,29,56,30,43,21,59,62,36,11,33,2,31,40,55,30,60,41,15,38,39,13,12,27,12,55,1,48,36,14,3,56,45,49,28,29,38,13,56,35,11,62,0,58,26,42,0,56,31,53
21,6,29,28,4,57,41,27,14,47,12,13,22,43,14,21,48,21,1,26,9,15,31,34,14,23,25,16,53,19,25,33,18,20,50,56,62,60,60,61,46,17,36,61,53,36,18,24,56,14,50,22,29,27,45,33,13,61,46,41,18,15,41,1,11,25,47,22,53,37,43,18,33,28,25,39,39,61,0,49,25,15,47,17,51,45,41,12,2,40,54,41,57,11,42,41,60,34,48,1,29,57,60,0,40,48,56,4,36,8,52,24,41,55,29,62,47,4,63,1,19,45,0,27,32,39,39,53,10,28,45,61,31,21,10,23,32,47,31,41,13,53,41,51,3,8,52,40,1,30
35,14,50,3,26,62,18,60,31,5,1,20,12,59,12,31,1,49,10,61,6,20,39,15,8,56,11,61,28,44,14,7,35,44,11,33,28,29,48,3,0,25,19,23,20,62,0,24,1,3,26,13,2,61,7,55,6,52,51,54,27,2,63,9,10,61,33,5,57,3,22,38,29,60,2,37,3,11,59,0,1,43,35,58,7,29,9,40,1,17,20,32,53,30,0,32,23,25,61,39,10,12,33,45,54,0,40,41,36,29,33,55,59,20,56,51,45,60,36,11,58,13,34,22,3,40,63,56,11,32,58,27,48,6,31,48,2,52,12,2,35,12,23,58,9,39,42,16,7,53
46,46,51,56,28,9,55,13,22,1,58,37,62,55,19,15,25,58,28,60,31,4,21,62,47,48,36,39,55,7,29,22,12,13,55,32,20,40,11,35,31,28,8,18,30,26,35,28,3,36,36,47,22,27,8,0,48,42,58,30,59,23,36,6,6,22,62,62,1,38,53,57,41,35,33,7,35,11,36,28,0,36,13,30,12,21,30,7,42,51,22,37,1,24,62,47,40,38,26,59,38,15,52,7,5,2,41,15,57,36,35,13,47,42,28,59,28,40,1,31,55,17,53,61,32,9,60,14,44,23,39,54,20,34,33,17,16,45,37,9,61,24,38,11,12,33,3,24,32,39
48,7,5,48,45,49,24,11,18,60,6,0,63,20,63,51,18,14,54,16,45,7,8,4,53,36,55,51,20,33,46,45,31,5,16,59,9,40,2,6,63,49,8,28,54,25,30,10,50,21,13,56,41,50,8,48,61,62,30,43,54,30,36,54,29,41,60,49,33,61,8,27,51,46,5,30,6,27,55,29,54,0,11,2,43,13,20,35,54,8,57,20,37,56,21,47,17,14,13,11,54,47,23,35,62,32,22,49,19,10,44,48,37,26,47,1,46,42,27,38,1,46,57,16,49,47,48,61,30,2,61,28,35,22,38,56,50,7,44,51,13,25,9,27,56,53,48,11,37,17
44,39,50,37,22,55,1,60,13,36,13,22,11,46,29,48,4,1,17,60,39,57,12,16,40,42,32,1,19,58,2,13,24,1,35,53,11,46,8,12,48,47,3,53,28,30,38,25,51,35,2,41,58,60,33,4,8,49,14,61,26,34,50,52,3,2,35,31,14,9,19,2,49,33,17,36,28,10,28,37,57,62,0,57,53,49,11,50,17,38,28,58,0,45,36,54,21,5,16,54,38,23,2,24,61,31,42,29,63,23,49,36,8,35,48,8,45,43,38,57,41,29,2,4,26,35,22,42,41,28,4,13,39,24,37,9,16,31,40,23,63,4,19,37,39,16,7,62,8,57
36,15,40,62,43,8,41,47,23,42,46,56,6,3,3,28,28,5,22,52,30,8,10,56,39,24,55,33,30,11,45,60,28,43,48,1,54,27,45,6,33,52,0,61,0,42,27,24,58,25,18,33,13,0,62,54,20,59,21,46,35,22,31,29,17,4,0,58,21,29,7,1,18,47,62,52,4,9,38,6,55,61,46,0,15,24,37,53,38,40,7,22,62,19,25,44,23,60,26,24,2,27,3,57,3,25,31,44,38,33,2,19,57,60,10,55,13,20,25,36,7,1,40,29,3,51,6,6,39,20,9,54,8,13,3,21,19,9,59,26,62,40,23,2,43,50,23,34,42,1
23,22,19,33,35,36,61,17,1,33,19,27,2,37,31,54,35,6,17,57,38,15,30,5,50,3,39,37,56,47,25,40,56,39,43,14,60,39,56,10,21,16,14,8,6,3,33,21,63,21,0,63,11,22,9,35,60,51,44,0,61,6,63,56,27,16,0,50,53,62,6,18,50,14,13,2,34,9,15,12,60,54,44,12,0,3,22,62,6,28,38,39,39,7,54,20,40,6,55,2,43,29,38,23,45,14,6,3,54,45,1,0,48,31,46,20,58,10,46,54,42,35,9,49,6,15,54,58,54,52,37,26,33,33,38,19,44,23,62,52,54,2,30,8,32,58,54,4,41,53
40,11,56,8,19,16,15,35,43,6,25,31,55,12,1,31,11,0,12,19,18,4,23,9,63,16,17,13,25,20,15,20,59,20,30,51,23,38,34,62,23,61,12,2,57,24,43,53,12,37,45,15,26,32,6,31,3,21,14,17,24,51,26,12,42,62,62,19,29,14,22,51,12,40,34,57,1,19,20,56,29,57,49,39,35,0,16,53,26,50,44,25,1,63,35,60,10,18,40,2,57,44,4,4,45,47,37,20,8,55,58,50,3,48,24,37,43,30,37,39,3,20,34,51,63,33,26,26,40,25,3,53,63,15,52,5,61,38,7,35,52,18,25,48,2,18,24,13,41,23
11,22,61,17,54,52,46,61,62,19,39,20,12,52,29,36,0,53,52,59,35,45,51,28,46,41,21,53,50,58,13,36,6,32,42,2,28,31,27,46,58,2,35,38,56,22,17,55,24,17,8,54,56,12,43,14,0,35,26,53,57,34,63,25,22,38,12,31,25,19,11,59,31,60,52,57,55,46,16,35,25,60,60,7,63,24,0,1,53,26,0,33,59,52,13,0,25,2,37,61,10,18,46,24,15,16,36,17,55,56,63,49,41,25,46,0,44,1,33,44,53,42,59,5,25,2,41,63,57,48,24,21,39,55,3,42,8,15,9,45,48,8,18,17,38,39,12,7,30,49
51,57,17,6,29,46,10,37,53,8,2,8,34,36,28,41,1,46,35,50,16,63,47,8,54,35,7,24,42,0,60,5,53,5,29,5,47,1,3,54,48,22,43,34,33,25,55,60,31,56,46,29,19,63,48,49,47,10,45,9,13,17,15,5,56,38,3,59,53,26,21,40,25,56,2,44,40,9,19,18,42,36,19,5,44,25,5,0,62,0,2,20,16,27,1,18,8,60,54,57,4,4,58,62,57,10,30,31,63,21,8,51,7,55,58,51,53,7,62,52,24,25,35,53,27,18,61,22,6,11,44,0,54,61,23,30,52,52,44,38,56,56,7,50,21,5,60,61,35,21
17,36,21,20,44,32,34,34,16,22,47,41,0,33,56,48,54,0,47,2,13,48,51,22,44,62,31,38,50,43,2,1,61,19,11,0,44,49,24,29,59,10,11,52,55,6,11,18,31,0,52,36,39,49,33,52,26,37,59,49,55,0,57,25,40,58,2,10,60,52,32,23,63,13,30,7,63,7,29,59,15,38,53,14,24,15,10,6,0,60,26,54,18,47,10,2,31,0,12,57,27,31,18,7,43,44,50,54,4,53,36,37,38,9,1,25,3,59,11,30,17,35,60,0,54,27,55,55,41,5,37,25,29,3,11,36,60,37,12,59,50,6,33,58,25,48,58,39,1,61
31,6,43,7,53,46,59,29,0,4,36,39,60,36,56,50,33,8,51,36,13,24,60,17,43,13,54,50,32,42,46,58,16,0,21,9,62,28,32,11,38,32,59,18,11,9,43,63,46,54,41,26,49,47,11,33,42,55,44,26,33,61,35,38,44,35,46,49,5,38,32,35,20,13,27,40,24,53,44,62,10,48,17,9,54,0,7,28,6,0,27,41,56,27,22,63,23,44,8,15,27,16,18,24,10,63,33,41,47,40,15,40,0,16,20,16,47,53,46,26,42,33,22,30,5,62,7,43,15,42,21,38,2,13,48,28,61,9,49,19,33,58,2,8,28,61,44,49,20,26
20,20,19,34,52,34,18,48,63,25,6,17,8,39,29,5,13,60,15,53,27,17,58,7,25,57,59,4,35,21,29,42,53,61,44,3,49,37,58,32,45,51,34,40,6,22,4,3,56,40,14,16,30,58,39,48,35,15,40,0,17,12,9,37,13,3,35,14,62,19,17,61,49,34,15,33,45,31,48,33,39,9,45,10,30,42,5,23,11,59,0,45,34,33,24,48,27,8,45,37,62,59,39,54,60,28,15,2,6,58,14,17,56,20,11,26,63,8,26,63,28,60,48,9,46,34,13,7,5,41,2,35,22,52,14,37,52,12,54,28,51,23,38,34,3,61,61,7,57,31
31,31,14,47,31,26,43,27,2,51,50,40,15,1,47,27,20,26,37,27,56,6,37,42,26,16,61,44,28,3,2,51,3,46,1,0,19,10,56,56,29,4,62,58,52,12,9,33,15,13,40,2,12,61,2,27,28,4,34,40,26,21,29,55,49,53,32,59,35,2,12,18,48,37,46,53,34,23,55,59,48,44,3,39,2,35,49,27,41,15,4,0,23,50,49,54,29,8,11,25,13,2,39,19,29,10,42,21,12,50,23,50,61,17,57,31,30,32,42,30,58,5,25,55,53,50,43,18,55,62,17,31,3,43,44,61,5,54,21,35,4,58,46,25,10,32,14,36,25,49
52,60,50,18,4,28,25,20,14,32,39,59,5,7,7,8,35,44,26,4,46,46,1,58,55,25,26,2,35,42,62,52,32,45,11,39,1,49,16,37,40,2,53,40,6,37,62,28,51,25,25,62,3,56,62,62,22,36,3,8,30,29,27,55,56,18,61,26,12,32,51,0,53,31,33,45,24,19,61,57,50,16,2,44,0,4,63,42,45,16,9,10,0,44,13,36,37,58,19,58,34,21,22,63,20,14,2,42,62,62,39,33,7,17,57,57,32,13,37,14,22,57,43,53,44,46,17,30,17,34,1,52,50,7,5,7,14,53,36,51,36,18,28,47,63,18,15,18,16,55
2,52,48,11,62,60,7,13,2,46,0,57,6,60,47,42,25,7,25,48,29,8,15,32,55,30,47,37,55,25,30,41,17,6,50,19,43,52,37,57,51,54,16,5,17,26,12,60,24,60,22,43,13,63,3,14,29,2,11,24,7,38,32,10,63,40,58,26,59,43,11,63,7,12,5,33,35,9,62,2,1,7,1,36,46,9,8,20,46,37,5,2,26,0,35,21,37,55,14,11,53,28,49,23,25,5,42,58,56,9,20,10,55,11,51,37,45,30,57,26,62,45,46,15,31,59,15,63,15,23,52,63,37,41,17,52,9,30,4,8,44,11,5,55,7,48,0,19,39,57
40,26,6,24,60,36,34,28,48,1,31,6,39,60,53,48,16,0,35,24,59,47,52,31,5,4,59,7,47,8,43,26,34,61,20,51,34,2,38,17,0,43,52,21,51,26,38,20,53,4,0,12,16,24,12,59,6,50,55,59,5,63,34,31,23,33,40,18,30,59,38,50,55,53,13,1,55,13,61,41,10,27,34,24,48,15,30,30,54,22,5,19,5,2,0,60,15,24,48,28,17,56,3,33,30,56,18,10,61,0,24,15,17,42,60,60,25,13,8,16,46,54,24,59,27,19,4,58,49,61,35,2,46,63,5,23,35,34,0,37,45,40,58,60,16,4,12,44,40,4
53,32,1,14,46,42,21,39,1,13,57,21,8,4,40,44,0,21,59,27,13,16,59,49,33,40,42,32,63,35,22,16,44,15,7,55,42,23,62,60,10,59,31,13,25,26,2,58,63,21,51,22,12,19,38,60,8,0,17,10,15,12,21,7,48,17,17,33,44,39,27,43,7,24,38,43,54,35,55,47,29,23,5,1,11,48,57,21,47,60,21,60,15,21,36,0,47,35,35,16,19,21,59,0,12,23,2,3,53,31,5,49,12,58,2,48,52,60,62,46,50,15,0,48,52,57,50,6,47,13,60,28,55,27,57,56,61,60,13,20,2,37,32,62,5,47,0,51,63,0
32,62,51,56,56,41,1,0,22,15,46,32,47,50,47,51,12,14,61,31,37,8,62,54,38,15,10,11,3,37,49,39,47,7,56,47,52,15,44,20,0,20,31,2,25,19,48,1,2,26,5,44,23,47,31,15,18,35,53,46,52,25,50,0,51,9,48,14,57,42,44,55,55,20,6,57,53,38,2,25,16,7,40,0,42,13,44,33,54,30,13,50,56,26,1,37,0,55,14,32,22,43,60,57,53,55,43,7,32,58,61,45,11,29,8,21,4,63,36,2,0,61,17,14,42,29,0,42,38,7,1,51,11,33,18,60,1,1,30,44,51,27,6,23,10,52,61,3,9,53
40,15,63,17,10,26,59,24,39,28,30,15,39,12,49,32,59,13,57,1,36,55,27,56,50,17,28,56,22,3,61,50,62,21,20,42,41,62,59,48,27,50,21,34,62,58,1,5,51,3,20,61,51,33,60,45,52,44,39,7,39,11,39,28,36,9,16,39,35,38,45,44,11,13,48,35,49,59,33,11,22,60,46,56,28,41,59,22,22,35,17,45,38,23,25,45,48,0,48,29,32,18,7,51,24,9,62,29,35,6,48,24,30,26,51,38,7,30,3,15,46,60,33,49,52,19,44,39,27,13,4,50,4,45,62,8,44,20,16,15,29,9,19,55,11,16,57,51,3,46
26,22,13,50,29,8,34,60,63,40,45,47,38,14,10,26,22,54,62,12,36,47,22,11,12,16,10,48,42,23,35,59,12,29,20,34,44,10,58,49,52,0,51,53,55,28,57,17,27,7,41,42,15,24,62,35,26,37,51,22,26,40,35,30,25,53,55,13,36,51,63,41,28,29,37,61,14,48,30,50,45,21,0,59,6,26,32,11,60,31,38,33,45,50,21,60,56,27,0,62,5,27,21,39,59,14,34,10,16,54,56,18,16,19,32,33,0,6,14,13,37,18,12,22,51,16,26,63,29,8,24,61,55,21,40,49,61,0,18,51,61,37,59,59,20,44,11,36,53,48
24,2,32,6,38,52,12,50,3,0,30,8,26,14,54,35,26,32,30,16,11,10,31,51,59,51,46,43,37,22,14,50,4,21,40,22,55,21,42,20,13,53,16,14,61,14,37,21,53,3,53,18,12,39,62,47,57,36,46,4,40,32,11,6,34,29,28,28,2,13,44,16,0,32,47,35,10,29,48,17,43,1,10,14,49,12,29,38,23,63,14,41,30,17,25,59,39,54,5,0,59,63,2,34,4,37,52,55,46,45,20,47,48,49,46,57,22,44,8,18,63,52,39,23,29,41,63,9,19,21,21,1,42,32,59,16,28,51,50,2,48,51,12,30,54,52,14,0,22,12
50,34,26,21,59,53,54,48,60,59,29,17,32,1,25,36,54,0,40,40,13,0,36,7,56,26,36,43,50,46,39,47,21,0,47,40,37,57,6,23,20,38,28,55,7,59,45,14,32,0,11,30,41,26,1,32,6,20,56,18,33,4,21,53,1,48,3,31,23,5,1,14,27,18,22,34,60,59,44,3,26,9,46,2,57,37,48,4,43,38,53,37,60,30,59,44,59,17,5,0,0,44,48,51,23,52,46,8,9,43,57,53,43,40,3,32,14,4,48,43,32,1,14,25,17,57,30,9,63,60,19,24,48,16,50,0,58,49,23,3,9,48,61,46,13,9,58,60,35,42
7,21,51,29,0,29,4,50,20,29,10,47,34,45,4,5,12,4,50,55,61,60,35,25,50,55,51,9,34,55,26,48,57,56,63,11,3,26,24,6,8,31,30,18,9,59,29,38,41,33,23,56,12,42,51,7,34,15,46,19,10,30,51,11,21,41,41,16,63,16,36,7,37,38,58,19,28,24,7,2,38,9,25,6,34,29,0,62,13,44,12,38,1,32,1,59,12,47,0,37,25,0,35,40,13,60,50,58,30,44,62,17,18,38,31,26,6,37,14,54,38,16,48,40,31,46,25,44,26,16,58,20,60,3,52,59,54,21,45,15,50,62,46,9,14,23,49,50,32,59
31,8,37,30,20,50,32,45,33,50,32,58,50,44,44,58,30,22,62,55,7,2,61,30,3,25,51,46,63,57,30,17,44,3,30,13,54,35,48,47,43,20,6,37,3,12,32,14,50,55,59,27,29,62,51,7,19,19,4,61,40,14,39,22,37,10,54,10,12,22,44,52,7,49,16,30,33,29,27,34,20,48,51,18,3,59,57,18,59,25,36,0,36,20,38,16,35,49,55,14,45,63,0,43,51,35,7,16,40,35,0,34,43,41,17,48,9,62,12,41,42,23,53,19,14,62,63,52,38,15,18,46,32,53,52,47,62,35,43,17,17,3,53,27,11,34,30,7,25,11
39,3,43,48,61,58,20,18,0,44,60,44,2,11,24,49,52,18,53,36,20,41,45,7,48,26,51,23,63,7,28,6,42,19,33,11,21,17,58,20,29,30,34,2,40,8,59,16,30,58,8,11,17,14,40,42,35,8,48,51,1,43,46,0,61,42,13,21,11,39,11,11,56,26,58,42,5,63,63,49,37,5,18,39,35,23,9,43,43,12,25,60,37,34,57,22,25,16,28,37,36,3,51,0,50,55,7,44,30,1,14,31,54,3,2,3,24,30,25,19,27,21,18,28,13,37,32,37,63,15,13,18,53,22,28,58,34,13,18,24,33,57,30,18,17,39,28,27,7,5
1,40,55,48,0,52,37,46,60,23,45,42,42,30,43,8,17,16,42,22,59,15,7,34,50,51,26,18,5,56,29,52,21,56,42,26,35,48,63,54,46,47,36,25,48,60,21,25,55,21,36,36,28,46,5,55,40,42,33,60,4,62,59,12,24,9,25,21,33,14,27,52,53,26,28,9,49,36,11,18,61,6,39,48,1,42,56,58,62,32,18,49,48,31,28,33,44,20,46,30,10,33,21,6,0,60,16,51,30,50,33,16,42,4,13,23,33,53,19,61,38,2,4,54,48,55,35,22,63,5,19,19,13,40,40,12,61,41,20,53,56,33,17,62,23,50,31,57,26,7
39,44,57,61,16,38,4,20,20,0,11,56,41,21,13,9,13,20,57,15,1,50,7,37,25,56,8,8,62,50,46,52,57,28,53,45,13,13,62,6,20,34,57,42,40,39,33,53,30,61,42,6,24,2,60,60,19,10,25,21,48,38,9,20,1,17,61,30,53,6,31,41,58,23,60,44,3,41,26,2,63,9,20,53,24,19,2,40,43,20,6,60,1,11,34,54,35,42,17,49,51,5,56,49,35,0,24,32,44,38,19,63,21,21,26,48,43,2,42,21,60,24,62,16,54,44,24,3,35,0,52,11,42,57,9,5,38,34,9,45,51,54,13,52,0,24,43,27,58,53
47,41,56,24,29,14,60,62,48,61,56,12,43,15,28,63,58,45,51,21,43,38,55,1,47,14,33,25,24,0,20,61,56,59,4,59,46,60,45,60,46,11,14,30,33,8,11,41,15,48,49,20,13,52,26,58,13,44,58,28,48,32,1,9,0,45,60,6,24,35,7,45,53,41,16,20,1,23,48,28,2,61,58,62,27,32,14,21,27,10,35,5,46,26,32,12,31,27,16,50,50,63,10,43,59,43,0,55,47,50,19,39,6,31,4,23,43,38,14,26,59,62,23,17,37,11,36,62,5,60,38,54,26,57,61,24,32,17,50,49,5,29,11,2,52,62,9,37,41,32
33,62,38,35,41,47,37,23,11,48,29,12,55,40,39,50,19,33,9,46,20,3,53,6,48,5,9,17,1,30,5,46,34,46,62,52,23,5,0,14,2,31,9,23,8,4,24,24,36,57,45,27,25,19,34,24,52,3,36,63,7,56,24,41,7,11,52,44,3,12,30,14,54,24,33,51,35,21,48,37,23,18,55,38,23,16,56,43,38,61,10,15,25,11,56,17,0,11,28,16,46,26,27,54,23,23,9,0,50,29,8,34,24,15,54,43,51,31,53,58,29,18,34,58,14,33,18,19,7,45,38,16,19,13,39,33,4,36,52,11,11,47,49,48,59,34,15,45,12,33
41,55,38,42,1,4,1,30,51,16,0,59,6,12,25,49,47,44,38,23,49,47,26,56,12,62,34,5,32,12,47,54,35,37,5,14,44,56,63,36,30,1,39,35,8,1,25,43,54,19,23,47,5,25,49,13,27,25,57,36,45,52,32,8,38,39,35,53,58,36,47,42,60,53,16,55,23,15,1,53,62,0,13,2,39,48,47,39,59,54,14,47,36,45,43,33,61,2,40,17,25,38,32,24,53,23,62,62,0,19,4,52,55,32,18,19,3,44,45,49,40,29,8,53,32,62,7,7,43,38,21,35,34,38,46,41,21,7,18,58,50,4,33,5,32,1,4,32,60,13
52,31,5,11,23,57,39,53,25,58,17,42,33,39,36,1,24,61,31,21,33,41,7,48,0,45,33,54,57,19,60,40,14,35,57,56,18,45,21,44,10,9,31,33,45,11,49,59,34,49,13,40,33,43,6,30,33,11,56,31,34,39,49,7,47,0,36,50,18,6,40,22,33,54,13,46,5,42,14,26,60,35,0,40,62,50,9,59,54,6,40,49,54,34,34,50,47,11,6,39,19,6,9,47,58,5,22,55,63,0,14,50,44,17,59,13,1,18,54,23,39,10,59,28,50,20,42,31,55,50,29,58,10,13,14,43,8,0,20,57,47,7,5,63,40,45,52,44,23,0
58,53,49,36,18,43,18,28,57,6,61,62,53,40,17,46,58,42,25,54,34,1,4,40,57,39,54,63,57,63,6,0,6,20,30,23,8,6,1,46,49,46,37,43,60,0,55,39,48,36,34,36,61,33,43,11,24,52,14,1,38,47,1,12,56,63,59,38,25,60,60,42,36,22,47,62,9,53,46,51,33,38,51,6,41,30,59,24,43,3,61,56,10,56,58,38,34,58,9,50,30,14,1,33,32,51,62,0,55,36,0,56,58,33,63,25,27,38,52,42,52,35,40,33,23,57,47,2,50,7,27,14,55,49,45,47,40,46,36,46,63,55,9,11,14,45,38,49,21,1
47,11,45,50,54,53,23,55,4,2,48,18,6,5,19,28,40,0,43,53,33,0,49,23,57,30,47,4,40,9,8,46,26,5,36,45,54,54,25,43,56,14,48,10,63,63,36,63,47,26,19,1,47,48,34,0,39,0,48,58,53,21,19,22,18,21,46,16,13,8,27,7,47,51,60,53,0,38,53,34,27,53,12,21,28,53,17,16,48,4,43,0,31,52,0,41,49,23,4,13,11,21,10,14,19,29,15,24,32,3,15,0,43,53,62,35,25,30,26,16,17,49,2,19,23,40,46,57,29,58,54,1,1,2,61,29,54,7,1,56,27,52,59,34,16,43,36,61,14,48
10,32,13,1,37,14,37,39,20,42,61,39,59,14,43,39,52,45,21,21,31,40,21,47,60,1,1,58,27,27,39,53,28,18,59,4,14,31,20,48,26,51,4,26,3,37,35,52,39,58,59,36,46,57,8,37,8,27,5,55,16,22,27,15,1,0,12,60,23,39,23,45,32,56,39,44,19,7,32,59,0,28,24,56,17,9,53,13,49,28,34,30,27,33,54,2,17,15,43,22,52,57,37,38,35,12,46,47,9,3,29,30,0,57,16,35,56,48,55,32,52,14,41,42,1,53,63,32,13,39,9,2,28,46,9,39,62,35,33,6,56,59,32,8,23,35,35,24,20,31
35,35,7,37,44,53,11,54,56,15,30,2,51,44,16,63,37,33,52,56,39,20,9,32,62,42,52,6,52,38,25,31,29,56,62,56,13,9,22,40,6,49,63,12,0,58,38,62,56,50,20,37,37,35,3,63,26,2,2,8,10,46,57,8,13,58,15,63,43,47,46,23,13,19,23,19,47,27,19,55,44,57,31,31,25,37,15,38,10,32,31,11,5,63,15,14,44,44,33,12,23,58,13,10,43,42,10,50,12,28,40,12,52,0,21,47,20,31,6,47,19,0,42,4,12,49,39,11,30,57,0,3,10,39,35,11,63,6,48,45,1,21,39,59,8,0,20,53,30,13
6,47,8,59,25,47,51,23,1,15,9,14,55,54,38,13,2,30,53,5,53,23,23,59,39,13,31,50,10,48,37,1,61,52,13,26,45,17,63,59,41,23,13,21,61,53,53,0,53,60,16,13,26,48,10,21,40,60,4,45,6,50,50,33,34,11,34,35,0,52,63,26,23,20,37,12,21,53,46,19,60,61,33,47,48,63,4,55,29,4,15,24,45,29,24,47,28,56,29,2,37,55,17,40,31,9,29,20,22,16,33,59,20,38,0,50,31,41,20,59,49,19,53,9,10,34,23,16,44,41,41,54,41,35,58,10,10,15,26,34,15,21,49,29,26,25,44,4,21,51
25,15,56,3,30,46,58,26,34,32,50,62,47,61,17,7,61,63,47,14,51,41,57,48,12,42,9,41,41,3,21,32,54,18,43,31,3,18,9,2,19,50,10,57,17,47,58,36,38,24,32,61,60,7,18,63,51,16,23,30,39,14,63,2,42,53,1,57,27,4,1,0,28,27,9,20,49,37,54,0,21,50,48,43,57,7,48,22,56,42,34,2,38,53,7,15,8,0,2,25,10,40,59,8,47,34,63,63,49,40,57,40,22,5,33,0,49,46,10,62,27,43,48,26,44,4,24,25,26,56,38,32,18,57,28,33,57,11,27,51,19,27,45,35,2,57,62,21,48,30
61,8,5,37,12,36,27,30,19,25,57,53,11,2,58,55,28,40,43,28,9,11,33,11,36,57,6,27,10,27,63,24,4,43,57,58,61,38,61,57,57,33,25,46,20,23,62,15,46,56,54,11,26,25,44,15,25,58,25,13,20,52,7,47,34,63,46,46,42,8,51,51,5,27,24,9,55,62,59,24,23,11,43,10,57,22,47,30,53,4,23,45,22,50,35,55,28,3,55,4,22,52,58,8,23,63,0,36,27,7,19,18,30,57,5,18,0,18,15,61,27,36,5,23,35,50,15,5,52,59,15,53,41,6,28,56,60,11,48,9,58,0,54,29,21,54,12,12,57,7
44,61,18,48,13,18,22,6,56,21,52,45,40,44,20,42,16,41,63,2,37,4,40,45,24,24,42,0,57,30,61,1,58,26,49,13,60,42,50,17,20,29,0,52,17,61,59,51,51,58,40,12,50,59,23,62,43,23,48,37,0,40,41,28,60,1,10,18,44,48,42,58,18,35,51,51,27,51,13,4,14,44,48,25,4,0,36,10,53,25,5,18,49,16,26,43,2,5,12,40,46,40,50,46,25,61,2,59,33,24,60,17,40,6,58,33,20,0,29,27,8,25,7,22,9,3,8,22,60,18,57,51,33,7,45,23,59,37,26,10,36,28,55,49,27,53,17,47,35,41
37,0,1,28,50,3,56,13,20,26,39,22,15,60,21,62,43,8,18,33,37,5,0,1,41,24,21,45,17,30,41,56,42,28,43,52,11,18,14,33,22,23,62,31,15,63,9,31,23,52,26,27,8,1,46,6,20,50,57,2,11,23,60,18,43,5,23,43,37,4,13,23,40,33,35,35,34,2,57,33,61,26,31,43,15,10,4,50,56,58,43,43,38,30,21,57,36,25,27,18,1,44,42,57,4,21,13,12,44,56,9,39,25,25,55,8,42,0,0,21,31,0,41,25,42,56,54,30,17,19,19,4,54,5,10,50,53,37,47,25,43,13,58,38,18,24,29,56,16,33
7,6,29,44,59,48,63,32,31,6,10,25,37,6,54,31,7,61,19,18,39,20,48,22,20,25,31,20,47,49,49,5,26,57,63,60,16,8,2,26,53,14,0,35,55,10,60,29,56,40,18,20,62,48,4,50,2,49,16,34,20,54,0,59,17,22,12,8,31,35,19,58,61,47,30,60,21,45,60,45,31,48,52,4,12,38,45,54,5,7,3,5,61,2,6,34,44,33,43,52,29,55,29,24,54,42,26,5,38,12,51,52,21,37,34,37,61,17,9,0,7,24,44,41,39,38,6,28,16,13,34,61,51,22,51,11,63,6,59,55,31,39,10,37,53,40,28,58,50,41
58,9,43,37,35,40,54,10,33,37,23,36,44,7,25,4,40,20,9,58,0,39,55,26,46,1,56,38,5,56,6,57,12,49,53,7,15,61,23,3,46,42,11,36,6,38,10,58,37,30,59,3,37,2,7,33,63,8,15,49,5,32,14,26,55,60,18,7,43,54,59,9,25,26,15,63,28,23,57,55,18,28,44,32,21,47,26,42,8,51,21,42,13,11,10,15,61,2,62,19,56,29,46,0,17,53,16,35,50,53,56,13,39,54,62,44,57,60,27,44,0,20,34,28,27,1,10,56,25,35,18,7,14,1,56,16,57,54,38,54,31,19,45,48,6,53,24,19,56,6
58,18,31,33,7,54,30,42,51,10,0,49,41,63,13,52,49,11,48,10,61,36,34,56,22,3,51,18,7,41,23,59,30,0,47,10,42,59,3,59,5,9,35,48,18,11,8,13,33,21,63,57,38,33,41,46,54,20,54,31,36,60,10,30,16,7,57,12,63,35,23,11,41,25,7,47,43,14,12,41,31,58,54,27,30,45,22,35,33,0,57,55,25,17,5,16,63,46,48,21,31,48,29,47,29,28,42,29,50,63,30,19,60,47,54,35,63,4,38,30,4,0,27,29,36,22,27,16,5,7,6,32,17,5,15,32,35,51,20,24,48,30,23,15,41,10,4,29,48,32
41,32,34,43,9,30,0,45,17,56,21,50,48,41,23,63,4,32,0,62,32,40,26,57,21,36,19,26,35,51,57,39,18,47,2,28,20,34,38,22,16,41,14,27,54,0,5,44,2,51,23,17,28,2,13,33,21,18,1,37,28,57,35,34,47,13,26,29,19,42,4,4,4,47,27,36,53,62,9,62,28,24,12,44,3,15,12,21,54,0,57,43,56,33,12,0,40,50,46,5,43,3,46,19,13,29,1,42,47,9,28,62,14,25,40,10,62,50,15,18,53,51,0,59,42,13,53,57,7,32,40,26,7,36,38,10,52,24,35,30,61,32,29,17,5,3,61,2,46,40
50,7,47,16,14,11,46,2,18,42,55,45,60,57,56,47,2,8,24,54,27,2,12,62,1,14,7,10,30,40,54,37,17,53,53,58,8,2,63,27,33,28,3,33,6,42,48,31,52,28,5,5,55,51,35,40,38,21,11,63,11,34,10,8,37,14,12,7,45,28,33,33,42,27,27,15,56,34,31,54,10,22,1,22,56,11,14,49,42,1,5,19,22,34,36,53,48,22,4,60,42,23,55,1,51,9,59,33,41,50,41,10,14,38,11,34,18,16,17,27,53,3,27,0,20,60,37,4,40,11,19,1,11,10,61,43,39,34,11,30,31,7,60,53,24,49,8,29,38,37
9,46,49,47,13,22,7,46,58,3,0,23,15,6,62,38,21,33,38,36,48,15,58,44,30,59,44,53,48,49,9,5,3,8,13,27,45,63,49,2,0,13,54,21,23,25,39,13,16,34,35,4,21,53,5,59,48,10,49,1,28,9,4,15,52,34,2,42,40,3,56,12,0,47,63,1,19,19,32,4,28,30,24,48,15,43,35,43,62,19,43,17,51,28,5,20,54,32,38,56,44,42,39,55,40,25,5,0,12,27,53,36,34,27,13,60,28,5,16,21,15,37,39,13,0,40,35,58,23,12,33,59,54,23,44,0,25,54,46,42,24,8,32,58,62,5,25,3,18,60
10,17,44,26,19,15,33,61,41,36,28,54,11,52,18,0,26,60,61,37,24,4,7,2,62,48,44,43,26,9,20,60,43,35,36,59,9,25,46,40,4,19,38,62,7,7,40,44,4,9,1,61,5,29,16,11,21,62,34,15,60,5,32,63,3,41,25,42,31,61,9,34,56,34,6,58,1,58,39,43,22,44,21,30,22,15,12,6,1,31,60,59,30,8,63,4,1,21,38,25,42,46,13,26,1,40,29,26,5,61,54,60,4,48,60,29,53,42,22,8,9,58,38,9,7,0,1,54,29,48,48,11,56,55,57,30,2,35,60,25,53,33,12,9,26,20,29,30,27,5
59,25,59,26,36,22,37,55,63,33,16,13,5,17,7,5,12,36,58,60,18,21,31,4,11,31,57,2,9,20,22,38,7,23,10,21,52,58,61,19,33,0,9,24,29,46,26,26,56,31,55,57,20,27,31,4,31,50,32,55,18,31,60,33,36,17,21,50,13,8,40,58,50,2,58,24,53,11,29,59,27,18,40,14,23,22,14,33,61,16,46,53,40,19,2,32,25,43,2,52,42,36,62,20,49,26,55,60,54,52,52,21,48,17,20,19,30,31,18,33,59,13,16,63,12,43,0,6,1,57,11,33,49,14,57,59,61,47,39,48,22,14,63,16,21,47,6,37,39,5
42,2,18,0,47,19,7,53,33,6,39,26,20,18,57,4,41,62,36,56,4,39,21,38,45,46,30,27,51,35,43,30,11,0,48,19,41,38,55,0,51,31,17,46,23,27,56,17,10,11,40,20,39,11,24,36,28,57,26,21,55,12,58,59,56,32,13,40,22,17,49,62,52,34,43,39,35,10,52,12,28,15,20,15,2,22,47,9,20,4,58,55,7,34,30,20,31,63,21,39,61,39,12,14,40,13,46,13,17,53,24,10,31,28,23,36,0,10,5,45,13,42,2,3,59,32,12,0,10,61,8,26,19,43,58,53,53,62,53,27,5,15,15,41,30,23,19,23,0,51
7,60,14,38,9,39,51,44,15,38,16,37,19,8,2,39,60,21,8,18,15,30,28,18,29,41,54,33,34,25,16,59,60,14,60,50,1,18,10,12,34,40,15,57,34,17,50,27,49,23,21,11,42,15,57,19,46,34,47,55,44,44,41,60,59,0,8,13,8,40,48,53,19,4,20,43,55,52,25,21,6,58,59,20,61,53,40,25,45,41,29,46,14,13,50,43,8,29,12,63,11,15,34,56,49,63,28,23,52,15,27,13,30,36,56,40,1,27,5,45,63,47,14,52,58,31,55,34,0,37,16,42,22,33,42,40,37,13,55,33,54,9,32,14,28,31,14,47,25,43
51,56,59,27,45,55,59,2,44,36,35,10,38,4,10,26,27,4,33,5,24,57,25,61,36,59,30,52,5,4,19,41,61,8,39,31,16,6,51,3,20,50,50,62,3,27,21,40,26,9,61,29,15,28,17,40,27,33,44,55,18,13,33,2,27,58,19,31,56,6,0,44,50,16,54,50,11,54,28,56,19,41,38,44,15,25,2,56,32,43,16,51,16,27,55,37,48,39,32,5,60,25,37,26,26,12,46,61,19,24,18,52,21,34,27,8,47,51,40,28,14,15,57,7,32,8,26,31,10,0,45,25,6,34,12,27,22,6,33,3,16,19,48,46,0,47,40,36,16,36
7,8,26,59,29,55,58,17,58,47,7,20,25,9,35,10,10,59,36,24,4,24,54,29,58,17,49,20,28,38,8,2,5,15,40,38,22,54,31,8,61,25,4,19,54,47,19,33,29,23,24,62,52,55,37,21,19,55,39,27,25,8,4,52,45,4,34,5,45,58,31,22,19,38,8,42,61,52,12,26,53,30,40,52,53,41,7,11,59,11,22,49,43,49,45,28,9,10,61,26,33,49,37,53,9,13,2,43,34,52,23,11,40,6,5,33,53,39,18,40,39,56,51,5,15,50,39,5,37,48,0,48,40,37,6,60,58,57,51,22,43,6,57,48,23,15,7,39,23,11
32,14,0,48,41,17,60,3,44,48,15,4,21,61,50,49,24,46,63,43,11,29,0,45,47,15,34,26,45,21,26,62,63,41,62,9,48,1,16,7,7,5,1,1,7,54,30,53,35,18,9,18,46,21,22,48,29,60,3,32,7,1,27,62,61,29,49,14,11,7,24,11,21,49,4,60,30,31,63,50,34,42,4,20,30,55,2,4,5,23,28,36,23,34,61,32,46,56,19,63,4,61,44,44,37,14,8,51,27,19,7,30,27,52,1,39,51,32,41,58,54,37,13,61,25,6,27,19,44,32,7,0,40,39,40,12,55,47,28,33,10,14,42,48,13,39,62,13,29,59
1,35,54,3,3,0,54,30,31,47,34,49,54,35,7,49,59,20,51,24,54,32,42,33,63,31,8,38,12,40,50,38,34,39,56,35,27,31,28,47,45,36,16,40,13,13,7,3,45,7,20,12,22,4,9,54,38,39,5,53,33,11,19,41,0,24,29,22,60,60,27,2,23,10,1,6,11,3,51,15,40,39,42,21,45,14,9,26,7,63,50,62,13,36,10,53,43,23,46,47,0,43,9,8,18,10,41,50,1,52,44,29,2,13,17,45,32,8,40,63,10,12,5,2,18,32,62,42,63,62,55,51,0,20,45,9,44,29,29,39,48,39,13,54,16,20,58,24,42,39
59,20,30,38,53,17,6,25,23,31,5,42,27,28,6,4,42,47,8,47,2,33,48,14,32,35,1,9,30,28,29,39,29,44,3,20,38,56,9,6,20,7,47,26,32,38,38,16,6,45,46,40,51,39,33,58,59,53,17,1,43,9,35,26,29,10,45,22,25,20,1,29,7,43,17,37,49,38,24,33,16,38,5,6,43,34,53,5,11,32,43,33,46,51,59,40,62,24,35,18,55,2,50,33,61,5,61,15,23,60,9,20,39,38,26,19,53,40,15,38,2,5,5,59,27,35,43,45,6,35,20,26,11,0,44,38,12,2,18,5,51,55,0,33,12,48,37,6,17,52
23,24,25,52,59,42,26,62,21,2,56,26,59,56,34,38,22,19,37,6,23,38,29,28,10,7,27,37,46,46,37,13,44,36,26,17,58,61,61,18,39,13,30,12,30,6,4,25,20,2,60,54,62,31,42,14,46,57,44,57,33,14,5,43,3,18,4,57,30,29,51,34,53,2,22,39,9,8,42,16,41,16,10,30,31,63,40,14,33,37,20,15,1,13,45,44,32,4,1,36,9,62,1,34,49,42,41,18,41,63,61,16,6,46,49,2,61,6,57,47,37,9,28,52,5,49,7,60,58,30,42,4,13,51,0,22,36,21,62,43,44,6,39,34,13,47,63,12,27,15
55,56,24,33,3,3,51,59,3,19,24,38,9,8,45,11,17,31,27,15,37,37,30,25,10,19,62,3,49,18,53,56,4,3,31,30,15,49,23,23,16,31,61,34,46,63,29,50,38,60,46,38,8,51,63,22,37,16,12,23,10,2,16,50,55,56,36,12,43,49,14,34,23,29,2,16,59,52,11,19,59,28,6,57,21,56,3,27,50,54,0,7,9,4,48,8,13,62,48,0,29,8,10,62,41,10,13,25,19,5,41,37,43,30,47,34,43,61,43,13,44,20,7,47,53,31,58,22,57,32,36,14,25,9,33,0,25,10,25,42,34,53,26,35,63,1,23,38,51,0
54,56,0,26,2,35,17,23,43,44,39,43,36,43,14,4,24,34,19,16,12,3,1,35,49,32,40,17,61,40,43,1,56,25,42,51,4,19,46,32,23,13,50,35,62,20,50,35,47,53,23,6,48,7,6,47,17,56,56,30,1,7,13,15,3,8,11,44,35,12,35,39,42,29,0,24,29,4,30,56,52,47,0,33,42,54,35,25,49,44,16,29,63,45,2,49,13,12,12,54,19,42,4,50,43,18,32,53,20,56,49,3,25,28,11,33,59,1,2,22,35,22,7,26,47,62,58,24,27,28,22,7,31,29,41,58,0,50,32,22,31,28,52,47,62,5,43,57,15,14
9,46,33,25,20,28,31,4,6,3,54,16,13,48,2,7,16,27,11,13,29,55,16,0,17,36,58,51,3,57,41,1,21,36,44,32,57,7,54,39,47,49,50,47,30,49,63,26,36,16,52,62,60,4,63,9,36,55,2,0,34,15,32,46,25,39,59,9,36,11,5,28,38,54,53,35,28,7,52,50,36,23,44,53,45,40,61,43,5,31,34,47,51,59,22,18,0,46,6,38,3,55,50,57,39,47,52,45,36,13,4,1,25,3,19,51,37,48,18,19,36,39,0,57,20,9,51,11,41,24,39,29,18,49,40,36,0,0,46,26,11,51,39,62,49,63,8,42,54,55
54,14,29,6,41,27,63,46,39,17,24,58,29,24,49,0,26,4,42,38,17,13,55,15,34,17,56,12,12,62,42,12,41,16,12,37,52,24,36,20,36,29,33,17,58,46,31,8,32,41,28,44,62,13,53,18,39,49,47,61,17,41,33,16,8,0,25,17,3,12,5,50,16,44,3,53,0,34,35,56,46,18,10,50,4,5,5,18,33,5,41,45,30,1,40,48,53,10,61,17,20,2,8,34,8,1,8,1,5,14,58,32,41,38,14,31,56,16,28,59,26,9,52,18,47,9,22,62,11,45,3,10,29,57,8,39,8,35,0,18,20,25,12,37,15,20,20,42,14,49
37,11,30,28,49,45,26,47,21,62,3,5,51,10,19,11,27,19,8,39,57,0,5,54,50,57,55,37,25,9,33,33,15,23,10,14,55,2,34,53,13,59,54,57,35,43,35,63,50,22,36,19,24,17,29,4,48,12,55,10,32,17,26,8,56,43,13,42,55,48,2,42,29,15,34,49,54,50,50,10,8,8,12,48,43,47,48,3,7,12,3,30,16,46,27,23,52,51,8,39,21,21,49,39,45,11,31,23,34,60,50,60,1,55,12,47,9,57,57,26,31,53,43,40,30,59,55,42,51,37,63,50,2,9,35,18,63,50,56,0,47,8,34,39,39,20,60,54,55,2
50,42,1,6,17,12,52,7,27,17,10,45,36,57,56,32,59,3,3,4,14,39,2,37,6,17,16,36,11,0,12,36,50,48,6,45,57,22,7,33,38,59,3,35,35,39,18,45,47,61,19,35,53,22,31,3,14,12,55,63,19,14,1,13,5,62,21,8,9,2,14,34,53,48,44,56,33,56,31,20,6,39,12,18,54,43,51,44,26,63,56,23,54,58,63,5,6,19,32,21,47,30,29,23,45,28,1,53,29,27,57,34,43,27,44,6,11,19,11,39,63,58,46,14,8,42,46,11,37,62,34,12,19,61,41,48,13,7,54,16,0,18,42,15,39,36,29,9,54,17
16,59,43,53,62,12,37,38,34,33,10,18,17,40,4,20,4,8,48,14,52,42,3,9,25,19,20,0,62,57,57,47,54,45,39,5,31,21,34,3,27,34,15,42,12,12,46,39,34,17,1,32,49,18,59,13,37,23,43,61,57,59,11,4,51,55,13,25,22,54,9,28,0,52,54,61,53,59,23,60,18,6,61,24,35,62,9,49,23,50,62,41,59,16,31,60,54,42,22,55,10,31,18,52,43,1,27,28,37,30,21,9,56,41,37,59,49,31,9,31,32,36,47,6,30,38,33,31,51,35,51,3,58,31,61,24,49,3,47,26,29,0,57,2,31,35,0,53,36,14
44,3,61,39,51,2,48,39,50,9,16,22,61,62,32,4,1,9,17,16,53,45,56,55,39,37,42,23,16,26,31,41,58,40,5,47,33,45,35,62,9,3,0,28,54,22,0,10,39,8,48,26,60,62,48,48,48,22,32,6,13,31,54,58,24,3,4,42,56,23,55,30,14,15,37,26,55,32,4,58,7,32,23,37,53,46,52,21,25,26,7,44,21,28,11,45,43,5,8,59,23,4,59,51,11,13,55,10,54,12,26,35,55,57,60,25,29,11,27,63,48,19,56,57,50,20,37,35,16,15,18,38,40,56,0,47,16,16,39,9,16,41,0,2,16,27,29,26,20,51
23,55,26,57,21,56,46,7,11,8,16,56,8,54,35,22,17,0,10,58,46,7,26,9,18,15,54,45,62,59,26,9,43,54,59,28,44,34,55,23,23,2,52,6,59,61,44,8,12,46,18,16,44,52,58,15,14,48,49,23,12,44,18,12,44,7,58,55,24,55,21,51,34,9,7,3,31,14,53,56,38,20,49,45,16,38,51,59,55,19,26,49,0,63,49,6,32,10,35,53,27,28,23,31,46,27,57,8,37,33,44,18,13,13,27,38,56,44,39,17,42,43,7,12,51,11,60,61,25,21,48,63,10,62,53,7,21,32,3,47,47,9,33,0,51,1,32,59,38,56
57,26,18,13,24,48,16,13,38,11,40,48,44,20,53,36,15,2,12,32,43,16,53,23,23,5,0,45,0,34,2,46,38,49,60,60,5,49,37,31,9,8,2,22,62,46,14,19,59,40,20,51,5,44,32,53,19,1,9,58,27,25,4,35,32,60,11,11,18,18,7,50,25,17,52,36,0,48,28,3,25,60,11,53,40,25,62,40,23,27,60,41,22,46,61,15,63,15,23,54,14,18,35,19,63,54,60,44,41,33,60,8,49,19,5,36,15,45,57,57,9,0,25,56,57,1,27,12,57,60,41,50,6,28,27,40,41,53,3,29,4,36,60,14,0,9,15,50,20,57
18,30,1,57,6,38,14,0,22,45,43,42,0,35,47,54,9,41,58,57,42,7,57,15,45,20,22,57,25,42,45,2,2,60,33,20,47,11,32,11,0,21,57,34,35,13,20,38,53,20,45,21,6,2,42,26,8,25,21,10,34,17,20,5,26,27,53,6,45,13,54,58,35,59,17,13,18,26,24,29,22,2,45,25,39,26,37,40,5,35,15,58,40,17,53,7,56,38,31,44,22,21,19,57,8,7,13,58,61,29,53,40,39,58,5,59,6,55,55,47,38,61,14,28,50,2,48,63,32,29,40,14,37,7,25,62,32,51,2,23,49,36,19,0,56,0,20,16,61,13
56,9,27,50,18,17,30,16,15,42,12,15,5,36,60,48,19,43,0,0,32,59,62,50,20,15,63,36,2,37,28,47,53,63,7,52,12,23,58,54,46,58,58,37,0,54,20,25,61,34,33,24,50,40,57,48,33,51,17,32,13,30,27,26,36,26,41,49,50,63,11,60,12,49,46,12,48,49,34,45,42,2,28,17,0,15,46,35,38,51,11,49,19,0,17,56,54,36,2,20,32,27,43,27,17,43,37,31,24,6,24,57,48,10,44,18,25,61,58,5,26,45,51,25,49,32,63,30,6,46,56,25,24,31,51,38,55,53,45,15,40,16,28,27,31,62,0,61,9,20
32,13,0,47,46,57,5,41,0,30,9,38,13,63,9,35,17,49,12,48,50,60,10,44,56,47,45,37,52,43,30,19,6,38,48,58,31,0,62,24,23,48,9,7,4,0,13,11,60,61,26,5,34,5,33,34,57,56,46,41,53,1,10,17,43,43,35,36,41,14,29,48,29,50,42,21,19,44,23,42,45,55,43,39,57,26,17,36,8,1,53,48,11,46,50,43,42,54,37,33,25,12,16,2,34,25,58,40,62,40,6,19,24,29,54,14,58,25,17,42,52,25,4,18,52,37,49,51,53,36,40,34,38,25,54,5,26,53,62,53,42,50,52,41,48,7,45,0,47,29
31,22,4,57,28,9,44,17,45,52,28,60,11,57,37,23,30,9,60,37,39,16,60,11,9,42,10,53,55,46,53,9,61,47,38,35,31,1,47,57,59,0,37,14,25,22,59,58,30,57,14,35,3,43,55,51,27,50,25,23,0,46,56,19,15,34,18,32,36,42,1,28,52,10,33,47,37,20,61,48,34,25,45,13,11,10,19,52,61,48,61,11,37,7,7,45,40,4,62,0,28,43,9,12,56,13,60,15,13,55,7,49,49,14,28,30,18,12,54,19,20,44,44,56,54,4,2,14,34,47,63,16,27,42,55,17,4,51,16,30,50,56,38,9,47,51,13,9,0,38
3,5,18,57,28,60,4,0,18,24,13,61,62,1,48,60,10,44,37,15,16,11,37,53,17,55,2,21,33,56,63,2,29,2,42,37,24,5,10,9,37,33,19,61,6,0,15,24,45,37,61,55,61,57,1,30,29,36,50,24,11,2,32,34,36,27,30,40,31,16,13,4,58,55,55,47,11,11,56,12,5,27,50,16,36,36,7,62,30,0,8,26,42,20,4,25,45,14,59,59,23,12,14,24,33,48,34,4,0,21,46,52,5,46,0,14,24,54,61,58,8,22,26,36,8,33,45,40,41,19,42,45,38,56,56,27,6,56,44,47,40,31,46,26,22,11,28,38,23,0
