0,0,25,0,29,0,0,54,0,32,0,0,0,13,52,0,22,0,0,56,45,0,0,0,46,0,0,0,0,0,0,0,0,0,2,0,0,0,0,0,0,0,29,0,7,0,0,0,0,0,11,0,0,58,0,0,0,52,0,0,0,0,0,12,0,0,0,0,23,0,5,0,34,0,0,0,0,30,0,0,0,13,13,0,0,0,42,56,0,0,0,0,0,0,0,0,0,53,0,0,52,55,0,0,0,48,0,30,0,0,0,44,0,0,0,0,5,0,0,0,0,0,0,0,0,40,38,48,44,0,0,56,22,47,31,0,24,36,9,29,1,59,47,0,25,20,0,0,0,31
0,0,0,11,56,0,40,60,57,54,29,0,52,55,0,34,60,0,55,0,47,9,0,0,57,0,33,0,0,0,0,11,0,0,0,0,49,0,0,0,0,0,0,60,58,0,0,0,0,0,0,0,0,0,0,0,27,0,0,59,0,0,0,8,17,0,0,0,0,0,0,0,0,0,0,0,36,0,0,23,0,0,0,0,0,0,17,47,52,0,0,52,0,0,0,0,0,44,0,0,0,0,0,0,56,0,0,0,0,0,0,0,0,0,0,0,0,0,56,0,0,0,0,0,2,0,14,0,54,34,8,21,36,53,0,0,0,0,49,0,63,0,59,23,8,0,0,0,54,48
34,0,0,9,43,57,27,37,13,0,0,39,24,13,62,0,0,4,0,0,4,0,0,9,15,0,16,0,0,32,0,0,0,0,0,0,0,0,0,0,0,0,0,0,23,33,0,0,0,22,0,0,51,0,0,0,6,0,0,0,0,0,0,0,0,0,0,0,35,0,32,0,0,0,0,21,56,0,0,0,0,0,2,0,0,0,44,0,0,0,0,0,11,0,0,0,0,56,0,0,29,0,0,11,0,0,0,0,0,0,0,0,0,0,0,0,0,36,0,0,9,0,0,0,0,0,0,0,0,0,24,0,60,0,45,32,0,24,29,42,0,0,60,32,0,53,37,39,0,48
0,61,24,0,46,57,20,15,31,0,0,0,63,44,0,0,0,57,36,36,39,52,20,0,0,0,0,0,0,0,0,0,0,62,0,0,0,0,0,0,0,33,0,0,0,38,0,0,0,0,0,60,0,0,0,29,0,0,0,0,0,44,0,0,0,58,0,0,0,0,0,0,0,43,0,59,0,0,0,0,0,0,0,0,0,0,25,0,0,0,0,10,0,0,0,0,0,0,16,0,0,0,0,0,0,0,0,25,0,0,0,0,47,0,0,58,25,0,0,18,0,0,0,0,0,0,0,41,0,46,11,0,0,36,0,12,41,59,59,0,0,0,14,12,7,15,25,58,48,53
3,41,16,13,0,0,0,16,56,0,0,17,0,11,38,31,0,0,0,0,25,0,35,0,0,0,0,17,0,0,0,17,47,0,0,0,0,0,10,0,0,28,0,0,0,0,43,15,52,0,0,0,0,25,0,46,37,56,0,42,38,0,0,0,7,0,39,51,0,21,0,0,0,0,0,0,0,14,0,0,0,0,0,0,19,14,0,37,0,0,0,0,0,37,0,0,51,0,0,0,0,0,0,0,0,0,0,0,0,0,0,18,0,0,29,0,0,0,48,0,0,42,18,0,57,0,0,0,0,11,0,0,3,15,0,51,18,0,48,31,58,27,45,0,18,24,0,0,0,0
0,0,50,10,0,0,13,0,30,62,0,0,55,9,17,3,0,58,0,4,45,27,0,0,49,46,38,47,0,0,29,0,0,0,0,40,8,0,0,0,0,0,0,32,42,0,0,0,0,0,28,0,0,0,0,0,28,0,0,3,37,0,0,0,0,0,0,54,0,31,52,0,0,0,0,0,0,0,0,0,0,0,0,0,0,0,0,18,0,0,0,0,0,0,0,0,0,0,0,0,0,0,22,0,0,0,0,0,15,0,0,0,0,0,19,31,0,0,0,0,0,57,0,0,0,0,24,0,58,0,45,26,2,47,44,53,53,0,34,6,3,38,31,22,0,57,50,16,0,0
0,52,59,18,0,27,0,11,10,0,0,0,0,0,0,23,0,0,57,0,36,18,0,0,0,3,0,28,29,37,0,3,0,0,0,0,0,0,0,0,0,0,0,17,44,41,5,0,17,35,54,0,0,11,0,0,0,31,0,0,0,0,0,41,0,0,43,0,0,0,0,0,0,0,12,0,0,0,0,0,0,12,0,0,58,0,0,21,0,12,0,0,6,0,0,0,53,0,0,0,0,61,0,7,0,0,0,0,48,0,0,0,0,0,0,0,0,8,48,33,0,0,0,0,0,58,24,0,59,0,0,33,17,59,36,54,0,21,35,0,21,37,0,49,0,21,0,15,50,8
10,24,50,53,33,0,29,0,0,0,12,6,14,17,37,31,0,0,35,0,12,4,0,21,38,61,0,44,54,0,57,24,0,0,0,0,0,0,0,0,0,0,28,0,16,3,0,0,0,0,0,0,0,0,14,0,0,0,0,0,0,0,0,0,0,0,0,6,0,0,0,0,0,0,0,32,0,0,0,0,45,0,0,0,0,52,0,0,0,0,0,0,5,0,0,0,0,0,0,0,0,0,0,0,0,0,0,0,0,27,5,38,0,13,0,25,0,0,0,50,0,0,0,0,0,9,58,0,35,8,0,0,0,15,5,41,55,20,0,0,0,0,15,0,0,0,0,47,0,0
0,7,32,24,17,39,45,0,0,0,12,51,0,12,5,0,46,47,25,0,33,0,0,0,0,54,0,0,3,45,0,0,5,38,31,0,0,0,0,0,40,7,0,0,51,61,0,0,0,0,16,0,0,0,31,39,0,0,0,35,0,43,0,0,0,0,31,31,0,0,0,0,31,0,0,0,0,0,40,0,46,0,0,58,0,0,0,0,0,0,45,1,0,0,0,0,0,0,0,0,0,0,0,41,0,0,11,43,0,29,0,0,0,0,0,0,0,0,61,0,0,54,0,0,0,0,0,0,0,0,0,0,0,2,59,12,0,0,0,34,0,0,26,19,54,26,19,0,6,0
60,8,0,0,0,20,0,0,0,0,0,62,0,46,0,0,0,0,12,33,0,41,52,3,0,34,0,0,27,0,14,0,0,0,0,0,0,0,0,0,0,7,0,0,26,0,0,41,0,0,22,0,0,0,32,0,0,26,0,0,0,0,0,17,0,6,21,0,0,0,0,0,0,56,62,0,0,0,0,0,55,0,0,4,0,0,0,0,55,0,0,0,0,0,41,33,0,37,0,0,0,54,0,0,52,0,0,0,0,19,0,0,0,0,0,0,28,0,60,0,0,0,0,0,0,0,0,0,0,0,0,0,0,0,26,0,0,0,30,0,0,51,28,0,7,0,48,18,0,0
0,13,0,0,0,0,0,28,9,0,0,0,7,53,13,36,24,46,0,0,37,0,18,0,0,0,7,0,19,0,31,60,0,0,0,0,0,0,48,0,0,0,0,0,0,0,0,0,53,0,0,0,47,0,0,0,0,0,46,32,0,32,0,0,56,52,0,0,0,0,56,27,0,0,42,0,0,0,0,0,0,0,0,0,0,0,26,55,0,0,0,0,0,0,0,0,0,0,0,26,0,0,0,0,0,35,55,0,0,0,62,0,0,0,0,0,0,0,0,0,0,0,0,0,0,0,0,1,0,0,0,37,0,0,0,0,59,32,36,0,58,30,2,15,6,0,0,0,0,0
0,0,40,0,37,0,0,20,29,12,0,0,0,0,18,21,0,3,62,0,2,0,35,41,13,27,0,22,55,0,23,0,0,0,0,48,23,0,0,0,0,0,0,0,0,0,0,33,44,0,0,0,0,0,0,0,0,0,0,0,22,0,34,0,0,2,0,0,0,0,53,0,14,0,0,0,0,0,0,47,1,0,24,45,23,55,0,0,0,0,0,0,31,0,0,0,46,0,0,0,28,0,0,0,0,0,0,0,0,32,0,0,0,0,59,27,56,0,33,0,0,0,0,0,0,0,0,0,0,0,0,25,0,0,0,0,0,5,37,14,26,0,34,7,4,20,23,48,0,22
0,21,30,48,0,16,0,29,0,0,1,0,0,47,0,32,25,60,41,18,13,0,8,3,40,13,0,11,20,53,26,0,0,36,56,10,35,0,0,0,0,0,0,48,42,0,2,7,0,36,0,0,0,0,0,0,0,0,0,0,0,0,0,0,0,0,28,0,0,23,31,0,0,0,5,0,0,0,0,0,0,8,0,0,0,0,0,0,0,0,0,0,48,0,0,0,0,0,0,0,0,35,0,0,0,0,0,0,0,51,0,0,0,0,0,0,0,0,50,0,0,60,0,9,0,1,0,0,0,0,27,0,0,0,0,0,3,0,19,0,31,0,29,0,4,0,0,58,0,57
18,37,62,41,12,59,0,44,1,49,52,0,26,0,13,43,0,43,55,47,0,0,0,0,0,0,36,14,31,0,0,0,0,59,0,0,3,0,5,18,0,0,37,0,1,0,0,0,0,0,0,0,0,26,0,0,35,0,0,0,0,0,23,0,0,58,0,50,0,0,60,21,39,0,0,0,0,0,0,0,0,0,0,0,0,0,0,0,33,0,0,2,0,0,0,0,0,38,6,0,0,0,0,0,0,0,0,0,0,0,0,0,59,0,9,0,0,0,0,0,0,0,0,12,58,41,0,37,0,0,0,60,0,31,0,0,0,21,43,0,19,4,0,0,0,0,32,0,6,0
37,0,35,0,42,27,0,22,19,0,4,43,0,4,0,32,0,44,0,51,26,32,61,0,4,48,5,4,19,0,0,11,10,0,19,10,0,0,0,0,0,41,5,0,0,0,45,0,13,51,1,0,0,0,0,0,0,0,0,0,29,0,0,0,34,0,0,0,0,49,0,6,25,22,0,45,1,0,0,0,0,32,0,0,0,0,0,0,0,0,0,2,0,0,0,18,22,0,0,10,0,23,0,0,0,0,0,0,18,0,0,45,0,0,0,1,0,0,59,0,0,0,28,0,53,0,0,0,0,33,0,0,0,0,0,0,0,0,56,51,0,57,4,5,57,0,0,0,0,0
0,14,0,0,0,62,1,57,0,0,35,60,4,50,38,0,0,4,22,6,0,39,0,1,15,0,0,39,0,19,57,53,0,39,53,59,0,36,41,0,0,0,0,0,58,58,0,0,0,0,0,0,0,48,0,0,50,57,0,0,0,0,0,0,0,0,0,46,15,0,0,0,0,50,0,0,0,0,0,0,0,26,18,0,0,0,63,0,0,0,0,0,0,0,0,0,22,0,0,0,45,0,0,0,0,0,0,43,0,0,10,0,7,31,0,0,39,0,0,0,0,0,4,23,0,0,0,0,30,0,0,0,39,24,0,0,0,0,0,0,0,2,8,8,0,24,0,0,0,27
2,53,0,0,0,0,0,0,17,0,44,0,16,0,0,0,0,31,0,0,13,0,0,0,0,36,0,55,0,39,22,0,0,0,0,0,6,0,0,0,4,54,58,0,0,0,41,0,0,0,0,0,42,0,0,0,55,0,14,0,0,12,0,0,0,0,0,0,0,0,0,3,0,0,35,0,53,43,0,0,0,3,28,53,0,0,0,0,0,0,0,0,39,0,0,0,0,0,0,0,0,0,0,0,0,0,0,0,0,0,0,0,0,27,0,26,0,0,56,42,16,0,0,0,0,0,0,10,0,0,4,0,0,47,0,0,0,21,0,55,61,0,7,22,0,39,0,60,31,49
0,0,18,15,0,59,0,0,13,0,32,35,53,37,7,4,41,0,48,29,62,42,0,0,46,52,0,53,12,0,31,55,0,0,50,0,27,25,0,10,51,27,0,0,0,0,0,4,0,38,0,0,0,42,0,0,13,0,17,0,0,0,0,0,0,0,0,0,0,0,0,54,21,0,56,0,0,0,0,0,0,0,0,0,0,50,0,0,6,0,0,0,6,0,0,0,0,0,53,0,0,0,16,0,0,0,0,0,0,0,0,0,0,31,0,0,0,0,0,0,0,0,0,0,0,0,6,0,0,23,32,39,0,0,0,0,0,1,0,0,0,0,0,0,20,6,58,25,0,0
0,34,0,55,0,0,44,56,35,17,0,43,19,41,0,57,0,19,0,17,0,0,0,30,10,0,53,44,26,0,0,0,29,0,45,54,0,0,0,36,0,0,56,51,0,0,0,0,46,0,0,56,0,0,24,0,0,0,0,0,0,0,0,25,0,0,0,0,0,14,0,0,0,43,60,0,5,0,0,0,0,53,0,33,43,0,0,0,0,0,0,0,0,0,0,0,0,51,0,0,50,0,0,0,0,0,0,55,0,0,17,26,0,0,0,0,62,0,0,0,0,0,0,0,44,0,0,0,0,0,0,0,0,0,0,0,0,0,0,0,0,10,0,0,60,17,4,17,0,46
32,15,0,39,0,2,0,0,0,8,0,0,52,20,12,24,0,5,18,0,0,0,19,0,0,51,62,0,0,57,53,40,0,54,0,0,45,25,0,0,47,20,58,22,0,0,9,0,11,0,0,0,0,0,0,0,0,0,0,0,0,0,0,38,0,0,0,49,0,0,0,0,0,59,0,54,5,0,0,15,0,0,0,37,0,0,0,0,0,0,54,0,0,0,0,0,0,0,0,0,0,0,0,2,0,0,0,0,0,0,0,51,0,0,0,0,0,0,0,0,27,1,51,0,37,0,0,0,45,0,0,0,27,0,0,0,0,0,0,0,0,0,0,0,32,9,0,0,32,0
37,32,43,17,45,31,38,13,49,0,31,30,34,0,35,0,10,9,0,0,0,0,27,57,0,0,0,0,0,0,36,0,24,2,19,31,0,26,0,0,28,47,47,0,0,0,0,0,0,52,53,0,0,0,0,0,0,0,0,0,0,0,0,0,0,0,0,0,0,0,0,0,0,0,0,0,0,51,54,0,32,0,0,0,23,0,0,0,0,0,42,0,0,0,19,0,57,0,0,0,0,0,0,10,0,58,0,0,0,0,0,0,0,0,0,0,0,0,0,0,0,0,0,0,0,0,0,0,0,0,55,0,0,0,37,31,0,0,0,0,0,0,0,0,0,7,0,0,0,28
0,1,0,3,0,38,29,8,0,18,0,0,0,0,60,49,0,53,33,0,0,0,51,0,0,0,27,19,17,0,15,60,61,0,43,0,0,26,43,3,0,58,0,0,0,47,36,0,0,0,0,0,32,14,10,34,0,0,0,12,0,0,0,14,0,0,0,52,0,0,34,0,0,0,0,0,0,0,31,0,55,0,0,0,0,0,0,0,0,3,0,0,0,0,0,0,0,0,0,0,0,0,0,40,0,0,0,0,56,0,38,0,0,0,0,0,32,0,0,0,0,0,0,0,0,0,0,0,0,0,0,0,0,0,0,0,55,0,0,0,50,0,36,0,0,0,0,4,0,44
0,0,0,22,34,0,0,0,0,2,57,46,50,0,28,0,0,0,0,19,12,35,0,0,0,9,7,20,0,22,52,0,0,34,16,4,0,0,46,45,4,56,51,45,19,34,0,31,60,0,35,0,0,48,0,0,7,0,0,0,0,0,1,10,20,0,0,56,0,0,9,0,0,0,0,0,0,0,0,0,0,0,0,0,0,0,0,0,0,0,56,0,0,21,0,0,0,0,0,0,14,0,28,38,29,60,0,0,0,4,0,0,0,0,0,0,0,0,0,0,0,0,0,0,31,0,0,0,0,0,0,0,0,0,0,0,0,0,0,0,0,0,0,0,0,26,0,10,31,0
0,0,48,0,0,0,0,5,0,50,0,45,19,0,0,62,0,0,38,0,0,0,0,0,0,1,0,37,26,18,39,33,0,36,41,25,0,0,9,19,0,0,0,43,41,25,15,0,0,0,0,0,0,0,0,0,0,25,0,0,0,0,0,0,0,0,0,0,0,0,6,0,0,0,0,0,0,0,45,0,12,4,0,0,61,0,0,0,0,0,0,0,0,29,0,0,0,0,51,0,0,0,0,0,0,36,0,0,0,56,0,0,0,0,0,0,0,0,0,0,0,19,0,0,0,0,34,0,0,0,0,0,0,0,52,0,28,0,0,0,0,0,0,40,0,20,0,0,63,0
26,51,2,0,0,60,0,9,0,0,0,4,34,0,24,62,0,27,32,0,0,0,0,0,0,59,14,0,4,0,0,13,0,38,0,35,13,50,0,8,0,0,0,0,0,57,0,32,55,0,0,0,54,0,0,0,0,0,0,41,41,0,0,0,55,0,0,0,33,44,0,0,0,0,0,0,0,0,21,0,0,0,0,50,0,9,0,0,0,0,0,0,0,0,0,0,0,0,0,0,16,0,15,0,0,0,47,0,0,0,0,0,0,62,0,36,0,0,0,0,4,0,0,0,18,0,0,0,2,11,33,0,35,0,0,0,0,46,0,0,0,56,22,13,0,55,5,0,12,16
0,0,0,0,0,19,54,12,46,25,0,15,9,0,34,0,15,32,0,49,0,0,24,9,45,0,0,13,50,0,15,0,1,30,36,0,0,37,0,52,5,0,0,59,0,5,0,27,0,0,0,0,0,8,0,0,0,0,0,0,0,21,0,0,0,46,45,20,0,0,0,0,0,0,28,15,0,0,3,0,51,0,0,0,0,45,0,29,0,0,44,0,0,29,0,0,0,0,0,0,0,0,0,0,35,0,0,0,0,0,0,0,43,0,0,0,0,0,0,0,21,0,0,0,0,0,0,0,0,63,0,55,0,0,0,0,1,0,37,0,0,0,0,10,58,0,0,1,0,0
0,42,21,0,0,32,0,0,0,0,62,0,0,33,48,0,0,0,62,62,0,43,13,0,43,0,0,0,49,0,56,0,3,26,0,21,0,38,0,61,0,52,0,0,0,32,0,58,31,8,61,11,0,0,0,55,0,0,0,8,9,0,0,0,0,0,0,0,0,0,0,0,0,0,0,0,0,0,0,0,0,0,35,0,0,0,0,0,0,0,48,0,0,0,45,55,32,37,0,0,0,62,0,0,2,0,0,0,0,0,0,0,0,0,0,11,0,0,0,0,0,0,30,0,0,0,16,28,0,0,0,0,0,0,0,0,0,0,0,0,0,0,0,0,4,56,0,0,0,0
0,0,0,0,57,0,5,29,0,0,0,50,55,35,31,41,44,31,43,21,0,19,29,20,0,44,0,0,0,49,2,22,0,0,0,0,0,49,4,0,3,30,0,0,0,20,0,4,11,9,23,40,1,4,0,0,0,49,0,0,0,0,0,28,0,0,18,17,0,0,2,0,0,0,0,0,0,0,0,0,0,0,0,54,0,0,31,21,0,44,0,44,42,0,14,20,0,0,0,0,0,0,26,0,0,37,0,0,0,0,0,0,0,0,0,54,0,0,33,0,0,46,0,0,0,0,42,0,0,0,0,28,11,0,0,0,0,0,0,0,4,0,0,0,0,0,11,0,0,21
0,0,0,0,0,0,41,16,17,47,38,4,60,18,29,0,0,1,26,0,0,61,0,12,31,27,6,0,0,12,0,0,28,50,0,54,46,35,0,50,0,47,0,0,12,0,10,0,0,54,59,25,28,0,21,0,3,0,0,0,0,26,0,0,0,0,0,52,0,0,0,0,0,0,0,0,0,0,0,0,32,0,25,0,0,0,0,0,0,9,0,19,0,0,0,0,0,0,0,0,0,0,36,50,0,0,0,0,0,0,0,0,0,0,0,0,0,0,0,0,0,0,0,0,0,0,0,48,0,10,0,0,2,0,27,0,0,0,0,0,0,0,25,40,0,0,0,52,0,21
0,0,63,0,0,0,0,0,29,0,0,50,6,0,0,39,33,0,0,58,0,0,19,9,0,0,0,3,7,0,0,17,0,10,0,17,46,0,0,7,21,0,41,46,0,29,29,45,0,39,31,18,4,0,42,0,0,0,0,0,0,0,0,0,0,29,14,0,0,0,0,0,0,15,22,31,0,0,0,0,0,0,0,0,0,43,23,0,0,61,4,0,0,0,0,0,0,0,0,0,0,0,0,0,0,0,0,0,0,33,0,0,0,17,0,0,0,0,0,0,0,28,0,0,35,29,0,42,0,4,0,0,10,0,0,34,0,0,0,43,0,0,0,39,0,0,0,0,0,0
0,0,0,0,0,28,0,55,0,31,18,35,32,0,0,57,11,19,0,56,50,25,0,50,0,3,32,20,0,0,0,0,0,0,11,4,15,0,0,9,33,26,0,0,0,56,0,22,0,0,54,0,57,11,45,0,32,0,0,0,42,0,0,0,0,0,13,0,0,0,0,0,0,0,0,0,3,0,0,21,0,0,0,0,0,0,0,0,0,51,0,0,0,0,0,16,0,0,0,0,8,0,0,0,16,14,0,0,0,55,0,0,0,0,10,0,0,0,0,20,0,0,0,59,0,0,0,49,0,0,0,0,0,0,0,2,0,0,0,0,24,0,0,0,0,0,0,0,53,38
0,46,0,0,48,0,18,35,0,0,34,0,0,0,40,2,0,35,0,3,0,25,0,56,6,0,0,13,0,40,0,0,28,0,0,18,0,0,0,28,57,26,0,0,61,0,39,30,8,0,59,0,0,33,19,0,0,42,0,28,0,0,0,0,0,0,0,0,0,53,53,0,0,0,51,0,0,0,0,0,25,0,0,0,0,0,21,7,49,0,0,26,0,0,0,0,0,0,0,0,0,0,0,0,0,0,0,0,0,0,0,0,0,0,0,0,0,33,0,0,50,0,57,11,52,0,0,0,8,0,0,0,58,2,13,0,0,0,0,48,39,0,0,0,62,0,40,0,27,0
0,0,0,0,16,0,0,44,51,0,0,0,0,0,61,0,0,0,0,0,17,6,0,45,0,59,4,0,2,0,59,47,0,0,3,0,33,0,45,0,0,0,0,16,54,0,0,0,32,0,0,0,58,2,0,0,10,0,12,10,0,0,6,34,0,0,48,0,16,0,0,29,0,0,56,0,0,0,0,0,37,0,0,0,0,60,0,0,0,0,0,0,0,0,0,0,31,0,0,41,0,0,0,0,0,0,0,0,0,0,44,0,0,0,0,0,0,0,0,25,0,17,0,0,13,51,0,0,0,0,0,0,0,0,0,36,0,26,0,0,39,0,0,16,0,2,18,60,0,0
0,0,0,42,0,0,0,0,17,0,0,0,8,47,0,50,0,0,0,29,52,0,62,37,58,57,60,0,29,58,0,0,0,0,0,52,0,59,0,6,9,0,0,25,22,0,0,0,0,0,47,0,11,0,11,35,0,0,0,49,0,0,0,7,26,27,0,0,60,61,24,0,0,54,0,18,0,0,0,0,58,0,56,0,60,0,0,0,0,0,0,0,0,0,0,0,43,0,0,0,27,0,0,12,30,0,0,0,0,0,0,60,0,0,0,0,59,43,46,0,0,0,47,0,0,0,0,0,11,0,0,26,22,0,0,0,0,46,0,0,0,0,0,0,0,0,0,41,0,0
47,0,0,0,0,0,0,0,51,0,0,0,50,0,30,18,0,17,30,0,60,61,0,29,0,52,0,0,0,0,10,0,57,0,0,52,0,58,0,22,0,36,0,0,0,12,0,59,8,10,63,45,0,0,29,52,27,0,0,30,0,0,51,46,0,0,0,0,0,0,0,0,44,0,0,0,0,0,11,0,0,0,0,0,0,0,0,0,2,25,0,50,0,0,0,59,0,0,0,0,0,0,0,0,0,11,0,10,0,0,0,0,0,0,0,0,0,0,0,0,0,31,0,0,0,51,0,0,17,0,24,0,0,0,49,0,0,0,0,38,0,46,0,0,0,56,0,0,0,0
0,0,0,0,0,17,0,0,0,0,0,43,11,0,39,5,0,0,4,0,50,0,61,20,12,0,26,0,49,53,38,18,0,44,31,0,0,0,0,0,0,16,13,52,0,0,15,50,0,0,23,25,62,0,0,0,46,0,0,47,24,9,0,0,47,0,44,23,0,0,0,0,0,58,0,0,22,0,0,0,0,0,47,61,0,0,0,0,0,0,0,0,0,0,0,0,0,0,0,0,0,0,0,4,0,0,0,0,0,0,0,0,0,0,0,0,0,0,0,0,0,0,0,0,24,0,0,0,5,62,0,23,19,0,0,0,0,0,0,0,0,0,19,0,39,0,48,60,0,0
0,63,0,0,0,31,0,0,0,0,0,35,35,6,0,0,35,24,0,4,0,0,0,0,39,0,0,0,59,48,21,0,33,0,0,0,0,27,14,44,0,0,8,0,26,54,0,32,15,17,24,0,0,56,0,0,38,0,7,0,0,39,5,56,0,0,0,0,0,0,0,0,0,0,0,0,0,0,0,0,0,0,0,0,0,2,0,0,40,0,0,47,0,0,0,0,0,0,0,0,0,0,34,63,5,0,0,0,0,0,0,0,0,0,0,0,0,0,0,0,0,28,0,0,0,0,0,31,30,0,50,6,9,0,0,37,0,0,0,24,0,47,9,0,0,0,0,29,18,0
0,0,0,0,0,0,0,0,0,0,0,0,0,0,0,14,0,58,0,53,37,16,0,0,21,30,29,43,0,0,0,0,0,63,30,0,4,0,0,0,50,43,59,29,1,14,10,7,31,32,15,55,0,21,0,0,0,0,0,0,50,45,37,0,10,0,0,0,0,0,32,0,0,0,0,0,0,0,0,0,41,0,0,0,0,0,0,0,0,0,0,0,0,12,0,0,48,0,0,0,0,0,0,0,9,40,0,0,0,62,0,0,0,1,0,0,48,57,0,0,22,0,16,0,0,0,0,0,0,0,0,0,0,0,0,0,0,0,0,20,40,0,0,0,28,0,0,0,0,0
0,0,0,0,17,0,0,0,0,0,43,0,0,22,0,27,0,0,0,0,0,12,24,46,0,0,0,26,0,0,14,0,5,0,0,0,56,0,0,48,26,46,63,0,56,25,0,50,0,39,28,52,39,0,0,15,0,0,1,30,0,19,55,0,0,7,12,0,35,0,0,0,0,44,0,0,0,14,0,0,0,0,0,56,55,0,0,0,0,0,0,0,0,0,0,0,8,0,0,0,0,0,0,0,0,0,0,54,0,0,0,0,0,0,0,0,0,0,0,0,0,0,42,0,0,0,0,0,0,0,0,0,0,0,0,0,0,0,0,0,0,0,0,0,41,0,0,0,0,0
0,0,0,0,0,0,0,0,0,0,0,0,0,62,0,0,0,27,34,0,0,16,7,52,45,11,15,0,7,26,50,2,0,0,48,0,51,0,10,0,0,25,36,0,8,14,17,24,56,0,9,0,0,0,42,60,35,0,58,38,51,19,18,51,0,9,0,0,0,0,0,0,0,0,0,0,0,52,0,24,0,0,0,0,0,0,0,0,0,0,0,0,53,0,0,0,0,53,0,0,0,0,33,0,61,30,0,0,0,0,0,13,0,0,16,0,0,25,5,0,0,0,0,0,0,62,0,0,0,0,52,0,0,0,0,0,0,0,0,0,0,0,0,0,0,0,0,0,60,0
0,0,0,0,0,0,0,0,3,0,0,0,0,0,0,0,16,46,51,60,50,0,15,0,0,7,0,8,0,32,49,51,0,59,0,35,0,4,52,0,0,0,17,0,0,0,0,38,30,24,47,50,52,35,3,46,5,0,0,0,41,0,19,26,24,45,0,55,4,34,0,0,0,59,0,21,48,0,0,0,37,0,0,0,0,21,0,27,0,0,0,0,0,0,0,20,0,0,0,0,0,0,0,0,0,0,0,0,0,0,0,16,51,0,0,25,0,0,0,0,0,0,0,0,0,24,0,0,0,0,0,0,0,0,0,50,19,0,0,0,0,0,0,0,0,0,0,0,0,0
0,0,0,22,55,0,0,0,42,6,0,0,0,0,0,0,19,17,0,37,61,58,43,0,0,0,61,9,52,0,57,52,13,0,31,9,0,59,41,58,0,0,47,9,0,9,0,0,11,60,16,12,47,29,0,0,0,7,0,49,13,0,0,29,0,0,0,0,0,0,0,47,0,0,0,0,16,13,0,0,0,0,0,0,0,0,0,0,0,0,0,0,0,0,0,63,0,0,22,0,0,35,0,0,0,32,0,0,0,0,0,7,0,0,0,0,0,0,0,49,0,0,0,0,0,0,0,0,0,0,0,0,61,0,0,0,0,0,0,0,0,0,0,0,20,0,31,0,0,0
20,0,0,0,0,0,0,25,0,0,0,0,0,29,18,0,1,0,61,5,0,0,11,0,0,0,0,0,0,30,0,0,0,0,0,21,59,51,56,7,11,46,0,30,0,63,37,7,53,0,28,42,20,0,0,34,50,19,0,18,39,49,51,29,55,0,0,0,0,0,18,0,0,0,0,0,0,27,20,0,28,0,0,0,0,41,0,33,0,0,59,0,18,33,0,0,0,31,0,0,0,0,0,0,0,0,0,0,0,0,35,0,0,0,0,0,0,15,0,0,28,52,0,0,0,0,0,0,0,0,0,10,0,0,0,0,0,0,0,0,0,0,0,0,0,0,0,0,0,0
0,44,0,0,0,43,1,0,0,0,0,0,52,0,0,0,0,0,38,4,0,0,62,31,0,17,0,0,20,4,0,0,62,5,0,6,0,52,0,0,0,6,29,0,0,8,55,14,1,55,0,0,0,0,46,25,6,0,19,6,0,55,5,63,14,0,0,0,0,0,0,32,0,0,0,0,0,0,0,0,0,43,0,0,0,0,27,0,0,51,0,0,0,0,54,0,49,0,0,0,59,0,0,29,25,0,0,58,0,0,0,0,10,37,0,0,2,0,0,39,0,39,0,0,0,0,0,0,0,0,0,0,0,0,0,0,0,0,0,0,0,0,48,0,0,0,0,0,17,0
10,28,39,0,0,7,7,51,3,35,0,0,34,14,0,32,0,0,0,0,0,0,21,10,0,0,0,0,27,0,0,49,30,56,0,0,52,57,46,58,0,0,0,0,0,0,0,0,0,0,56,51,0,0,0,0,38,32,0,0,0,0,1,0,0,20,0,0,0,0,0,0,61,33,0,0,0,0,7,0,0,0,0,0,0,0,11,0,41,47,47,0,0,22,18,0,15,0,52,46,0,0,0,9,0,0,47,0,57,0,0,0,0,0,0,0,0,0,0,7,0,0,0,0,0,0,0,0,0,0,0,0,50,0,0,0,38,0,53,51,0,0,0,0,0,0,0,0,0,0
0,0,45,33,0,0,31,33,26,0,0,0,0,0,0,52,0,0,0,0,0,58,26,1,27,6,15,48,0,7,36,0,0,0,17,0,62,28,51,20,0,33,48,40,0,0,0,0,32,0,46,41,0,46,60,36,43,60,0,0,52,0,61,0,0,0,43,0,0,0,12,0,45,7,39,0,0,0,0,0,0,0,0,0,0,0,0,0,0,0,0,0,0,57,0,0,0,21,0,0,0,0,0,0,0,0,39,0,0,7,0,0,41,53,0,0,0,0,0,0,29,0,0,0,53,0,0,0,30,55,0,0,3,5,0,0,0,0,29,55,0,0,36,0,0,0,0,0,0,0
0,0,0,0,0,0,30,0,0,0,0,0,13,0,39,0,4,0,0,44,0,43,0,61,0,0,0,0,52,39,0,61,0,0,0,52,0,41,0,2,0,0,18,34,0,0,0,36,0,23,0,0,19,9,0,0,0,0,0,63,24,39,0,38,0,0,16,0,28,0,22,37,0,0,0,10,0,1,14,0,0,0,24,0,0,11,0,0,0,1,0,0,0,0,38,25,58,0,15,8,0,0,0,0,0,46,0,20,0,27,0,0,0,0,0,56,4,0,0,0,0,0,21,0,0,57,29,16,63,0,0,0,48,35,0,0,0,60,0,0,0,0,0,0,0,0,50,0,0,0
0,0,0,0,35,0,0,0,0,13,0,51,40,0,0,0,0,36,0,0,0,0,21,0,16,29,41,41,0,40,52,38,0,0,29,40,11,10,11,49,48,0,23,37,0,0,29,0,0,28,0,39,8,4,2,0,52,0,0,9,25,24,40,45,0,43,0,31,61,62,0,0,0,0,0,0,0,0,35,48,0,34,9,0,44,0,39,0,0,0,0,0,0,0,0,0,0,47,0,11,0,0,0,0,0,0,0,0,29,0,0,29,20,0,0,0,0,0,0,0,0,0,0,0,0,0,50,0,0,0,0,39,0,0,0,26,0,0,0,0,0,0,41,34,7,0,0,0,0,0
0,0,0,0,52,0,63,0,0,0,34,11,0,0,54,0,0,0,8,30,0,0,0,0,5,0,14,34,0,0,0,58,26,0,7,0,16,18,0,58,50,47,11,6,0,16,0,0,0,0,0,0,34,41,52,23,0,58,0,47,7,0,0,0,0,0,0,0,0,7,4,0,59,0,0,0,0,51,0,58,0,0,0,7,53,0,17,0,0,42,0,0,0,0,0,0,61,0,0,0,44,0,45,0,0,0,0,0,0,0,0,0,0,31,56,0,0,59,0,29,0,0,1,60,0,0,0,0,0,53,0,25,0,0,0,0,0,0,0,0,0,20,59,0,0,0,0,0,0,0
0,0,51,0,0,0,53,0,0,0,5,0,46,0,52,0,0,29,0,0,44,0,0,0,0,0,23,24,18,23,0,0,0,0,47,0,13,47,26,0,10,50,0,52,0,0,17,63,0,0,39,0,27,0,44,0,3,26,17,0,7,0,0,0,47,42,0,0,10,43,3,0,28,0,13,0,0,0,0,0,0,0,0,0,61,0,0,0,33,0,16,0,0,0,0,0,0,0,0,0,0,0,0,0,0,0,0,0,0,0,0,0,0,0,0,0,30,0,0,0,0,0,0,53,0,0,0,0,0,0,0,0,26,16,0,0,0,61,0,0,0,0,56,0,0,0,0,0,0,13
37,0,0,0,0,30,42,0,49,26,0,0,0,0,13,0,0,0,0,0,47,0,44,0,0,0,20,12,41,57,57,29,30,0,28,35,22,55,19,37,28,8,10,0,30,23,0,0,0,63,0,0,0,29,40,6,38,0,0,0,0,60,53,4,30,0,0,13,11,0,0,0,0,58,27,49,29,0,0,0,0,0,0,0,28,0,0,25,1,0,0,0,47,8,0,0,0,0,56,0,0,0,0,22,0,26,0,0,0,0,0,0,0,55,0,0,56,0,18,0,44,11,0,0,0,0,0,0,52,0,0,0,0,0,37,12,0,0,0,0,4,0,0,60,0,4,0,0,0,0
0,0,0,58,0,0,0,0,0,0,0,0,0,0,0,0,0,0,0,0,0,0,0,0,0,0,60,48,61,13,0,0,0,0,3,1,0,20,19,0,17,2,44,0,49,1,0,2,0,0,0,0,0,22,0,17,6,0,22,33,54,33,0,13,43,0,26,48,25,0,13,0,53,28,0,0,0,0,0,0,0,0,0,0,0,6,0,0,0,8,0,0,4,0,0,0,0,0,0,0,0,0,38,0,0,60,58,0,0,0,0,0,0,38,0,0,0,0,0,0,0,0,0,10,47,2,0,32,0,0,0,22,0,0,0,20,38,0,0,0,0,0,0,32,12,0,0,0,48,19
0,0,46,0,0,0,0,0,0,0,42,0,0,0,0,0,42,0,0,0,0,49,0,0,55,0,0,5,56,23,61,0,28,0,0,0,0,0,18,44,50,32,5,0,0,0,40,51,18,0,0,0,0,16,58,18,26,0,4,58,39,0,39,23,62,0,0,52,36,0,0,0,37,16,12,59,0,57,0,26,0,0,0,0,26,4,0,0,27,0,0,0,0,0,21,0,0,0,0,0,0,0,0,0,0,0,0,0,0,0,39,0,0,0,0,0,0,0,0,37,0,0,0,0,0,0,0,0,0,0,0,0,0,0,0,2,35,0,50,0,0,12,0,0,0,0,0,0,0,0
41,0,0,0,15,0,52,0,0,0,0,0,0,2,0,62,0,44,0,25,0,12,13,0,0,26,0,56,0,0,14,0,48,0,0,0,1,26,0,0,38,30,0,0,0,34,9,26,23,0,43,34,4,0,7,0,35,0,0,44,50,17,39,0,0,0,0,0,60,0,0,48,31,0,0,53,55,0,22,0,0,10,0,0,0,0,28,0,0,0,0,0,0,0,0,0,20,13,0,0,0,0,62,0,0,0,57,0,0,0,0,0,0,4,0,0,0,0,0,0,27,0,5,0,0,0,0,0,55,0,0,0,0,0,0,0,0,0,0,0,0,0,0,0,61,0,0,0,45,0
0,0,0,0,0,0,0,11,53,16,0,0,0,0,0,0,5,0,49,0,0,39,0,0,0,0,0,0,12,54,4,58,0,20,57,0,0,0,0,29,0,0,0,24,0,0,0,9,30,11,12,0,51,51,0,30,7,0,16,2,7,50,55,0,0,50,30,0,36,36,14,0,40,0,0,0,51,0,11,17,2,0,0,0,0,31,0,0,42,0,0,0,0,0,0,0,53,0,0,0,13,42,52,0,0,0,49,0,14,0,0,0,0,57,0,0,0,0,42,0,0,0,0,0,0,0,38,0,0,0,0,0,0,0,0,0,0,0,0,0,0,0,0,0,0,0,0,0,52,0
0,0,0,53,12,0,0,0,57,0,0,0,0,0,0,0,0,0,0,0,0,63,0,0,0,0,49,0,0,0,0,0,0,48,16,0,0,0,34,6,54,0,23,48,0,8,0,0,32,0,41,60,34,0,32,0,0,0,16,31,8,53,0,0,0,24,29,36,0,44,30,61,44,45,0,38,0,0,59,16,39,0,0,48,0,0,0,0,0,0,0,3,0,0,0,0,0,0,42,0,0,0,0,0,0,0,0,0,0,60,0,0,0,17,0,0,54,0,0,0,50,0,42,0,0,0,28,22,62,0,0,0,0,0,0,0,0,0,0,1,41,0,0,0,0,0,0,0,0,0
0,50,9,0,15,49,0,0,0,0,0,0,0,16,0,34,20,0,0,0,0,0,54,0,0,0,0,0,3,0,2,0,16,0,48,47,39,0,0,56,35,0,58,5,42,58,0,32,0,46,55,2,10,52,49,0,0,56,0,0,0,0,34,0,21,15,42,41,0,57,1,0,0,0,0,22,13,0,0,0,0,8,0,0,0,0,0,0,0,18,0,0,0,0,53,57,0,0,0,0,0,0,5,0,0,0,9,0,0,0,0,11,30,0,0,0,44,0,0,0,0,0,0,25,41,0,0,0,0,0,0,0,0,0,0,0,0,15,0,0,10,0,0,0,0,0,11,0,0,0
20,0,0,0,20,0,9,0,0,6,0,0,0,0,0,2,0,0,0,0,0,0,0,11,0,0,0,42,0,0,0,13,0,0,0,0,0,0,0,0,0,63,34,0,22,16,0,0,59,19,0,0,0,0,0,0,1,0,0,42,23,43,0,24,0,8,41,0,0,0,0,0,7,0,48,0,0,0,18,12,5,0,15,0,0,0,17,0,0,10,0,0,0,0,0,12,0,57,47,0,0,0,0,0,0,0,49,0,0,36,0,46,0,3,58,15,0,0,0,0,57,28,0,0,0,0,0,0,0,8,0,0,0,0,0,0,0,13,0,0,0,59,0,0,0,0,0,0,0,0
0,0,0,0,0,0,0,0,0,0,35,0,0,0,0,0,42,27,0,0,0,0,0,0,0,0,0,0,0,0,0,0,18,0,0,0,44,0,8,24,0,0,0,30,0,0,0,0,0,12,0,31,37,0,51,33,0,0,0,34,0,52,0,0,0,3,34,0,0,27,0,20,0,43,0,23,0,0,33,0,55,0,49,0,38,0,7,0,0,53,14,53,0,0,13,43,0,0,0,0,13,0,13,51,0,54,17,0,56,0,47,0,7,0,42,0,0,0,10,45,0,0,0,0,0,0,27,0,0,0,0,0,26,2,52,0,0,12,0,0,41,0,0,0,0,62,0,0,0,20
0,7,0,0,45,46,0,0,32,0,0,0,0,0,0,0,0,0,0,0,0,24,0,0,15,0,31,0,0,0,0,1,19,35,0,16,0,0,31,17,0,8,40,59,0,0,54,43,25,0,0,24,42,18,46,16,0,36,26,0,0,17,0,24,0,0,0,45,0,32,0,22,0,0,36,0,0,0,0,0,0,50,0,0,0,61,0,0,42,0,0,0,0,42,0,0,30,0,0,0,0,0,0,0,0,20,0,0,0,61,0,0,57,0,0,0,26,0,0,20,0,0,28,0,0,0,0,0,0,0,0,0,0,8,0,0,16,0,0,51,33,0,0,0,55,0,0,0,48,0
0,0,0,0,9,1,0,0,0,0,0,36,0,0,1,0,0,0,0,0,0,0,0,0,55,0,47,0,0,0,60,0,0,0,0,26,0,8,0,23,10,24,0,0,0,25,59,5,12,37,0,24,5,10,25,38,0,10,0,0,0,0,41,0,30,31,1,27,0,49,59,30,0,57,35,51,11,0,0,43,0,0,0,32,54,0,0,37,44,41,0,59,0,6,0,0,0,0,0,0,0,0,0,42,0,0,12,25,0,0,0,0,0,0,0,0,0,32,50,0,0,0,0,0,20,0,0,0,5,0,17,0,3,0,0,15,0,0,0,0,0,0,0,0,0,0,48,0,0,0
0,0,0,26,0,0,0,0,22,0,57,0,0,0,0,0,0,0,0,0,0,0,0,0,0,24,0,0,28,0,0,0,0,0,0,58,19,43,11,48,0,0,54,2,0,0,57,55,0,0,9,60,0,34,3,41,0,20,22,61,0,0,60,44,19,27,58,14,52,0,0,0,0,51,44,0,37,33,35,0,0,0,0,0,29,58,0,0,0,37,0,0,0,0,0,0,9,0,27,0,1,0,0,27,28,0,0,0,0,4,0,0,0,0,39,0,0,0,0,61,0,0,0,0,0,0,0,54,0,0,0,0,0,0,0,10,0,0,0,0,0,0,0,0,0,0,0,0,0,0
0,0,0,0,0,0,0,0,0,0,0,33,0,41,0,0,0,0,0,0,0,0,20,0,0,0,0,0,0,0,0,0,4,0,60,0,5,22,61,57,41,0,40,45,26,48,0,1,0,0,26,0,44,20,11,0,60,0,0,0,39,59,0,54,0,0,0,0,53,0,24,0,0,0,0,38,34,60,0,44,0,24,0,49,5,0,30,36,0,17,0,0,22,0,53,0,0,7,0,0,0,0,0,0,0,0,0,54,0,0,0,0,0,0,0,0,53,52,49,0,0,0,0,0,32,30,0,0,0,0,22,0,0,15,0,18,4,19,0,0,0,0,0,0,59,0,0,0,0,0
62,26,0,0,0,0,63,0,0,21,0,0,0,0,0,0,0,0,29,13,0,61,54,0,0,0,0,26,0,0,0,0,62,40,49,0,6,0,0,58,41,12,0,29,0,0,44,4,0,0,54,4,32,0,0,0,0,60,0,9,0,20,22,0,12,0,22,0,5,0,0,53,0,0,0,0,0,17,31,34,0,0,0,30,10,17,60,0,13,0,0,0,0,0,20,0,0,0,0,0,0,49,0,0,0,0,0,0,0,49,39,0,0,0,8,0,0,0,35,0,21,0,0,0,0,0,0,0,0,0,0,0,0,8,15,0,46,55,0,32,0,0,8,0,0,0,0,0,57,43
0,7,0,0,48,0,0,0,0,0,47,0,0,0,58,0,0,0,0,0,0,0,20,0,8,0,0,0,0,0,0,0,0,38,0,38,0,17,0,0,24,0,20,48,0,0,0,0,0,61,54,0,20,0,0,0,8,0,0,0,16,8,0,19,0,0,7,45,7,35,0,0,53,34,61,33,0,0,0,0,0,0,0,12,0,0,0,16,0,0,0,0,53,26,32,61,0,39,0,0,0,0,60,0,0,50,0,34,38,35,0,0,0,0,58,0,22,0,0,0,0,0,0,45,55,0,0,0,0,0,0,0,0,0,0,0,0,59,40,0,0,0,0,0,0,0,50,0,0,15
0,0,0,22,0,0,0,0,0,57,3,24,0,9,0,0,0,0,5,0,0,0,0,0,0,37,0,0,0,53,0,0,0,13,0,0,0,0,25,6,0,0,0,0,1,0,0,44,0,51,0,0,0,0,6,22,36,27,49,0,55,2,0,0,0,0,3,19,0,9,54,37,0,0,0,0,0,0,55,1,0,0,12,44,52,0,0,52,56,5,28,0,0,42,0,0,37,24,0,27,0,40,0,29,0,0,0,0,49,0,0,0,0,0,0,0,0,52,0,0,8,0,0,0,0,0,0,0,0,0,43,58,0,0,0,0,0,0,0,0,0,21,59,0,0,0,0,0,0,0
0,0,0,0,39,0,22,0,21,42,0,0,21,0,0,0,0,0,0,0,0,0,0,0,0,54,32,5,0,29,47,0,55,0,0,36,0,0,38,0,0,0,0,0,0,35,18,0,0,0,0,3,0,35,5,32,36,19,35,22,63,40,0,56,7,2,0,55,49,0,0,0,0,12,63,49,56,0,0,0,0,0,0,0,0,0,0,29,18,0,0,56,0,49,43,0,0,45,0,0,0,0,0,0,0,0,20,0,0,0,0,0,0,0,0,37,0,0,0,0,61,0,0,0,0,0,0,0,0,0,47,0,0,0,0,0,8,0,0,59,0,0,0,0,0,23,0,25,0,57
0,0,0,0,11,26,0,40,36,0,0,0,0,7,0,46,0,0,0,17,0,63,56,0,0,58,0,12,17,0,0,0,0,0,0,22,0,0,0,0,1,0,0,0,0,0,0,35,0,0,53,46,19,45,0,26,27,0,0,5,0,34,0,0,11,31,39,0,0,0,17,0,0,0,0,0,0,38,52,0,42,56,51,35,37,44,57,0,0,46,31,13,44,0,0,8,0,51,0,0,0,0,52,29,0,3,0,0,0,0,12,0,0,52,0,0,59,47,57,0,0,0,0,0,0,0,0,0,0,23,27,0,0,0,0,0,0,0,45,0,0,0,0,0,53,30,27,10,0,42
45,0,23,0,0,0,0,0,0,0,0,0,0,0,0,34,0,0,0,0,0,0,0,0,18,0,0,0,0,0,0,0,9,57,0,0,0,0,34,0,56,0,0,0,0,0,27,8,0,19,43,61,51,53,27,0,0,0,0,0,0,61,19,32,31,0,46,0,0,0,45,0,0,43,42,51,62,0,3,0,0,23,3,0,0,61,0,33,0,17,22,0,0,9,0,0,0,42,0,0,53,49,0,0,0,51,61,0,0,0,0,0,46,0,0,58,0,0,34,0,0,49,0,0,0,10,0,35,1,0,0,0,0,0,17,0,0,0,0,0,0,0,0,0,0,0,0,0,0,0
0,0,0,0,29,2,0,0,0,0,0,0,37,0,46,0,0,0,50,0,0,0,0,0,15,0,0,0,0,0,0,52,0,3,0,0,0,0,0,0,2,0,0,0,0,0,0,43,13,12,0,0,0,0,3,46,51,0,58,57,8,0,0,0,19,17,0,0,0,0,50,28,0,52,7,0,2,58,0,48,12,0,0,10,28,56,0,60,0,0,0,0,28,30,0,0,0,52,0,0,0,0,0,14,40,0,0,0,0,0,0,0,21,28,0,0,0,0,0,0,4,0,0,0,0,0,0,23,0,0,0,0,0,36,0,0,0,2,0,0,0,0,35,0,0,0,0,0,40,0
36,0,38,0,0,43,0,0,0,0,56,63,30,19,0,27,0,0,0,0,0,38,15,48,0,0,0,48,0,0,0,41,0,13,0,0,0,47,0,0,0,0,54,0,0,42,28,0,50,35,0,10,51,0,36,17,23,0,0,0,37,0,40,0,0,12,0,2,33,51,0,39,0,0,36,42,62,0,24,0,36,30,0,0,0,0,0,0,40,0,27,0,20,60,51,53,2,0,26,0,0,45,48,0,37,42,35,0,51,0,0,0,0,52,0,0,0,0,55,0,0,16,0,0,0,0,0,0,0,0,48,0,0,0,0,0,0,0,0,29,0,0,0,0,0,0,0,0,0,0
0,0,0,0,0,0,0,0,0,0,18,0,0,26,33,0,27,45,0,0,0,0,0,0,0,0,0,0,0,0,0,0,46,0,0,0,0,0,0,0,0,15,0,63,0,0,63,0,0,0,0,56,0,42,0,43,0,0,20,5,51,0,0,25,0,18,0,0,0,38,63,0,0,17,25,40,15,0,28,57,1,0,0,0,7,0,0,0,0,43,19,0,0,52,5,0,0,0,16,0,40,0,0,0,0,0,0,0,0,16,0,0,0,14,0,56,0,0,0,0,0,0,0,0,0,0,0,0,0,23,25,0,0,0,20,0,0,0,0,0,0,0,14,0,0,52,49,0,33,0
20,0,0,0,0,0,0,0,34,0,0,13,0,22,4,0,0,18,0,0,0,0,0,0,0,0,0,0,0,0,0,0,0,0,2,0,0,0,0,0,0,0,0,0,57,29,0,0,16,43,0,9,52,13,9,16,0,27,0,0,0,0,0,0,30,0,0,0,0,0,0,0,0,3,0,42,0,40,4,22,0,19,3,52,0,59,0,0,16,0,8,58,0,57,9,1,62,27,58,23,0,0,0,0,0,0,0,0,0,0,16,0,0,0,0,0,0,0,0,0,58,0,0,56,0,0,0,0,0,0,0,0,0,23,0,0,0,0,0,0,0,0,0,0,0,0,0,0,0,0
0,0,0,12,0,0,0,0,0,26,0,0,0,0,37,40,0,0,52,42,0,0,0,0,0,0,0,0,0,59,0,0,0,41,0,20,0,0,13,0,37,0,0,0,53,27,0,0,0,0,22,36,58,0,0,47,0,0,6,0,53,13,0,0,1,0,43,0,57,4,0,5,43,0,15,58,12,0,43,0,33,9,42,0,47,0,20,7,0,0,0,5,0,0,0,0,36,47,0,53,15,0,11,0,0,51,0,0,0,13,0,0,0,0,0,0,0,19,0,0,0,0,0,0,0,0,29,0,15,28,0,30,0,26,0,0,0,43,0,0,25,0,0,0,0,0,23,6,0,0
0,0,0,0,0,0,4,0,0,37,31,0,53,0,0,0,10,7,0,0,0,0,0,0,0,0,0,0,0,58,0,52,14,0,0,0,0,0,0,0,0,0,0,0,0,50,0,0,0,54,15,0,18,0,0,0,0,51,0,42,57,49,0,0,47,0,61,0,60,42,40,5,0,0,0,12,55,20,0,0,0,0,62,1,36,0,44,0,0,17,0,32,5,0,13,3,34,14,0,0,0,0,0,0,0,0,0,0,37,0,50,0,0,0,0,0,27,0,38,0,53,0,0,0,10,0,7,0,39,0,0,42,0,19,0,0,0,49,0,0,0,50,0,0,0,0,0,12,0,0
0,0,5,15,0,0,0,50,60,0,0,0,0,0,43,0,0,0,0,0,0,0,0,0,0,57,0,0,0,54,0,0,0,10,0,0,0,0,0,0,23,0,0,0,0,0,47,0,0,0,49,0,21,12,0,17,56,0,11,0,18,14,42,0,59,0,2,0,29,0,37,49,31,35,52,0,0,10,0,17,2,23,0,0,18,0,18,51,0,17,0,0,0,0,50,36,0,0,40,59,0,0,0,0,37,0,0,0,0,13,0,60,0,0,0,34,62,0,0,0,28,0,26,1,0,0,0,0,39,0,0,0,45,0,0,0,0,0,0,0,0,0,0,0,0,0,0,0,0,12
0,9,24,0,0,0,0,0,0,0,0,0,0,0,52,0,10,0,47,18,0,0,0,0,0,0,0,0,0,0,52,0,0,0,0,6,0,0,0,0,36,11,0,0,0,0,0,0,0,0,3,0,0,42,26,0,38,0,0,0,36,51,5,0,0,0,28,0,33,25,46,7,0,40,18,0,0,0,35,21,37,19,8,0,0,49,0,0,0,50,8,0,44,44,0,0,34,56,27,11,0,0,3,0,0,0,0,0,0,0,0,0,57,15,0,0,0,0,51,0,0,0,0,0,0,0,0,34,53,0,0,0,0,0,0,0,0,0,0,0,0,39,0,0,0,26,23,0,0,0
57,0,0,0,18,0,0,0,0,0,0,0,0,0,0,0,5,0,0,0,10,0,0,0,0,0,0,0,0,0,0,0,0,0,0,0,0,0,13,42,0,18,62,0,0,0,25,0,10,0,0,0,26,0,0,0,0,0,0,0,61,13,54,2,0,0,0,42,0,26,0,0,24,0,7,5,0,0,39,40,0,61,18,0,29,0,58,0,14,19,21,0,26,0,0,17,43,0,0,0,9,0,0,0,0,42,0,0,0,0,0,12,0,0,0,0,1,43,0,0,14,0,0,25,0,0,0,0,13,0,60,0,12,0,0,57,0,0,0,0,0,0,0,0,35,0,0,0,0,0
0,0,0,0,0,0,0,0,20,0,0,0,0,0,0,0,0,0,0,0,3,15,0,53,47,17,0,0,0,0,0,0,0,0,19,0,0,0,0,0,0,0,56,0,36,0,23,9,0,0,0,0,0,2,53,34,0,21,9,0,0,46,0,45,0,8,0,22,18,0,2,50,30,10,0,0,11,6,0,24,49,51,0,32,9,0,0,50,56,0,0,0,26,0,0,53,57,37,20,11,59,0,6,0,0,60,0,0,24,0,0,0,0,0,0,0,0,0,0,0,0,0,27,7,0,0,0,0,0,0,0,0,0,0,0,8,33,0,0,0,0,45,0,0,0,0,0,32,0,0
0,50,0,0,0,0,0,0,0,0,0,3,0,0,0,0,0,0,0,38,0,0,0,0,0,0,0,0,0,0,26,0,0,0,0,0,0,0,0,35,0,0,0,0,0,0,0,12,15,0,0,0,25,0,10,31,0,54,0,7,25,0,50,17,0,12,0,0,0,42,0,43,28,0,0,56,43,6,0,0,33,0,37,0,0,0,42,0,58,12,39,51,47,0,55,57,61,0,48,51,32,2,9,46,0,0,0,0,0,0,49,0,0,34,13,0,20,0,0,0,26,0,0,0,0,0,0,0,0,0,0,0,0,58,25,0,0,0,0,0,0,0,0,0,0,0,32,0,0,0
0,0,0,0,0,0,0,41,0,50,0,51,0,0,0,0,0,0,0,0,51,63,0,59,0,58,0,0,46,0,0,23,1,7,0,0,0,13,0,0,56,0,54,0,0,0,0,0,0,0,0,0,0,0,38,51,0,7,7,0,0,0,0,0,0,0,0,28,0,14,39,3,16,48,0,23,20,0,14,46,0,0,62,6,0,0,7,0,0,0,0,7,43,0,0,0,37,0,0,13,0,58,63,0,0,0,0,0,0,0,1,0,22,0,0,0,17,0,0,10,52,0,0,15,0,0,0,0,5,0,28,0,0,0,0,0,0,0,0,0,0,0,38,0,0,0,0,18,44,33
52,0,0,37,0,0,34,0,0,7,0,0,20,54,8,30,0,0,56,0,0,0,0,25,0,52,0,0,0,0,0,0,0,0,0,0,0,0,0,0,0,0,0,57,0,0,0,54,0,0,0,0,0,63,0,0,9,0,0,16,0,0,27,0,0,0,0,50,23,0,19,0,58,13,0,2,5,9,46,0,51,0,26,0,45,10,21,55,50,0,55,50,8,0,17,4,12,39,36,0,55,0,29,0,0,0,0,0,0,0,0,0,0,0,0,0,0,0,0,0,26,0,0,0,0,0,17,0,62,0,0,0,0,0,50,0,0,0,0,0,14,0,0,0,0,0,0,42,0,0
47,0,20,0,0,0,0,0,0,0,0,26,0,0,0,10,41,0,0,0,0,0,0,0,0,0,48,0,14,0,0,0,0,53,0,43,0,0,0,0,0,0,0,0,0,0,13,31,0,0,0,0,0,0,0,0,0,33,40,0,0,0,0,0,0,29,0,39,36,0,0,0,51,8,25,0,15,43,0,58,56,7,0,18,52,0,18,39,15,34,38,0,20,6,0,2,30,0,39,0,0,0,7,0,37,0,30,0,0,0,0,16,0,0,27,0,0,0,0,0,0,0,0,0,0,0,0,21,0,0,0,0,27,0,0,0,48,0,0,47,0,0,0,0,0,0,0,0,0,0
0,0,0,0,0,0,0,0,23,19,0,18,0,0,0,0,12,0,14,12,0,0,0,0,35,0,0,32,0,0,0,0,0,0,0,42,0,0,5,0,0,0,0,0,0,0,0,0,38,0,0,0,0,0,0,17,0,0,0,0,40,0,9,17,8,17,0,27,0,15,0,0,50,0,25,0,0,0,5,0,25,0,14,0,3,13,24,27,43,45,0,0,0,61,8,0,61,8,1,19,0,24,0,16,0,0,0,43,0,35,0,21,0,0,0,0,0,0,0,0,0,0,0,50,33,0,0,0,0,23,0,0,0,24,0,0,0,0,0,0,0,0,0,0,0,5,0,0,0,22
0,0,0,53,31,0,59,0,0,0,0,62,0,0,0,0,0,0,45,0,38,0,0,59,0,0,0,0,0,0,0,0,0,9,0,0,0,0,17,0,0,0,0,0,0,0,0,55,59,44,20,0,52,0,0,0,0,0,43,0,56,16,50,21,0,53,0,18,0,51,0,31,0,36,16,50,0,16,47,0,0,20,59,28,0,61,46,0,39,42,0,0,1,20,58,51,6,28,53,0,0,24,0,11,17,0,0,0,0,15,0,0,0,0,0,0,0,14,24,0,52,36,0,0,0,0,55,0,0,0,17,0,0,5,0,7,0,0,0,7,0,0,0,48,33,0,0,0,0,0
0,0,0,0,33,0,0,27,0,0,0,8,0,0,0,0,0,59,0,0,0,0,0,0,20,11,0,0,38,17,0,0,12,0,0,0,14,0,0,0,25,0,10,0,0,0,12,0,0,0,0,49,23,0,20,0,0,0,0,55,0,47,0,43,0,0,0,11,45,41,0,0,56,0,0,0,20,0,0,0,0,40,0,25,18,0,19,0,0,9,38,16,53,0,12,0,2,25,0,0,24,0,56,0,60,0,57,0,0,0,0,6,0,0,0,41,43,0,53,0,0,51,0,0,0,0,21,28,39,0,15,0,0,0,0,0,0,0,0,0,31,0,0,0,0,0,0,0,0,0
17,1,3,22,0,0,0,0,0,0,36,0,0,0,0,29,0,0,0,0,0,0,0,0,0,0,0,55,0,50,0,24,0,0,0,0,0,0,0,0,0,0,0,58,53,0,0,60,45,0,0,0,0,40,0,0,0,10,4,0,0,0,49,14,29,0,0,4,0,0,0,0,0,36,1,53,0,12,0,19,28,12,20,11,53,16,0,7,59,0,23,5,45,12,0,9,27,0,62,16,31,10,17,0,24,0,0,0,0,0,0,0,0,0,0,50,10,0,0,0,0,0,0,14,0,0,0,0,0,0,0,0,0,0,0,0,0,19,0,0,0,0,0,0,0,0,61,0,0,0
36,54,0,0,39,20,19,0,0,0,10,0,0,0,0,0,0,0,0,0,0,0,0,0,0,50,0,33,0,0,0,50,0,0,0,0,0,0,0,0,0,0,15,0,0,0,0,0,0,0,29,0,0,0,0,0,0,0,0,0,12,0,25,0,40,61,43,0,45,57,0,0,0,8,0,29,0,0,36,0,0,32,2,63,0,0,15,0,38,0,0,0,0,0,0,0,0,0,0,0,25,0,0,0,25,0,0,51,7,0,49,15,0,9,50,0,0,2,0,0,28,0,0,26,0,0,0,62,0,0,0,0,36,0,0,0,0,0,0,39,0,0,0,0,14,51,0,0,0,0
0,26,0,0,38,0,0,0,0,21,0,0,0,51,0,0,0,61,0,0,0,0,0,0,0,0,0,0,0,0,0,22,0,0,17,0,12,0,0,0,0,0,0,0,23,0,0,0,0,15,18,0,25,0,19,0,0,0,0,26,4,0,0,51,0,5,5,0,0,0,29,0,5,0,0,0,0,28,40,40,0,61,57,28,32,0,4,2,0,9,55,0,0,16,22,0,0,0,0,55,49,1,19,0,44,0,59,0,22,9,0,0,0,0,0,53,0,0,52,54,0,49,0,0,0,0,16,7,0,0,0,0,0,0,0,0,0,0,1,0,0,0,0,0,54,43,0,0,8,0
0,0,0,0,0,0,42,0,0,0,0,0,0,0,0,0,0,0,0,0,0,43,0,0,0,0,0,59,44,30,49,0,0,0,2,0,0,0,0,0,0,0,0,54,26,0,9,0,13,0,0,20,0,0,0,0,3,37,60,0,54,54,33,0,0,35,0,53,57,0,0,20,0,43,56,35,40,10,0,36,0,0,26,13,61,48,0,0,42,0,41,53,43,0,19,3,0,16,0,47,0,33,10,15,42,0,29,7,60,0,17,60,3,0,48,0,0,0,0,0,0,0,0,0,0,0,0,0,50,0,0,0,0,45,0,0,0,0,0,0,45,0,0,0,26,0,0,0,0,0
0,0,0,0,0,0,0,0,59,0,0,0,0,0,0,0,0,0,0,19,27,0,19,0,0,54,35,0,0,52,0,0,0,0,0,0,0,0,0,0,0,0,45,0,50,0,0,0,0,13,0,0,0,0,0,0,0,0,33,0,0,0,0,0,0,46,0,7,3,0,54,47,52,0,0,0,11,34,0,11,0,54,47,0,0,61,47,0,17,52,0,45,28,48,43,31,0,30,27,0,0,0,1,37,33,35,26,0,57,0,0,0,22,0,0,10,0,0,0,0,0,19,52,0,0,0,0,48,0,0,34,0,0,0,0,10,0,0,0,28,0,0,0,24,34,0,0,0,0,0
0,31,0,46,0,0,0,0,30,0,0,0,0,37,3,0,0,0,0,0,0,0,0,0,0,0,0,60,29,0,0,49,0,0,10,0,62,0,0,0,0,0,0,0,0,0,0,0,0,0,0,0,0,0,0,33,0,0,22,0,37,0,0,0,0,0,5,13,0,0,0,22,36,21,47,0,0,0,0,51,50,32,0,0,0,56,46,56,0,12,37,0,0,32,6,0,52,10,27,0,46,20,52,36,41,0,32,12,13,0,0,45,10,45,40,0,55,0,0,0,0,0,0,0,52,0,53,0,62,0,50,0,0,0,0,0,0,0,6,0,0,0,0,0,0,0,0,0,6,0
0,0,55,0,50,0,24,10,0,0,0,28,5,0,0,0,13,53,0,0,0,0,0,0,0,0,0,48,0,0,0,0,0,0,0,0,0,0,0,27,0,0,54,0,0,0,0,0,0,0,19,58,0,0,0,0,0,0,0,0,0,0,5,0,34,0,0,38,0,4,35,0,0,0,53,0,7,42,31,13,56,50,31,0,44,15,2,0,0,36,12,0,0,0,19,2,60,34,32,0,15,63,37,0,0,0,0,0,44,39,16,35,6,20,7,38,0,0,0,0,0,27,0,0,2,0,0,0,0,0,0,0,0,0,0,0,0,0,0,0,0,0,0,0,0,24,0,0,0,46
0,0,0,0,6,0,0,0,0,0,0,0,0,0,0,0,0,0,0,0,0,0,0,12,0,22,0,0,0,0,0,0,0,0,0,0,0,25,0,0,0,0,1,0,52,35,0,0,0,0,32,0,0,0,0,0,0,0,0,8,56,0,0,0,43,4,30,0,6,58,10,11,55,0,0,0,31,0,0,0,0,0,12,24,57,0,41,51,25,0,22,30,0,0,0,45,35,51,11,38,35,8,5,45,0,0,19,0,0,0,18,60,0,10,46,3,24,0,52,0,0,0,0,0,0,0,0,33,0,19,0,0,51,0,0,0,0,0,0,10,0,0,0,0,0,56,35,0,0,0
0,0,0,0,0,0,0,0,0,38,0,0,0,0,0,0,0,0,0,0,17,0,0,0,0,0,39,16,0,0,0,0,0,0,0,0,0,0,0,45,0,0,0,11,59,0,3,0,0,0,0,0,18,0,0,0,25,0,9,0,0,0,11,60,1,0,35,0,0,0,34,22,60,0,21,36,0,0,0,54,0,58,0,8,25,0,0,0,5,55,24,20,24,0,0,0,0,0,27,60,36,0,55,47,57,12,0,0,5,30,0,24,0,0,0,46,0,0,0,33,0,0,0,0,0,0,53,0,19,0,0,0,0,0,61,0,0,14,32,0,0,0,0,0,0,53,52,0,0,0
0,0,0,0,0,0,0,0,0,43,0,0,0,0,4,0,0,0,0,0,0,0,0,0,0,0,18,40,0,0,28,0,0,0,31,0,0,0,0,0,18,42,0,0,0,0,12,0,0,0,0,0,0,0,0,0,50,36,53,0,0,0,0,0,17,0,0,7,0,0,14,0,16,0,32,63,0,51,23,4,0,23,19,0,14,0,58,0,0,51,54,0,52,50,0,0,53,0,59,12,0,0,0,49,0,0,0,0,0,11,3,0,0,0,57,29,35,10,0,17,0,0,20,0,0,0,0,42,0,9,0,0,0,0,0,23,0,0,0,0,0,59,49,35,0,0,0,22,0,48
0,0,0,0,15,0,10,0,0,0,0,50,0,0,54,58,0,0,0,0,17,0,0,0,0,0,9,0,0,0,0,0,43,42,0,0,0,6,15,0,0,0,0,30,2,0,24,0,56,0,0,0,0,21,48,0,0,0,0,22,0,34,0,0,0,8,0,0,0,0,42,0,60,50,58,0,46,43,61,52,11,29,10,58,36,32,13,0,0,0,55,7,4,16,0,8,0,0,57,58,0,28,14,48,56,0,5,0,30,41,0,52,14,17,59,42,63,0,0,0,6,0,40,0,0,0,0,0,37,0,0,0,0,0,0,61,0,0,0,0,0,0,0,32,0,0,0,1,0,0
2,31,37,0,0,0,0,0,0,55,0,0,0,0,0,0,0,0,32,0,0,0,0,0,0,0,18,0,0,0,27,0,0,0,0,0,0,0,0,44,0,0,58,0,0,47,0,41,0,0,0,0,0,25,0,0,0,3,0,0,0,0,30,29,36,16,51,6,23,47,0,0,50,32,17,0,7,0,23,0,0,55,0,19,33,45,0,0,0,62,48,0,50,45,0,0,0,0,54,0,0,6,37,0,38,0,2,16,21,20,0,56,61,1,0,0,0,33,0,0,46,0,0,0,12,0,0,0,0,0,0,0,0,0,0,0,0,0,0,0,0,0,0,0,0,0,11,0,0,0
0,0,0,10,0,0,0,0,0,0,0,0,0,26,0,0,0,30,0,0,0,0,0,6,0,0,0,0,0,0,0,0,0,0,0,0,0,0,0,0,0,6,0,0,14,0,57,0,0,0,59,0,0,0,0,12,0,60,0,0,0,40,0,0,0,0,0,0,0,0,14,42,54,0,0,10,37,0,55,38,0,14,54,22,4,0,59,0,0,0,59,6,36,10,23,34,62,23,0,41,0,0,0,0,26,0,23,21,0,38,0,22,39,2,12,61,17,30,0,0,0,0,0,0,0,0,14,0,0,0,0,0,0,5,0,61,0,36,0,0,0,0,0,41,0,28,45,0,0,0
0,0,0,0,0,0,0,0,0,0,53,0,0,0,56,0,0,0,0,0,0,0,0,0,0,0,0,0,0,0,0,0,48,0,0,0,0,0,0,0,0,0,0,0,42,0,0,37,0,0,0,0,0,0,0,0,0,0,0,0,0,0,0,0,0,54,0,0,0,0,0,0,33,28,0,44,36,0,46,38,61,0,0,50,0,0,17,0,3,9,0,0,0,28,0,39,4,0,13,0,31,43,60,0,0,14,0,0,25,28,31,53,0,47,18,0,5,0,32,50,34,30,60,0,0,0,0,0,0,0,31,0,0,0,0,49,0,0,3,37,0,0,0,0,0,39,44,0,59,0
63,0,43,0,0,0,0,0,0,0,0,34,0,0,0,7,0,0,33,0,0,0,0,0,59,0,0,0,0,0,3,0,0,11,0,0,0,0,0,0,0,0,0,27,0,0,0,0,12,0,0,0,0,0,52,0,0,0,31,0,0,7,0,0,0,0,0,0,23,0,0,7,0,51,0,0,0,54,25,14,0,30,0,0,0,18,59,55,3,0,0,61,42,3,10,0,0,0,0,21,0,48,43,58,19,32,0,21,39,33,0,38,18,10,0,0,5,44,0,34,0,37,0,53,55,0,0,0,0,0,56,0,0,0,0,0,0,0,0,16,0,0,0,3,0,2,55,0,0,39
57,0,0,5,0,0,28,0,0,26,0,0,26,0,51,0,0,0,0,0,0,0,0,0,0,0,59,0,0,0,0,0,0,0,0,0,0,0,0,0,0,52,0,0,0,0,0,0,0,0,0,0,0,0,62,0,0,0,0,0,0,0,0,16,0,42,0,0,42,0,12,0,0,0,0,0,0,0,0,32,53,0,0,56,48,0,8,0,34,28,0,28,5,54,0,0,56,0,0,24,56,0,0,0,62,0,15,59,0,55,49,0,6,20,0,0,0,0,0,20,7,30,38,0,30,16,35,0,0,0,0,0,1,0,0,0,0,0,0,8,0,22,0,0,0,0,0,0,0,0
0,0,0,0,0,12,0,0,0,0,0,0,0,0,0,0,0,0,0,0,0,0,54,0,34,0,0,0,43,0,0,0,0,0,0,0,16,0,0,61,0,0,0,16,0,0,0,0,44,0,0,52,0,50,48,0,35,0,9,0,0,0,0,0,5,0,0,31,0,0,40,0,0,0,0,0,51,0,10,4,28,18,59,0,0,33,14,8,28,36,59,62,25,36,54,0,61,17,0,46,51,0,0,42,11,59,0,0,20,16,0,0,0,33,1,52,0,32,40,0,0,0,57,0,37,0,0,0,0,0,0,36,0,0,0,48,0,0,0,0,0,0,0,0,0,0,46,0,53,0
0,47,53,0,0,0,7,0,38,0,0,0,0,0,0,0,0,0,0,27,31,17,13,0,0,0,0,0,15,0,0,0,0,5,0,54,41,0,0,0,0,0,0,7,54,0,0,0,0,0,55,0,0,0,0,0,0,0,33,0,52,23,0,0,0,35,0,29,0,37,0,0,0,0,0,0,0,0,0,53,0,0,0,46,13,0,0,0,0,30,46,46,0,16,25,44,3,0,0,0,39,0,33,0,0,0,0,0,2,0,22,28,54,0,0,18,40,0,0,60,0,20,0,0,0,0,5,45,26,0,0,6,0,0,0,0,0,62,0,0,0,0,0,9,0,0,0,0,0,26
0,9,0,0,0,0,0,0,0,33,0,0,0,0,0,0,0,0,0,0,0,0,58,0,0,0,41,0,0,0,47,0,0,5,0,0,17,23,0,33,0,0,0,4,0,0,0,0,0,0,0,0,0,0,0,0,0,0,0,0,0,9,0,0,0,0,0,0,0,12,3,0,0,0,0,62,0,0,0,0,0,0,27,0,18,8,40,5,13,47,37,17,0,0,16,0,1,2,27,0,39,46,29,0,0,8,51,20,21,0,0,37,0,0,0,46,0,0,22,17,0,39,0,10,0,42,31,0,0,0,0,0,0,0,0,0,0,0,0,0,0,56,0,0,0,46,0,27,0,23
45,0,0,0,0,0,0,0,0,0,25,0,0,0,0,0,0,0,0,0,40,0,58,2,0,0,0,54,0,0,63,0,0,0,9,0,0,2,0,41,0,1,0,0,0,0,28,0,0,0,17,16,0,0,0,0,0,0,58,3,0,0,0,0,35,0,0,45,28,0,22,0,0,48,0,0,0,32,12,0,6,0,0,0,0,0,0,0,0,0,18,0,0,0,40,0,0,0,0,20,58,0,18,0,25,0,1,0,18,31,54,0,58,28,34,11,0,32,32,17,0,0,48,0,10,50,0,0,49,0,3,46,0,0,0,48,0,0,0,35,0,0,0,0,0,0,0,0,0,0
0,0,0,0,0,0,0,0,33,0,35,0,0,0,0,0,0,0,0,0,0,0,0,0,28,0,0,0,0,0,0,0,0,0,0,0,0,0,0,0,0,0,0,0,45,17,19,0,0,0,0,25,0,58,50,0,16,17,11,0,4,0,0,0,0,0,26,0,40,0,53,0,0,0,0,0,0,0,0,0,0,0,8,0,0,55,0,0,56,60,23,24,0,29,0,0,40,0,60,0,0,20,0,0,19,55,0,31,0,21,33,0,38,0,22,7,26,61,46,36,4,62,11,0,29,0,0,34,25,1,1,0,0,0,0,2,45,0,0,0,0,0,0,0,0,7,0,0,0,0
34,0,0,18,0,0,0,0,4,0,0,0,0,0,0,44,0,0,35,0,0,0,0,0,0,0,0,0,0,0,0,0,0,0,54,0,0,0,20,0,0,0,0,61,0,0,18,0,0,0,0,0,0,0,0,0,0,0,0,0,43,0,20,0,44,0,0,0,0,0,0,0,0,0,0,0,0,0,0,0,0,0,0,22,0,0,0,28,0,51,0,7,0,0,0,0,0,13,16,0,41,0,0,0,24,0,3,0,46,0,0,48,2,32,0,59,18,36,18,0,0,46,15,0,0,6,32,32,26,17,0,58,42,0,0,0,16,0,0,0,0,32,0,0,0,24,0,0,0,0
0,0,0,0,0,32,11,0,0,0,0,0,0,0,6,0,0,0,0,0,0,42,0,0,0,0,0,0,0,0,0,0,0,0,0,0,0,0,0,0,0,0,0,0,16,0,0,8,0,0,0,0,0,0,23,27,0,0,4,0,0,0,0,0,36,14,0,0,0,0,53,0,0,0,12,0,0,0,54,0,0,0,0,0,0,0,0,46,54,56,44,18,46,0,20,0,56,37,9,55,54,0,18,27,33,52,0,23,0,2,38,32,0,12,0,0,54,0,46,0,35,0,17,0,57,42,17,0,0,0,0,55,16,31,0,0,0,0,0,32,0,0,0,0,0,0,0,0,0,0
0,0,0,0,0,0,0,43,58,40,0,26,14,0,0,0,0,0,0,0,0,0,59,44,0,0,0,0,0,50,0,0,0,0,0,0,0,47,0,0,0,0,0,0,0,36,0,0,0,0,0,0,0,0,0,62,0,59,0,51,0,12,0,55,34,0,0,0,0,0,0,22,0,14,0,59,0,0,0,0,0,0,0,62,46,0,0,0,16,0,0,0,20,0,40,62,25,48,55,48,30,1,8,0,0,24,25,0,2,0,0,34,0,0,0,35,0,16,37,30,49,24,49,62,0,0,52,30,33,0,42,0,0,48,36,0,0,0,0,0,0,0,0,28,23,0,0,0,0,0
0,0,0,0,0,0,0,53,0,0,9,0,0,0,0,41,0,0,41,0,0,57,0,0,8,0,0,0,0,0,0,0,10,0,0,0,0,0,0,0,0,0,8,0,0,0,0,0,0,0,0,0,12,0,0,0,0,0,44,0,0,0,0,6,0,0,0,34,0,0,0,0,58,0,12,0,0,0,0,28,44,0,0,0,0,0,0,8,0,52,0,0,21,57,0,37,0,0,0,38,0,42,0,30,0,3,43,0,1,0,0,0,21,35,0,0,4,11,4,12,15,57,14,11,0,12,0,5,63,0,0,49,0,7,59,7,0,0,0,0,0,43,0,0,0,0,0,0,0,0
14,0,0,0,28,0,0,32,0,0,0,0,0,0,5,0,0,0,23,5,0,0,0,0,0,0,0,0,0,0,21,0,0,19,0,0,0,0,0,18,9,14,0,0,0,0,0,49,0,0,0,0,0,0,0,0,1,0,0,0,0,0,0,0,0,0,0,0,0,0,0,0,0,0,0,15,0,39,0,0,0,0,62,44,0,1,0,1,0,17,45,60,17,60,43,0,12,22,14,0,1,0,0,14,16,0,0,37,3,47,0,0,0,0,0,12,27,3,48,56,0,0,0,10,48,19,0,34,0,39,0,0,0,46,42,0,0,7,54,0,10,0,0,53,0,0,0,0,24,0
0,0,0,62,0,0,0,0,0,0,0,0,0,42,0,51,0,0,0,0,0,0,0,0,0,49,0,0,0,0,0,0,0,0,0,0,0,0,0,0,60,0,0,50,0,41,0,16,0,0,0,0,0,0,0,0,44,0,34,53,0,0,0,0,0,0,0,0,39,41,0,0,0,0,0,0,15,0,0,0,58,0,0,0,0,0,0,0,0,50,24,40,0,0,41,0,53,51,14,0,36,27,0,23,0,3,32,56,0,0,60,0,0,0,45,41,8,0,24,24,0,0,18,31,6,10,20,17,0,0,0,16,63,0,0,21,0,0,0,26,0,0,0,18,0,0,0,0,29,0
0,0,0,0,0,0,0,0,0,0,0,0,0,0,0,1,51,4,0,0,0,0,0,0,61,0,0,0,0,32,0,0,0,0,0,0,0,27,0,0,0,0,0,48,0,5,0,0,2,0,12,0,0,14,0,37,0,56,0,0,0,0,0,0,0,0,0,63,0,21,45,26,0,0,0,0,42,0,0,29,0,0,0,0,0,0,0,37,0,0,0,30,10,44,0,0,0,31,0,52,9,47,5,0,0,45,0,60,37,0,24,0,0,0,0,0,0,61,13,0,16,44,46,28,0,25,28,0,0,63,59,0,1,51,38,0,0,0,0,0,0,0,0,0,0,0,45,25,0,0
0,0,0,0,20,59,0,0,0,0,0,46,0,25,0,0,0,0,0,0,0,0,0,0,0,0,0,0,0,0,5,0,0,0,0,0,0,0,0,55,0,0,0,0,0,0,0,0,3,0,0,0,0,0,0,0,0,13,61,0,0,27,0,59,27,0,0,0,0,0,0,25,0,0,0,0,0,0,36,44,0,0,0,0,0,0,0,51,0,59,0,29,51,5,0,11,5,0,36,46,0,0,53,0,0,27,35,0,0,0,0,0,0,0,0,0,0,0,0,56,0,0,0,62,38,0,17,0,0,3,9,12,24,2,35,12,0,2,0,46,0,0,54,0,16,56,0,0,0,0
26,0,38,35,0,48,0,26,0,0,0,52,0,0,4,0,22,0,0,0,0,0,0,0,58,0,28,11,0,0,0,0,0,0,0,0,0,0,0,0,58,0,0,0,0,0,62,0,0,0,0,0,0,0,0,0,0,7,0,0,0,0,0,0,0,0,50,0,16,0,0,22,0,0,0,18,0,0,0,0,0,0,0,0,0,55,45,0,56,0,20,0,63,6,61,24,6,0,43,0,0,0,43,35,18,21,26,1,0,47,0,26,43,0,0,0,21,38,44,0,0,0,15,0,50,0,0,41,40,0,0,0,28,0,47,54,0,0,0,0,0,0,0,0,0,50,0,0,0,0
1,0,0,1,0,0,0,0,0,25,0,53,0,0,0,25,0,0,56,0,0,9,0,0,0,0,0,0,0,0,0,0,0,9,0,0,0,0,0,0,0,0,0,29,0,0,0,0,0,48,8,0,0,0,0,10,15,0,0,61,0,0,0,0,16,0,0,60,0,0,0,0,0,0,40,38,0,49,0,29,63,0,0,0,0,22,58,0,0,0,0,7,0,23,0,21,53,0,22,37,42,0,0,35,0,0,52,30,42,0,28,31,57,0,0,58,0,36,23,0,0,15,38,0,53,57,17,0,48,0,22,27,38,0,0,57,62,54,0,0,0,21,0,0,0,0,0,0,0,0
0,0,22,0,0,0,22,0,0,0,0,0,0,0,0,0,0,0,0,0,0,0,0,0,0,0,0,0,0,0,0,4,0,16,0,0,0,27,0,7,0,0,20,0,0,0,0,0,32,0,0,0,0,0,0,0,0,0,0,0,52,0,26,0,0,11,0,53,0,0,0,0,0,40,0,0,0,18,0,0,0,0,0,0,60,0,0,10,0,0,0,0,0,0,0,0,0,39,54,0,26,0,22,0,0,44,59,23,0,54,0,31,0,24,0,34,24,0,55,16,0,49,58,0,1,0,44,42,0,0,53,0,1,62,15,0,0,0,0,0,30,0,23,0,9,0,23,60,0,1
0,23,0,0,56,0,34,0,54,38,0,36,59,0,63,0,48,0,0,0,0,0,0,0,0,0,0,46,0,0,0,0,0,11,0,0,0,0,0,16,0,0,0,0,0,0,0,0,0,0,28,0,0,0,13,0,0,0,10,0,56,56,16,49,0,0,0,56,0,0,41,0,0,0,36,0,19,0,0,0,0,0,0,0,58,57,0,0,41,0,0,0,0,19,0,0,0,0,0,22,0,0,5,40,57,30,0,10,49,35,58,57,43,25,0,15,54,22,0,0,26,0,13,0,17,36,31,0,0,59,6,0,29,43,13,0,20,0,8,15,0,58,0,0,0,0,0,0,0,0
0,0,0,1,0,0,37,35,0,0,0,0,0,0,0,0,14,0,0,0,0,0,0,0,0,0,0,0,0,0,35,0,12,0,0,0,0,0,0,0,0,30,0,18,57,0,0,0,49,0,0,0,16,0,0,0,0,0,32,54,0,6,0,0,0,0,0,0,0,0,0,0,0,0,0,0,0,0,0,0,54,0,0,0,0,0,0,0,8,0,0,0,0,0,12,14,0,0,0,48,35,3,0,5,2,49,52,0,0,32,20,52,30,0,25,0,0,49,0,0,0,51,21,17,40,9,0,60,51,0,0,52,59,0,0,27,0,0,19,0,9,0,47,0,51,0,0,22,0,0
0,0,20,0,0,0,0,0,0,0,0,0,0,0,0,0,10,0,0,56,0,17,0,0,62,43,0,0,0,0,0,59,0,0,0,0,0,44,0,0,0,0,14,0,0,36,0,0,0,0,56,0,0,8,0,56,0,6,0,0,0,0,0,57,0,56,18,0,0,62,0,0,35,0,2,3,0,55,0,31,32,55,0,0,52,0,0,20,0,0,0,0,0,0,0,0,39,34,0,15,0,61,0,0,0,0,56,0,13,31,27,0,0,41,0,0,0,0,18,0,0,61,61,0,24,3,0,0,11,0,24,50,0,4,0,0,0,0,0,11,0,4,50,0,0,0,0,0,15,0
0,0,0,0,23,39,0,0,43,0,0,0,41,0,0,0,0,0,0,9,0,0,0,35,0,0,0,51,0,52,0,0,31,0,36,0,61,0,0,0,0,0,37,5,0,0,0,0,0,0,4,0,0,0,0,0,0,36,0,0,0,0,0,0,0,0,0,0,46,0,16,0,0,0,0,0,0,0,0,0,0,0,0,0,49,24,0,0,0,0,58,21,4,0,0,0,0,0,0,39,23,62,0,33,41,0,51,56,0,36,40,0,0,12,0,0,26,58,0,53,62,0,8,0,13,54,42,19,37,0,0,0,0,0,0,23,0,35,48,0,0,63,42,6,44,0,0,3,0,0
0,0,0,0,58,0,0,0,0,0,54,0,0,0,60,56,0,0,0,32,0,0,0,0,0,0,6,0,0,55,0,37,0,55,0,0,0,49,43,0,0,0,0,0,0,0,59,0,46,0,0,0,0,9,0,37,0,0,0,50,0,0,0,0,0,0,0,0,0,0,0,0,0,0,0,18,0,0,22,0,0,0,0,0,0,0,0,0,0,0,24,0,0,0,0,25,51,0,0,35,0,44,49,0,0,25,1,11,17,13,19,0,25,3,0,44,13,33,58,59,25,1,0,30,36,56,0,24,0,0,0,0,38,13,32,26,46,14,28,0,11,1,0,11,0,22,1,38,0,58
0,0,0,0,0,0,0,0,0,0,0,0,38,5,0,4,0,0,0,0,0,0,0,0,0,0,0,0,0,0,49,26,0,0,0,0,0,0,0,0,0,0,0,0,0,0,0,0,25,32,0,20,0,0,0,0,58,0,0,0,0,0,0,0,60,0,0,0,0,0,0,0,7,0,0,20,0,31,42,22,19,0,0,30,0,0,24,28,0,0,0,0,0,0,0,0,0,0,0,0,62,0,0,0,26,0,0,21,0,54,8,18,0,58,4,0,0,0,0,26,0,0,17,0,37,47,31,28,20,23,11,27,0,21,20,55,59,0,0,62,9,0,42,33,0,0,0,0,0,0
0,47,0,0,4,0,0,0,0,0,0,0,0,33,5,0,0,0,37,46,0,0,22,0,5,0,0,0,0,10,0,13,6,0,0,10,0,0,0,0,0,0,0,0,0,59,0,0,0,0,0,39,26,0,0,0,54,0,0,0,36,0,49,0,7,0,0,0,0,0,0,0,0,0,50,0,0,0,0,0,0,0,0,17,0,0,0,0,0,0,0,33,47,0,0,0,0,38,0,0,37,47,27,0,0,35,43,0,50,0,0,59,8,0,61,46,55,42,44,16,49,9,56,14,0,0,0,9,18,5,0,0,34,27,0,0,36,38,0,21,53,0,0,0,0,11,0,0,0,16
32,0,0,0,0,0,4,59,0,0,0,0,48,34,0,0,0,0,0,0,6,0,0,0,0,0,0,0,0,3,0,0,42,0,44,0,34,0,0,4,52,0,0,0,0,0,32,0,0,0,0,61,0,0,0,0,0,0,0,0,0,0,27,0,0,0,0,0,60,0,0,0,0,0,0,0,0,0,0,0,0,0,0,0,0,0,0,0,0,0,0,0,0,0,0,0,0,0,0,0,0,26,0,0,29,41,0,44,4,0,28,49,27,3,0,0,54,0,9,42,15,43,10,30,0,0,16,9,36,41,3,34,29,0,50,0,5,33,44,0,0,21,0,0,32,25,50,0,9,0
21,0,0,0,0,23,55,1,0,0,0,0,0,0,0,0,0,19,0,0,0,0,0,47,0,0,57,32,0,0,0,0,0,4,0,0,0,0,0,0,0,0,0,0,0,0,42,50,0,0,0,0,0,0,34,48,0,0,17,0,0,0,0,0,0,0,0,0,0,0,0,0,0,17,1,0,0,0,0,0,0,18,0,0,32,49,0,0,60,0,0,10,0,0,36,0,0,0,44,0,0,22,0,25,23,0,0,44,0,56,0,0,50,0,31,0,1,40,41,0,0,36,0,56,0,28,0,0,0,6,0,0,37,0,21,51,55,42,31,0,0,0,0,62,53,0,22,16,0,0
0,0,0,32,0,0,0,0,0,0,56,0,0,13,0,0,55,0,0,0,0,0,0,0,0,0,63,0,1,15,53,0,0,0,0,0,63,0,0,0,0,0,0,0,0,38,3,0,0,0,0,61,0,0,0,21,0,0,0,0,0,3,0,0,0,0,0,0,13,40,0,0,0,0,0,0,13,0,0,0,0,0,41,0,0,14,0,37,42,0,40,0,0,22,0,40,0,0,0,0,0,0,11,60,0,0,62,0,0,55,46,6,31,0,0,46,0,52,0,39,0,11,48,48,55,24,0,0,0,0,23,16,0,53,0,29,0,51,22,7,62,15,45,0,0,9,21,3,33,48
2,26,0,0,0,47,59,20,0,0,0,0,0,0,0,51,0,0,0,27,0,0,0,0,25,0,0,0,0,0,0,49,0,10,38,53,56,0,0,0,0,0,0,0,0,23,27,0,0,0,37,0,0,16,0,7,0,0,0,0,14,0,0,0,0,0,0,0,10,0,0,0,0,62,62,0,53,57,0,0,50,59,0,0,0,17,0,0,0,47,0,10,0,0,8,0,4,0,0,0,0,0,0,28,0,16,58,4,0,54,19,0,5,0,0,52,28,0,0,36,52,16,0,48,46,13,25,0,0,54,19,40,0,56,22,0,0,55,0,28,0,7,0,0,0,0,0,0,0,42
0,52,0,21,53,0,0,61,0,0,0,0,0,0,38,0,0,28,0,0,0,0,0,0,28,23,0,0,15,38,0,0,0,0,0,15,0,0,0,0,0,0,0,0,0,48,0,0,6,0,0,0,0,0,0,0,0,54,0,0,0,0,0,0,0,0,0,20,0,0,0,32,0,30,0,0,0,0,0,0,0,0,0,14,0,0,0,0,0,0,0,0,0,29,0,4,0,0,0,0,0,0,0,0,0,0,39,35,0,0,0,21,0,13,30,0,0,0,4,24,0,0,0,59,21,17,23,0,24,0,60,0,27,0,5,0,0,20,0,38,2,57,16,0,34,0,0,0,15,23
0,24,33,50,0,50,0,0,0,0,0,0,30,0,0,0,25,61,0,0,5,0,0,0,10,0,0,0,0,0,0,0,0,0,19,0,59,0,0,25,0,0,0,0,0,0,0,0,0,0,0,0,0,0,0,0,0,0,0,0,18,0,24,0,0,21,28,40,0,0,50,54,0,0,0,0,0,57,0,0,46,0,0,0,61,47,0,0,0,0,42,52,0,0,0,0,0,0,0,28,53,0,0,0,0,29,43,0,0,0,0,0,0,40,15,0,11,43,61,0,23,0,0,53,0,29,0,0,1,60,0,0,0,2,50,0,0,48,4,0,33,0,0,0,0,40,0,41,61,8
57,8,0,0,0,55,18,0,0,0,9,37,0,50,0,0,0,38,0,0,0,29,0,0,0,48,0,7,0,0,0,0,0,44,0,19,56,0,0,0,0,0,37,0,0,0,0,20,6,0,0,22,0,0,0,0,0,0,0,0,0,0,0,0,0,3,0,0,0,0,0,0,0,60,29,0,0,0,0,0,0,0,0,0,0,0,0,0,0,0,0,0,0,0,0,0,0,0,0,0,0,0,5,41,0,2,0,5,52,0,24,0,28,0,55,0,32,0,0,10,30,0,0,13,0,56,0,48,63,0,0,0,0,0,0,37,56,54,18,30,0,0,0,51,0,63,0,0,35,0
19,43,7,0,16,18,11,0,0,0,0,0,0,0,0,50,0,0,0,9,0,0,0,0,9,0,0,15,30,39,0,1,0,40,0,36,60,0,0,0,0,29,0,0,62,62,7,0,0,39,0,0,0,0,0,0,0,0,26,0,35,0,0,0,0,0,0,0,0,0,0,0,0,0,0,32,0,46,0,0,0,0,55,0,0,0,0,42,0,0,0,0,0,38,0,0,0,0,0,0,0,25,0,0,0,0,0,2,46,0,0,0,0,32,10,1,45,34,1,38,0,0,30,0,40,39,29,0,0,6,0,0,0,0,0,0,9,25,0,0,43,0,15,50,0,0,0,0,0,30
57,16,0,1,37,58,57,19,34,0,0,0,0,58,0,1,26,0,0,0,0,0,0,0,0,0,0,0,0,0,0,11,0,0,0,0,0,0,0,0,0,0,0,0,0,52,57,0,0,24,0,0,0,0,0,0,0,0,14,55,0,0,51,49,0,0,0,0,0,0,0,0,48,11,62,0,0,0,0,29,0,0,0,60,60,0,0,0,0,28,0,0,0,0,0,0,0,0,6,0,16,0,0,0,0,0,0,0,58,10,56,24,0,32,0,0,0,40,61,0,38,0,23,60,39,0,0,61,40,0,20,0,0,0,0,31,5,22,25,0,14,0,31,0,0,0,42,0,44,40
6,0,46,0,0,54,12,23,17,0,0,0,0,0,0,0,0,0,0,0,42,0,0,42,0,0,0,0,35,35,0,53,0,0,36,0,0,0,0,0,0,0,0,0,0,0,0,0,0,0,10,0,0,0,0,0,0,0,59,0,0,0,0,44,0,0,0,0,15,0,0,58,50,0,0,0,0,0,0,36,0,62,0,0,0,0,0,0,0,0,0,0,0,0,43,0,0,0,0,0,0,0,0,34,0,0,0,0,0,14,60,61,0,47,19,33,0,60,56,2,0,0,16,27,0,31,15,0,25,30,62,0,0,0,0,0,20,41,31,0,0,13,27,39,48,0,0,0,10,0
0,0,4,9,20,17,24,23,43,0,0,0,0,0,0,0,0,0,0,0,16,0,0,0,0,0,0,0,0,30,58,0,15,0,0,0,57,0,0,0,24,43,0,0,0,0,0,25,0,0,42,49,55,0,0,0,0,0,0,0,42,37,38,0,0,0,0,0,0,0,0,0,0,0,0,0,0,23,48,0,0,0,0,0,41,0,0,0,0,0,36,0,0,0,0,10,31,0,14,33,0,0,8,0,0,26,31,0,0,0,40,0,47,0,5,4,56,0,0,25,0,42,55,27,0,0,47,48,0,0,0,8,0,13,0,0,53,63,60,53,29,0,36,58,48,35,0,0,26,53
62,0,0,57,23,40,0,20,0,0,30,20,19,0,0,0,0,0,0,0,0,8,0,57,0,55,0,0,0,0,0,0,0,0,0,0,0,0,0,0,18,0,0,0,5,0,0,0,0,0,0,62,11,0,0,0,0,0,0,15,0,0,1,4,0,0,16,0,0,0,0,0,0,0,0,0,0,0,43,0,0,0,60,0,0,0,0,0,0,0,0,0,0,0,0,0,0,0,0,0,0,0,0,0,0,0,26,52,0,0,0,0,0,0,0,0,0,0,20,0,0,0,19,47,13,26,59,0,0,0,0,32,55,9,44,46,0,0,36,13,45,25,3,26,0,9,18,0,22,0
50,0,44,61,0,0,0,35,0,0,7,14,0,11,0,0,44,61,0,0,0,0,0,0,12,0,0,0,0,0,0,0,21,46,0,0,0,0,0,0,0,0,0,0,0,0,4,0,0,42,0,0,0,0,0,0,55,47,34,0,0,0,35,17,22,0,0,0,0,12,0,0,0,33,10,0,0,0,0,0,0,0,0,0,0,0,61,0,0,0,0,0,0,0,32,0,0,0,2,0,0,0,0,24,0,0,0,0,0,0,0,58,0,0,15,0,62,0,0,0,0,34,23,0,49,61,9,33,60,43,54,57,15,56,34,53,0,0,37,46,0,0,3,51,30,0,0,0,53,30
30,15,48,39,40,43,52,0,0,42,0,55,32,12,40,0,0,0,0,0,0,0,0,0,0,10,0,0,0,0,0,0,0,0,0,0,0,0,0,0,0,0,0,0,17,51,0,0,0,0,0,0,53,0,0,0,0,0,0,0,0,0,0,0,37,0,0,11,0,0,0,0,0,0,0,0,0,0,0,0,0,0,0,0,0,0,0,0,33,0,0,45,0,0,60,0,0,0,0,22,0,0,0,0,0,0,0,0,0,0,0,25,0,0,0,0,0,0,20,48,0,0,50,0,0,57,40,36,0,0,53,8,0,9,2,48,31,58,0,0,61,31,24,31,7,0,57,0,0,13
36,0,42,0,12,12,0,0,15,0,0,48,0,0,53,0,3,0,0,0,0,0,0,0,0,0,0,0,0,15,0,13,0,0,28,0,23,0,0,0,0,0,0,0,60,6,0,0,0,0,0,0,0,0,0,31,0,0,0,28,0,0,0,48,0,0,54,0,0,0,28,0,0,0,0,0,0,0,0,0,0,0,47,0,42,0,0,15,0,0,17,0,0,34,0,0,0,0,0,42,38,42,0,0,0,58,0,0,42,0,0,0,5,0,18,0,0,0,45,0,5,0,0,12,35,0,0,3,3,42,42,6,0,0,0,4,1,23,0,0,59,55,0,21,2,0,0,10,0,0
52,37,0,0,62,9,33,0,0,0,35,63,11,30,0,0,61,0,0,0,0,19,0,0,0,0,0,7,0,0,54,32,43,0,0,0,0,15,0,0,0,0,0,0,0,0,0,0,0,0,5,0,0,0,0,48,41,0,23,28,0,0,0,0,0,0,0,0,0,0,0,0,0,53,0,0,0,0,0,0,0,37,0,0,0,26,0,0,0,52,0,0,0,0,0,0,0,0,0,0,0,0,0,0,0,0,0,0,0,0,0,45,0,0,0,0,0,42,0,45,0,0,34,54,0,0,0,42,0,40,22,0,57,6,0,35,28,0,41,39,0,54,57,47,57,0,18,0,55,0
62,0,0,0,43,50,58,0,0,53,48,0,0,62,53,29,0,0,62,0,0,0,0,0,2,0,0,0,0,0,0,0,0,0,7,0,48,0,0,0,0,0,0,0,0,0,0,0,57,0,0,0,40,0,0,0,0,11,0,0,0,0,0,0,0,12,0,0,0,0,0,0,0,0,29,0,50,0,42,0,0,0,0,0,0,0,0,0,0,0,0,0,0,0,0,39,0,0,0,0,0,17,0,0,24,0,0,59,0,0,50,0,0,0,0,0,47,0,36,0,53,14,6,0,0,56,0,45,47,20,0,0,0,0,17,0,53,0,32,28,27,0,24,31,28,0,43,2,19,0
46,2,21,55,59,36,0,5,7,59,31,11,59,0,25,39,16,0,0,0,0,26,0,0,20,0,0,0,2,0,0,0,0,0,0,10,44,0,0,0,0,0,0,3,0,35,0,2,15,2,0,0,0,0,0,0,0,0,0,0,0,0,0,3,0,19,0,0,0,12,0,30,0,0,0,0,0,0,0,0,59,0,0,0,0,0,0,0,0,0,0,0,0,0,0,63,0,0,0,0,0,0,0,0,0,0,0,0,0,0,0,0,0,0,26,0,0,55,0,61,24,49,0,35,0,0,0,38,0,60,0,0,40,53,17,27,63,25,57,0,23,3,0,1,0,61,0,15,49,50
0,19,5,26,0,3,0,61,26,0,8,6,0,0,40,58,50,0,0,0,0,0,0,48,55,37,0,0,59,2,0,0,34,0,0,0,0,0,0,0,0,0,0,0,0,0,0,22,0,0,33,50,0,0,0,0,0,0,0,0,0,0,0,0,0,0,0,0,0,0,0,0,0,0,0,0,0,0,0,0,0,0,0,0,33,0,0,43,0,0,15,0,0,0,0,3,8,0,46,0,4,0,0,55,0,0,0,0,0,28,0,42,15,0,0,0,0,0,0,0,0,15,17,38,0,0,21,0,27,0,0,14,3,0,44,28,24,15,46,42,60,41,27,0,41,22,11,61,15,12
42,17,0,48,7,0,0,0,29,21,7,32,24,0,60,0,0,55,25,1,0,0,0,0,0,2,46,0,0,0,0,30,0,0,0,3,0,4,25,0,0,52,0,0,0,0,0,34,0,0,0,33,0,39,0,0,0,0,0,26,0,0,35,0,0,0,0,12,0,0,0,0,0,0,0,0,0,29,0,0,0,0,0,0,21,0,0,57,39,8,20,0,0,0,0,0,0,0,0,0,0,0,0,0,0,0,0,0,0,28,0,0,0,0,10,0,0,7,0,48,0,60,0,0,0,6,18,0,0,56,0,0,0,0,58,21,0,29,40,55,13,1,0,50,0,0,17,0,3,0
39,0,33,6,33,54,41,0,3,0,0,9,0,0,0,10,34,6,51,53,26,0,23,41,24,0,21,0,0,0,0,0,55,0,40,0,0,0,26,0,0,0,0,0,0,0,0,0,0,0,59,0,0,0,0,0,0,0,22,0,0,0,0,0,0,0,48,32,0,0,0,27,0,0,0,0,11,0,0,0,0,0,0,35,0,0,0,48,57,0,0,0,53,36,61,0,0,0,50,44,19,0,0,0,2,0,32,7,0,0,0,0,0,0,15,22,0,0,0,0,0,0,4,0,60,31,0,11,0,0,59,15,0,0,0,48,9,0,0,34,0,0,60,0,0,0,0,62,0,0
0,0,7,16,0,27,0,0,54,10,0,59,0,52,0,0,45,17,3,0,0,0,0,0,20,0,0,0,0,0,0,43,22,0,0,20,0,0,0,0,0,17,0,0,0,0,26,0,0,0,0,0,0,0,0,0,1,0,0,0,37,0,0,0,35,0,0,47,0,0,0,7,0,13,0,0,29,0,8,50,0,0,0,0,0,0,10,0,0,0,0,0,0,60,26,0,0,35,2,57,58,0,60,0,0,0,0,0,0,0,0,0,0,11,0,0,0,25,0,0,0,0,18,0,0,50,49,13,0,0,0,0,0,63,0,0,25,0,40,0,0,36,0,18,47,0,0,0,0,0
0,0,7,22,0,23,3,5,0,26,0,42,42,21,0,0,32,45,14,0,0,61,54,0,0,56,0,0,24,0,0,0,42,62,0,20,28,0,0,0,0,0,0,0,0,0,0,0,0,0,0,0,0,0,0,0,0,0,0,0,0,0,0,0,0,0,54,48,0,0,0,0,0,0,5,0,0,0,40,0,24,27,0,0,0,0,0,0,0,0,0,0,0,0,0,43,4,0,0,0,0,0,0,0,42,0,0,0,0,0,0,0,0,33,0,0,0,6,0,19,0,46,54,0,0,0,4,29,0,0,56,0,0,0,0,0,0,0,0,3,0,41,25,10,0,49,0,0,0,39
0,48,0,4,0,0,32,0,44,0,0,0,0,2,0,0,2,0,0,34,0,0,9,5,28,0,0,0,0,0,30,16,0,0,0,0,16,0,0,61,0,0,0,40,0,0,0,0,0,0,0,28,0,59,16,0,0,0,0,48,0,0,0,63,0,0,0,0,0,58,0,51,0,0,0,0,0,0,0,0,42,0,0,0,0,0,0,0,33,0,0,24,0,0,0,0,0,0,0,39,0,0,18,0,0,0,0,0,0,0,0,47,45,0,0,0,0,0,0,0,11,0,0,0,0,42,0,4,0,12,2,49,0,54,20,27,26,56,0,41,40,23,0,19,27,0,58,0,0,27
13,60,59,7,0,0,15,0,0,0,0,31,20,0,0,3,39,0,28,0,9,14,0,46,5,0,0,12,51,0,23,0,0,0,0,0,0,0,0,0,0,0,0,0,0,0,0,0,0,20,0,52,0,0,0,0,0,0,6,0,0,0,0,30,52,0,41,36,0,0,0,0,0,0,0,47,0,0,0,0,8,0,0,20,0,0,0,0,0,0,0,0,23,0,0,16,0,0,0,0,42,0,0,42,22,0,0,0,0,0,0,0,0,0,0,0,0,58,0,0,0,0,43,0,31,0,0,35,56,60,11,51,18,61,0,48,0,21,44,0,0,0,38,32,0,0,33,40,11,0
