0,0,3,28,0,0,0,14,0,0,0,0,35,41,0,10,47,0,0,0,3,0,0,0,0,0,0,0,25,0,0,50,0,17,0,0,50,0,35,29,43,0,0,0,0,0,25,41,0,0,0,0,44,19,0,0,29,38,57,0,0,0,0,0,0,45,0,2,0,0,0,0,0,18,0,2,0,0,0,0,0,19,0,0,0,0,0,0,0,0,0,0,0,44,0,0,0,0,51,17,0,0,0,0,50,8,0,0,0,22,0,30,36,0,15,10,0,0,0,0,0,0,0,0,0,0,0,0,0,0,0,22,38,0,0,0,0,19,0,0,0,0,36,30,0,0,0,0,0,0
0,0,0,42,35,14,0,45,0,43,0,0,0,47,0,11,0,0,0,0,45,0,22,0,0,27,0,17,24,40,0,35,0,0,0,0,0,0,0,0,51,0,0,0,0,0,11,44,29,0,0,0,0,0,47,23,0,43,0,0,15,0,17,44,0,17,0,0,0,0,0,2,0,0,0,0,0,0,0,0,0,0,0,0,17,0,0,24,8,38,37,0,2,0,3,0,0,0,0,0,0,0,0,43,0,0,0,11,0,0,0,0,0,0,0,0,0,0,0,34,0,16,0,0,50,15,3,0,0,17,0,0,0,0,27,0,12,0,24,0,0,0,0,35,0,0,0,45,0,50
22,0,0,29,27,5,0,0,2,52,22,13,2,0,0,0,0,54,0,0,0,0,0,14,0,20,0,49,31,0,0,0,0,4,0,0,0,0,0,0,3,12,0,0,0,0,0,0,0,0,0,0,0,54,7,42,2,0,0,0,7,0,39,16,47,22,54,0,0,0,0,0,0,0,0,34,0,0,0,0,0,43,0,0,0,0,0,0,0,0,42,44,0,17,0,0,37,0,49,0,0,0,0,0,0,0,17,0,0,0,0,0,0,0,0,0,0,0,0,54,0,10,0,0,0,0,30,0,6,26,49,33,53,0,34,0,42,0,47,0,13,0,0,0,0,0,27,0,0,0
0,29,0,0,41,0,30,0,17,0,0,0,9,0,0,0,0,0,23,23,0,0,0,0,0,10,0,0,0,37,0,51,23,0,0,28,23,0,0,29,0,0,0,0,0,0,0,0,0,5,0,0,0,14,0,0,0,0,0,0,0,0,10,27,0,0,0,0,0,0,0,0,0,0,29,0,0,0,0,0,0,34,0,0,0,0,0,0,0,0,0,0,0,0,0,0,0,8,0,0,0,50,9,0,0,0,0,0,33,46,0,28,16,0,0,0,31,0,0,0,35,0,0,43,0,0,30,0,18,16,0,0,0,0,0,0,2,0,0,0,0,6,0,58,25,0,0,24,15,0
0,42,34,52,0,15,0,32,29,0,0,0,0,0,34,0,0,0,0,0,50,0,0,0,0,0,0,0,0,0,0,0,0,0,0,41,31,18,0,0,0,0,36,0,0,0,0,0,0,0,0,2,0,0,43,0,0,21,0,0,0,0,8,0,2,37,0,0,17,0,0,0,0,10,7,21,0,51,15,0,0,0,45,0,0,45,0,0,0,0,0,0,26,0,0,0,0,25,0,0,15,49,3,0,0,0,0,0,0,0,0,0,0,0,47,0,0,0,0,27,0,0,8,15,0,0,35,0,42,0,0,0,0,0,0,0,0,0,0,0,0,44,0,0,0,0,50,0,48,0
0,44,33,0,33,0,18,0,0,0,25,0,0,6,0,58,21,0,0,0,0,0,2,46,0,0,0,0,0,0,0,27,0,0,0,0,0,0,0,6,50,0,0,0,0,0,0,0,0,0,0,0,7,0,0,0,0,0,0,0,0,0,0,0,28,3,0,0,32,0,0,0,47,0,0,0,58,0,0,0,36,0,57,0,0,0,7,6,0,37,0,0,0,0,44,0,0,0,39,37,0,32,0,0,0,43,0,0,0,0,0,0,0,0,17,10,28,0,0,0,12,0,0,0,0,0,0,27,0,0,0,0,0,0,36,0,0,13,0,0,0,57,49,0,0,0,54,21,0,0
0,0,0,13,0,32,0,15,12,0,0,0,42,0,0,0,0,0,0,0,0,51,0,1,0,0,23,0,29,0,43,0,0,1,0,0,0,0,0,0,0,0,0,0,0,33,0,0,46,0,0,0,12,0,0,36,0,0,0,0,0,0,0,0,0,0,0,0,43,0,0,0,0,38,0,0,48,13,0,0,0,18,20,0,2,0,0,11,0,0,0,30,0,0,0,0,0,0,0,0,36,0,0,0,0,0,0,45,0,0,2,22,39,0,0,0,0,4,0,0,0,0,36,0,22,0,0,0,0,0,0,0,0,0,0,0,28,0,13,52,0,5,0,0,0,0,0,16,0,0
38,16,0,0,9,0,24,0,0,26,52,0,0,0,0,0,0,0,0,51,0,0,0,0,0,30,46,0,0,0,0,45,0,0,9,0,0,0,0,0,0,0,51,0,9,2,0,45,0,0,0,33,0,26,37,35,0,50,0,0,5,0,0,20,0,0,0,0,0,0,0,31,0,0,0,0,0,39,0,0,0,0,0,4,22,0,0,0,16,0,0,0,13,19,0,43,0,0,3,0,19,0,0,0,0,0,0,12,0,44,0,39,31,0,37,0,0,0,0,0,6,40,47,0,0,3,0,31,0,0,0,24,0,0,0,11,0,0,24,37,0,0,0,56,1,0,0,0,0,0
0,0,46,25,45,0,26,0,0,0,0,16,0,0,18,16,0,0,39,0,51,0,0,14,0,0,0,0,0,21,43,0,0,0,4,13,0,0,0,0,0,0,0,0,20,13,33,0,0,0,0,0,0,0,17,0,26,0,0,0,0,0,0,0,0,0,0,26,0,28,0,0,0,52,33,0,0,0,0,0,0,0,0,0,0,0,0,0,23,0,0,0,0,53,0,0,0,0,3,0,0,0,0,15,0,0,0,0,25,0,0,0,0,0,0,0,0,46,35,0,0,0,0,46,0,13,0,45,0,0,0,0,34,0,0,0,0,23,0,0,0,0,0,0,0,0,0,8,0,31
0,48,46,0,43,0,0,50,0,0,13,49,0,0,47,28,0,0,0,0,27,43,50,0,0,45,0,32,21,19,0,0,0,0,0,0,30,61,0,26,0,0,1,0,0,0,0,0,21,0,0,0,0,0,22,0,19,0,41,0,0,0,0,0,0,0,0,9,0,40,0,0,0,24,0,0,0,0,23,35,0,0,55,16,50,19,0,0,4,0,0,0,0,0,0,47,0,0,0,0,0,16,0,0,0,0,0,0,0,0,22,55,39,0,0,26,0,0,0,38,0,0,50,35,0,0,14,0,51,0,0,0,0,54,0,0,51,19,0,0,0,25,0,0,0,0,7,0,0,0
0,0,28,0,0,48,0,9,0,34,0,29,0,0,0,0,0,0,15,0,0,43,0,0,48,53,0,0,0,0,0,0,0,53,0,0,49,0,0,0,0,0,0,17,0,1,20,0,0,0,18,0,0,0,0,0,46,0,9,0,0,0,43,17,0,0,0,0,24,0,8,0,0,0,0,0,0,36,0,19,34,0,0,29,0,0,53,38,16,0,0,50,1,0,22,45,0,0,53,0,2,4,50,0,0,0,0,0,22,10,0,0,0,0,0,0,0,0,0,0,0,55,33,0,0,0,0,15,0,0,47,0,33,0,0,9,46,0,0,0,20,0,0,0,0,50,0,44,0,47
0,0,33,11,0,0,0,0,33,26,3,0,0,26,2,46,35,0,5,0,0,0,0,0,0,0,19,0,0,0,0,38,0,21,0,7,0,10,0,0,0,50,47,12,0,0,0,0,0,16,0,0,52,43,4,0,0,0,0,0,0,50,0,27,53,0,11,0,0,34,0,26,0,24,42,0,0,0,0,32,0,0,49,0,0,0,0,0,0,38,0,0,0,0,0,0,22,0,0,0,53,7,0,0,0,0,47,0,0,26,0,0,0,0,0,0,0,0,37,2,0,0,0,0,50,57,0,24,0,0,49,58,0,0,0,0,43,0,0,32,26,0,37,0,14,0,20,28,0,0
18,0,0,48,0,0,21,0,0,0,0,0,0,0,0,54,0,51,0,46,54,0,0,0,0,0,0,0,0,36,0,0,51,0,0,0,53,0,15,49,0,0,0,0,7,0,0,0,0,0,0,23,0,0,0,0,0,0,0,0,24,0,0,0,0,0,0,0,0,45,0,0,0,0,55,0,0,0,0,0,0,0,11,15,0,39,38,0,0,2,50,1,0,0,0,0,0,0,0,9,0,0,30,0,0,0,0,37,20,0,31,0,0,26,25,8,3,0,40,0,0,30,0,0,0,0,0,0,0,0,0,0,0,20,0,47,0,0,0,13,0,9,0,0,0,0,0,0,0,0
10,41,0,0,0,31,0,0,0,0,0,24,0,0,0,0,0,6,21,0,15,0,0,0,29,25,0,20,0,0,3,44,0,0,0,0,0,58,45,0,0,52,0,0,36,0,0,0,0,0,0,15,0,0,0,0,0,41,0,0,0,17,0,0,0,0,19,0,0,0,0,0,0,0,0,0,6,0,0,0,0,0,0,0,0,0,0,30,0,0,0,0,0,4,15,0,0,0,0,0,0,0,44,0,0,56,0,0,0,53,0,28,0,18,0,32,0,0,47,0,0,0,0,0,0,0,0,29,33,0,0,0,32,0,0,0,0,0,0,0,16,0,34,0,0,0,0,0,0,0
0,0,0,0,25,0,0,0,48,49,0,44,0,0,0,46,22,0,0,0,18,12,52,0,0,0,0,0,22,42,0,6,0,0,0,43,0,30,0,0,0,34,0,0,0,0,28,0,0,0,0,0,0,0,0,11,37,0,0,0,0,0,0,6,0,0,0,0,3,0,0,0,0,0,0,21,0,0,0,43,0,16,0,3,0,0,0,0,0,0,23,0,27,18,3,1,0,35,0,44,0,0,0,52,0,0,0,0,0,0,0,0,0,0,0,11,0,0,31,0,10,53,0,0,11,0,0,0,0,0,0,0,24,0,0,27,0,2,40,0,0,0,26,0,49,44,0,0,0,0
38,47,0,0,0,13,0,0,0,33,0,44,16,0,14,0,0,52,11,0,0,53,0,22,53,0,0,48,33,19,0,0,0,0,0,0,0,0,0,0,0,0,0,0,0,0,0,0,0,0,1,0,36,0,43,0,0,0,0,0,0,0,0,0,0,0,0,31,0,11,0,8,0,0,0,0,0,0,0,0,6,0,8,0,41,45,0,0,40,0,0,0,35,3,0,10,0,0,38,8,0,0,0,9,0,13,0,0,47,13,12,0,0,0,0,52,0,0,0,31,0,36,57,0,13,4,0,42,0,34,0,0,0,40,0,0,33,0,0,9,0,0,0,6,0,0,2,0,0,11
33,0,0,0,0,51,0,0,0,0,0,17,0,0,44,0,0,0,0,0,36,0,0,0,15,0,0,0,45,0,49,35,55,0,36,32,0,20,0,0,0,0,35,0,47,0,0,0,0,0,0,0,20,0,0,0,0,0,0,0,14,0,0,52,21,0,0,16,0,0,0,0,0,0,25,0,0,13,0,0,0,0,0,0,0,0,0,40,0,43,14,27,0,0,0,0,0,2,0,0,0,57,7,0,0,21,0,29,0,0,0,0,26,23,0,0,0,0,0,0,14,0,0,0,0,3,0,0,0,0,0,0,0,0,0,0,0,0,18,42,0,0,0,0,0,0,0,0,0,0
0,0,0,0,0,0,0,0,0,0,0,0,52,45,0,56,0,0,11,0,0,0,0,12,0,0,0,36,43,0,0,0,15,0,0,0,0,0,0,0,0,0,0,57,18,0,0,0,0,32,0,27,18,0,15,54,0,0,0,16,0,0,0,47,0,0,0,44,0,0,1,0,0,0,0,0,0,0,0,50,0,0,0,0,53,32,0,0,0,0,51,29,0,0,0,39,51,0,21,0,0,0,8,0,0,0,0,0,4,0,0,0,0,0,48,17,0,53,0,0,0,0,0,0,43,0,0,0,0,0,0,0,0,0,49,18,0,0,0,0,0,0,0,49,1,0,58,18,0,0
0,0,0,30,0,0,0,0,7,0,3,47,0,50,0,36,0,26,0,0,24,0,43,7,0,0,0,12,0,0,0,14,0,0,46,0,0,0,0,36,14,0,10,0,0,0,0,0,17,0,52,0,0,25,0,35,0,43,0,0,5,35,0,45,0,0,0,13,0,11,0,0,0,0,40,0,54,0,0,0,41,0,17,0,0,0,0,0,0,0,0,0,0,0,0,18,49,6,21,0,0,0,0,42,0,0,52,37,29,0,0,49,57,53,3,0,0,45,0,0,0,34,0,0,0,0,0,0,0,0,0,25,0,0,0,41,0,0,51,0,30,0,0,0,0,0,51,0,0,44
0,0,0,38,0,0,43,44,0,0,0,30,33,0,0,19,0,0,0,0,30,0,13,0,0,0,0,0,0,33,25,0,0,0,42,48,0,0,0,0,0,0,0,7,50,48,0,24,0,0,52,0,4,1,0,0,0,0,0,0,0,0,0,0,0,0,36,0,0,25,0,0,0,34,14,0,0,0,50,0,0,17,26,36,6,0,55,0,0,0,0,0,0,10,55,0,0,33,0,0,0,0,0,30,0,0,0,51,36,0,0,0,0,0,0,0,0,28,0,0,0,0,0,0,0,0,0,0,0,1,0,0,0,40,46,0,19,0,33,3,19,0,0,0,0,0,0,0,0,0
15,10,0,0,34,0,37,0,8,38,0,0,0,18,0,0,35,0,37,12,0,0,10,0,45,0,0,4,16,42,0,33,49,40,0,0,0,25,0,0,0,0,0,0,0,0,0,0,0,0,44,0,0,0,0,0,0,32,0,0,0,0,0,0,0,3,0,0,0,15,0,0,0,0,0,0,0,10,0,0,0,0,0,0,0,0,0,0,0,29,0,0,0,0,0,0,32,11,0,0,31,29,0,37,0,0,0,3,0,41,0,0,0,0,0,0,0,0,0,33,0,0,0,38,0,0,36,0,24,0,0,16,0,32,0,15,51,0,0,19,0,5,35,0,0,0,0,0,0,0
0,0,0,0,0,0,26,0,0,30,19,0,0,0,20,7,0,0,0,0,0,0,0,0,0,0,31,22,5,0,0,52,0,0,0,37,9,0,0,0,0,47,32,0,0,0,0,43,0,0,0,0,0,7,0,29,0,0,0,0,0,0,30,0,0,0,0,0,8,0,0,0,0,0,0,0,0,0,0,55,0,30,0,0,0,0,3,0,0,0,0,13,21,0,0,0,0,0,0,0,0,36,6,0,0,0,0,6,0,1,0,0,0,13,0,0,0,0,0,0,34,0,37,0,0,26,0,0,0,5,0,0,14,43,16,0,55,0,0,0,33,0,0,0,49,34,18,11,0,0
0,37,0,0,0,20,0,0,0,24,0,0,0,0,0,0,0,0,56,11,29,0,0,11,31,0,0,0,0,0,0,52,25,0,0,0,50,0,0,0,0,0,0,33,0,0,0,0,0,0,0,36,0,0,0,23,46,0,0,0,0,0,0,0,0,0,11,49,0,42,0,37,8,0,0,0,0,27,0,6,0,0,37,0,0,0,0,0,0,0,56,0,0,0,0,0,0,15,0,23,0,20,4,1,0,0,0,0,0,0,20,0,0,0,0,0,0,0,0,18,0,47,54,0,46,0,0,0,1,0,0,0,0,0,59,0,18,0,0,0,0,37,24,0,52,0,0,13,0,0
0,0,3,0,0,40,41,0,19,5,0,0,0,0,0,25,0,20,45,0,0,0,21,0,0,52,43,0,0,0,42,0,18,0,0,0,0,0,37,0,0,0,0,0,0,36,13,0,0,0,0,0,0,2,0,40,0,0,0,56,0,11,9,45,0,0,0,0,0,55,0,0,0,0,0,0,0,0,0,0,0,0,22,0,16,52,42,0,0,0,0,55,32,0,0,0,0,0,0,23,0,31,29,47,0,0,20,0,0,0,14,0,0,0,0,0,0,0,0,17,35,0,0,57,0,0,0,0,0,0,0,0,5,0,0,0,0,0,46,0,0,6,0,0,0,0,0,35,0,0
0,0,0,42,0,0,0,0,0,0,34,0,0,36,0,0,46,0,0,0,46,0,39,0,0,0,0,0,38,51,40,44,33,0,0,0,25,0,0,42,0,0,0,18,0,29,0,0,0,0,0,0,0,0,25,41,0,0,0,19,0,0,38,0,41,0,0,0,0,37,0,0,0,0,0,0,0,0,0,42,0,0,0,0,0,0,6,0,0,0,0,0,0,0,0,0,0,0,0,0,43,51,0,50,27,9,0,0,0,0,0,38,0,16,0,1,13,0,15,0,0,0,0,53,0,0,0,0,0,4,0,0,0,0,0,0,41,34,0,0,0,35,25,0,0,0,0,0,0,0
0,39,41,1,0,0,0,27,0,49,16,0,35,54,0,0,0,0,0,1,0,0,0,23,0,0,55,0,17,0,0,51,0,0,40,5,0,0,0,44,0,7,0,0,0,0,0,0,0,0,0,0,0,0,0,26,0,0,30,0,0,0,24,0,40,0,0,5,45,0,0,0,0,0,16,0,53,3,0,0,0,0,24,46,0,9,0,0,0,0,28,0,0,0,0,0,0,0,0,0,32,0,0,0,0,0,0,52,0,0,43,50,0,0,22,0,0,0,0,0,0,34,0,0,0,0,13,0,0,40,0,0,54,0,0,0,0,0,0,0,0,0,21,0,0,0,13,21,0,0
0,0,0,0,0,0,40,36,0,0,0,19,0,0,0,0,0,0,0,0,0,46,0,0,0,7,0,36,0,30,0,0,0,0,0,0,0,0,0,0,0,26,0,0,0,30,0,0,0,0,0,0,0,0,0,0,0,0,0,5,0,0,0,0,0,0,0,0,46,0,0,25,0,0,45,0,0,0,0,0,10,0,0,37,23,0,0,0,0,47,0,0,0,0,0,0,0,0,0,0,0,0,35,12,0,0,0,0,22,0,31,0,14,40,32,0,23,0,0,0,7,0,40,20,0,40,0,0,0,13,0,0,0,39,7,0,0,49,11,0,38,0,9,0,5,0,0,0,29,0
0,12,36,0,0,0,0,0,0,44,0,0,0,8,0,3,0,31,36,0,35,30,0,0,36,0,18,0,0,0,28,0,45,0,0,6,0,37,0,42,0,0,14,0,0,41,0,30,46,0,0,45,0,0,7,0,0,0,0,34,18,6,0,0,0,0,0,57,0,0,0,0,7,0,0,0,0,0,0,34,0,0,0,0,0,50,14,0,0,0,0,0,0,13,0,17,0,9,0,0,49,0,0,24,0,0,0,0,0,0,0,55,47,0,0,0,0,0,21,24,0,35,0,0,55,0,0,0,28,0,0,0,0,8,0,15,37,39,0,25,0,0,0,30,0,0,0,0,0,0
17,32,46,0,0,0,0,0,47,0,0,0,0,0,33,30,16,44,0,0,48,0,0,0,16,35,0,0,0,0,0,6,0,0,0,34,0,0,29,0,0,0,0,7,0,0,0,0,20,0,6,0,0,0,0,29,30,0,0,0,0,0,0,23,3,44,0,0,0,0,0,9,0,0,0,0,0,0,0,0,0,0,22,39,0,1,2,27,0,0,0,37,0,58,0,0,0,0,0,40,0,0,37,45,14,0,28,40,0,0,0,0,0,0,0,45,24,0,0,0,0,0,0,0,0,0,54,0,0,48,43,0,0,56,0,0,5,0,0,8,0,2,0,44,0,4,0,26,40,0
0,3,0,5,0,0,0,0,22,13,0,0,9,0,10,0,0,0,0,30,5,46,0,0,0,0,32,0,12,0,41,44,0,31,0,0,0,0,56,0,0,16,0,0,0,0,0,0,19,0,0,0,0,0,0,0,2,0,0,0,0,0,36,50,0,42,0,0,0,0,22,0,0,0,16,0,23,48,17,0,0,16,0,0,0,0,0,0,56,1,0,0,0,0,0,0,0,13,1,11,0,0,0,0,0,9,20,0,0,0,0,0,0,0,8,0,0,35,0,39,0,0,37,3,0,0,27,2,0,0,0,12,0,0,0,0,0,0,0,7,0,0,0,36,26,0,0,0,0,42
0,0,0,0,0,0,47,55,37,0,0,0,0,26,0,0,23,0,0,49,0,0,0,32,54,0,0,32,10,11,0,0,12,18,0,0,54,23,0,0,24,0,7,1,20,0,0,0,0,0,0,0,0,0,0,0,0,40,0,0,0,0,37,0,0,0,0,0,0,0,6,0,0,55,0,45,0,31,14,0,0,0,0,0,0,0,19,26,0,25,0,0,0,0,0,0,0,0,0,0,0,0,54,0,0,0,0,0,32,54,0,0,0,0,49,0,0,38,0,0,0,25,12,0,0,0,0,0,0,0,0,0,0,0,0,33,33,0,16,0,30,0,44,47,0,0,56,0,0,7
32,2,0,0,0,14,0,18,34,0,0,38,0,24,9,0,12,0,40,0,34,54,43,0,43,37,0,0,15,31,0,0,47,0,0,0,0,0,0,0,9,0,0,0,0,3,31,0,0,39,0,0,0,0,0,0,0,0,0,0,23,50,45,0,0,48,0,0,0,0,0,12,0,13,46,0,15,0,0,46,0,10,0,30,0,0,0,0,0,32,0,0,0,0,0,0,0,0,0,0,0,0,0,0,0,0,25,30,0,0,0,0,24,4,0,0,0,39,39,0,0,0,2,0,0,0,0,38,0,0,0,0,0,0,0,0,7,47,31,0,0,0,0,0,37,0,0,0,30,0
0,0,0,23,0,0,0,0,0,0,0,0,6,0,13,35,33,40,0,0,0,0,10,30,56,0,0,23,0,0,47,39,0,0,0,0,0,0,0,26,0,32,0,31,15,42,0,0,0,0,0,0,0,13,0,35,0,0,0,0,0,0,0,0,0,15,0,54,25,0,0,53,0,0,2,0,15,0,22,0,0,0,0,25,0,0,0,0,0,52,0,35,0,0,46,0,29,12,0,5,0,0,23,0,0,0,0,0,0,0,10,32,0,34,0,0,0,0,33,14,41,8,0,8,21,0,0,0,0,30,0,43,0,0,0,13,0,0,0,0,0,0,13,0,0,41,0,0,3,0
22,0,14,0,0,0,46,0,0,0,22,5,0,3,0,0,0,22,0,0,14,10,0,0,0,0,0,0,0,15,4,0,0,0,0,0,53,0,0,0,0,0,3,55,0,0,0,0,0,0,0,0,0,0,0,11,0,0,0,0,15,0,0,0,0,0,0,0,51,0,0,3,0,18,0,0,0,3,29,0,16,25,0,0,0,41,31,44,51,18,0,21,0,0,0,0,0,0,0,0,0,0,0,0,0,0,0,0,0,0,0,0,0,0,49,0,0,0,0,0,0,0,0,0,3,0,0,0,0,0,0,0,19,0,0,0,46,0,20,42,54,25,0,0,0,7,3,9,0,0
0,0,0,0,0,0,0,0,3,0,0,0,0,0,0,0,24,0,14,17,0,0,0,0,0,15,0,0,0,0,0,0,0,3,0,0,0,0,0,47,0,4,37,0,0,4,10,0,0,0,0,4,0,6,1,0,0,0,0,0,0,0,0,0,0,0,0,0,0,47,0,0,38,0,0,0,0,0,0,0,0,0,0,0,0,0,0,0,0,0,0,0,0,0,0,0,43,0,24,0,14,31,0,0,0,0,0,20,0,0,0,0,0,57,46,0,0,59,0,0,0,0,13,5,0,0,0,0,0,0,0,0,0,26,0,0,0,31,0,61,0,0,0,0,0,49,0,0,0,41
0,0,0,13,21,0,54,0,3,0,0,6,0,0,33,0,43,0,0,5,0,48,0,0,0,33,0,46,0,0,0,0,0,0,0,0,39,9,0,47,0,58,0,0,0,0,0,0,0,0,0,0,0,9,1,0,0,0,0,0,0,0,0,0,0,0,0,0,0,0,0,38,55,10,10,12,0,0,0,0,0,0,0,0,38,7,0,19,28,0,0,1,0,0,0,53,0,51,0,42,18,0,0,46,0,0,55,0,0,0,0,0,34,25,35,0,1,0,0,27,0,13,0,52,21,49,0,0,0,0,0,0,0,0,0,0,12,43,22,0,53,11,0,0,11,0,21,20,0,0
26,0,0,36,6,0,0,0,0,42,7,0,14,0,0,0,0,0,0,0,0,42,37,0,50,0,0,0,0,0,12,0,0,23,0,0,0,0,0,23,6,49,10,34,0,0,0,12,28,0,0,28,0,0,56,0,0,0,0,0,0,13,0,26,0,0,0,0,0,13,0,0,0,0,0,38,0,0,0,0,0,0,0,0,41,0,0,0,0,0,6,0,0,15,0,26,0,0,42,27,0,50,4,12,0,0,0,0,0,25,0,0,19,51,0,0,0,0,0,0,0,0,0,20,8,0,32,0,0,0,0,34,0,0,0,28,0,0,28,27,0,0,0,49,56,0,20,0,0,0
0,0,0,0,11,0,0,0,0,0,0,5,0,40,51,0,3,0,0,0,51,46,0,0,0,0,11,47,0,0,19,0,0,0,0,39,0,0,14,0,0,0,6,35,0,0,0,16,0,0,0,0,0,0,0,0,0,44,29,13,0,0,0,0,41,0,0,0,26,0,0,19,0,0,0,0,0,0,46,0,17,0,0,0,39,0,0,0,0,25,31,15,0,0,0,0,0,0,0,0,0,0,0,0,48,0,0,39,0,0,0,0,0,0,0,0,13,0,36,0,0,0,0,55,0,0,0,0,0,0,0,0,14,0,41,0,0,0,0,0,0,18,0,0,3,0,0,0,32,0
35,0,0,0,0,0,0,0,0,18,0,0,1,14,0,0,0,0,0,0,13,0,0,0,0,0,7,0,46,30,0,0,0,0,0,0,0,0,0,41,0,0,33,0,0,0,50,35,0,0,0,0,0,41,9,8,0,0,0,27,0,0,0,0,49,0,0,0,0,28,0,23,16,0,0,0,52,0,0,0,0,0,0,0,0,34,9,43,0,55,0,0,0,0,0,13,22,0,0,0,10,0,0,0,0,0,0,0,0,0,0,0,0,0,0,0,0,0,0,24,0,37,0,4,0,0,0,7,39,0,0,0,0,42,38,0,0,45,0,0,0,0,0,0,0,0,0,0,50,0
27,0,0,38,0,44,0,0,0,39,0,0,29,0,0,0,54,0,20,0,0,0,0,0,42,29,0,20,0,0,34,46,46,0,12,27,14,0,10,0,0,9,0,0,42,32,9,0,12,0,53,0,0,0,0,0,0,15,0,0,0,0,0,0,0,58,57,0,45,0,0,43,0,3,0,0,0,0,0,0,0,53,0,0,0,0,0,0,42,0,0,0,25,0,0,0,0,0,21,0,0,0,0,0,0,0,0,0,0,0,49,21,0,0,0,42,0,0,54,0,0,0,2,5,0,51,0,0,0,0,15,0,50,0,0,0,0,46,15,0,0,27,0,0,0,0,28,55,12,0
25,18,5,0,0,27,0,0,0,0,0,0,0,0,0,0,0,0,44,0,0,0,0,0,0,0,0,56,0,0,8,0,0,0,0,0,12,0,0,0,0,0,0,0,0,47,0,39,0,0,15,0,0,48,0,0,0,0,0,47,8,30,0,0,7,0,0,0,0,0,0,0,0,3,27,0,0,0,44,0,0,0,0,0,0,0,0,4,55,0,0,19,0,0,0,21,51,10,0,0,0,45,0,0,0,0,0,0,0,0,53,13,0,0,0,0,0,0,34,2,0,0,0,0,0,0,0,0,0,9,0,0,0,0,34,8,0,0,0,0,25,0,27,15,0,0,0,0,0,0
0,0,42,0,0,0,0,0,0,0,0,27,0,8,0,0,0,0,0,0,0,53,0,0,0,0,15,0,0,0,0,22,52,0,26,12,37,0,0,0,0,0,0,28,0,0,0,0,0,0,40,0,13,0,21,0,0,0,47,0,0,0,0,0,0,0,0,53,0,0,0,0,0,0,36,0,27,0,0,42,51,0,0,0,39,48,6,0,0,22,0,0,0,0,38,0,53,30,11,0,0,39,0,52,0,52,0,0,0,0,0,41,0,0,0,0,0,0,0,0,0,19,0,0,0,0,0,12,31,0,0,0,0,46,0,0,34,0,0,0,12,0,32,0,0,0,0,0,0,36
38,0,0,0,26,0,36,0,0,30,0,18,0,0,0,0,22,0,41,0,0,37,0,0,0,0,0,0,0,0,54,0,0,21,41,0,52,39,17,0,0,4,0,0,0,0,5,0,35,0,19,0,0,25,0,0,0,0,1,0,19,0,0,0,0,45,0,49,0,32,38,0,0,0,0,0,51,0,0,40,0,49,49,0,45,0,0,0,0,0,19,0,31,0,30,0,0,2,0,0,0,45,0,11,45,0,0,0,0,0,0,47,0,0,0,0,0,0,0,0,0,0,0,0,53,0,0,0,0,0,0,0,0,0,46,0,0,0,31,0,28,0,0,0,0,0,7,0,31,0
0,0,0,0,0,0,0,0,0,0,30,2,0,0,0,0,0,19,0,20,0,0,31,0,58,0,0,0,0,0,41,0,23,1,0,0,40,3,0,0,0,46,12,0,26,0,0,27,0,59,48,0,0,0,0,0,0,0,0,0,0,0,32,0,0,0,9,2,0,0,0,0,39,0,0,0,0,27,0,0,0,23,4,0,9,0,0,0,0,0,0,0,0,47,0,0,0,33,0,0,0,0,27,0,0,0,24,12,0,0,0,0,46,7,0,0,0,0,0,49,0,0,0,0,36,25,0,0,39,51,3,0,0,3,0,0,0,0,0,0,0,5,0,50,0,11,0,0,0,0
0,0,0,0,0,0,0,11,46,0,0,0,16,35,0,0,9,37,0,21,0,0,0,0,0,0,0,0,0,0,21,0,19,20,0,0,0,0,29,16,0,0,0,3,0,24,43,0,0,34,0,45,0,0,48,0,51,0,12,39,0,0,0,17,0,0,22,46,0,0,6,0,42,0,0,0,46,0,39,56,0,0,21,0,0,0,13,0,12,0,0,0,0,8,0,0,0,26,40,12,0,0,21,0,20,0,39,0,0,16,2,25,20,0,0,0,0,0,0,0,0,32,9,25,21,0,0,0,0,0,0,22,0,0,7,0,0,0,15,0,0,0,0,0,0,56,0,0,0,0
0,0,0,0,0,0,5,51,20,0,17,0,0,0,0,0,38,0,0,15,0,0,0,59,37,0,23,19,0,0,0,22,44,0,0,0,0,0,0,0,36,0,0,0,41,0,28,0,0,0,13,0,11,47,0,18,11,0,0,0,0,0,0,0,0,53,0,0,0,0,0,0,0,0,0,0,0,0,0,0,40,0,0,0,0,20,56,0,0,17,17,28,0,0,0,53,0,19,0,10,37,0,45,5,0,33,41,0,0,0,0,4,0,0,0,0,0,8,44,0,0,0,0,0,0,0,0,0,0,0,15,0,0,0,0,0,0,0,0,0,0,0,0,14,0,0,0,5,0,7
33,9,0,0,0,0,0,0,0,0,0,0,0,0,21,0,0,39,0,0,0,0,0,45,0,0,0,20,0,0,0,15,0,0,26,0,0,0,0,32,0,0,17,0,30,5,0,0,28,0,41,14,0,0,0,0,0,4,0,45,0,32,0,0,0,0,0,0,0,0,0,0,0,0,16,0,0,0,2,0,0,26,0,0,23,0,0,23,0,0,2,0,29,0,0,47,0,25,0,0,0,0,0,45,2,0,0,45,32,34,0,0,16,0,0,0,0,17,47,0,4,57,36,6,0,21,0,0,44,0,32,0,0,49,8,0,29,0,0,0,0,0,0,29,27,1,16,0,21,0
37,30,0,0,5,0,0,47,0,0,0,0,54,0,0,0,0,0,0,18,0,1,0,0,0,0,0,0,0,0,0,0,0,0,0,0,19,0,1,0,6,0,0,32,0,0,0,0,0,1,0,0,0,0,50,6,45,0,0,35,0,3,0,0,0,13,38,0,55,3,0,0,0,0,0,15,21,0,0,0,0,0,0,0,0,0,0,0,0,0,0,0,2,0,17,0,0,0,40,0,7,0,0,11,0,0,9,0,0,0,0,57,0,24,0,25,0,33,0,41,0,0,24,0,0,35,0,0,0,0,0,0,0,0,0,0,14,30,0,0,0,17,10,0,8,0,0,0,0,50
0,43,0,0,0,0,41,0,0,47,0,0,0,0,0,0,0,0,4,0,0,0,0,0,0,0,0,14,0,37,0,0,0,0,0,0,41,0,0,27,0,0,32,0,0,0,31,0,0,55,0,60,46,0,20,0,39,0,27,0,0,0,28,0,49,0,20,0,0,0,0,0,0,2,0,10,0,0,0,0,0,36,16,40,0,0,0,48,0,20,0,46,0,9,3,0,36,0,0,0,1,18,0,41,0,0,45,0,0,0,0,4,0,0,0,0,51,24,0,0,10,0,0,0,52,30,0,0,0,0,0,0,0,0,0,25,0,15,0,0,0,0,0,21,0,0,0,18,0,38
0,0,0,30,0,0,0,0,0,0,0,18,6,0,0,0,0,47,0,0,22,36,0,0,0,0,0,0,0,0,0,3,0,0,0,0,0,0,0,0,0,0,0,46,29,0,0,52,16,0,15,0,0,21,38,0,0,0,0,0,0,39,16,0,0,0,34,0,17,0,0,0,0,34,12,19,0,30,0,7,15,0,22,0,0,0,0,0,0,0,50,0,0,44,32,16,0,0,0,0,24,6,0,0,0,5,0,0,0,7,0,0,0,0,0,0,0,32,0,0,0,0,0,23,0,0,0,0,44,0,0,0,42,26,0,33,0,0,0,0,0,0,0,0,48,4,0,0,16,15
0,0,0,0,0,0,0,0,0,0,20,0,0,0,0,30,0,0,33,13,3,0,0,0,0,0,0,0,7,0,0,0,15,0,0,0,0,0,0,52,45,43,36,33,37,39,23,0,0,22,0,0,9,0,0,0,20,45,8,42,0,0,0,0,35,57,0,0,0,0,0,0,0,28,0,24,0,0,0,24,0,0,0,0,48,0,11,0,0,54,0,0,30,0,0,0,34,0,28,0,0,26,0,13,0,21,11,0,0,0,0,0,0,0,0,0,0,0,0,49,10,0,0,11,46,0,44,0,0,0,21,0,0,0,16,0,0,0,0,0,0,0,2,0,0,0,0,0,0,0
0,0,0,14,22,0,28,21,0,0,0,0,0,15,32,0,0,39,0,0,0,0,1,0,0,0,0,36,0,0,49,0,1,0,42,0,10,0,0,0,0,3,0,0,10,0,14,0,5,0,0,0,8,16,0,0,11,0,0,0,52,0,0,50,28,0,36,0,0,0,0,0,19,53,4,0,0,0,18,0,0,53,0,0,0,0,0,0,0,0,0,0,0,0,2,0,16,0,55,0,0,0,0,0,7,0,0,0,0,25,4,0,0,47,17,56,0,0,0,0,0,0,0,0,22,0,0,51,1,0,44,0,0,0,54,0,0,4,14,0,14,0,20,0,0,0,7,0,0,0
37,0,31,0,0,4,15,0,0,0,0,41,0,0,0,34,20,53,0,46,3,0,0,0,0,3,0,0,0,35,0,0,0,0,0,0,0,0,0,0,0,11,0,0,0,53,0,0,23,0,3,53,0,12,0,10,0,0,23,0,26,42,32,26,0,0,0,2,5,0,0,34,0,0,0,0,5,0,0,0,0,0,43,0,0,0,0,0,0,0,18,0,0,0,0,24,43,3,0,11,0,0,0,0,0,32,46,0,0,0,0,0,0,0,0,0,0,0,0,36,0,0,18,0,10,0,0,0,0,0,3,0,53,0,16,0,0,0,13,0,0,0,0,28,0,0,0,0,0,0
26,0,16,0,0,0,0,51,0,0,0,15,0,0,28,0,0,0,30,0,0,50,0,15,0,0,0,0,0,0,0,0,0,0,14,15,0,39,8,0,18,0,41,0,0,51,5,0,0,19,0,33,20,0,0,0,0,0,38,23,0,0,0,15,0,0,0,0,0,18,30,0,0,0,0,0,0,0,0,37,0,0,0,0,0,0,0,14,11,0,0,17,0,0,0,0,0,0,0,0,0,0,0,0,0,0,31,0,0,0,0,0,40,34,0,0,33,0,23,0,38,0,0,0,0,0,0,0,0,0,0,0,0,0,0,0,44,0,49,0,0,0,33,0,0,0,0,19,0,0
0,15,9,0,41,0,0,0,48,37,0,7,25,0,0,12,0,41,0,0,0,0,0,0,34,42,0,21,13,0,0,0,0,0,55,14,28,0,10,0,0,18,0,0,52,0,0,39,1,21,0,0,0,0,0,0,0,47,5,2,0,23,0,17,0,20,0,0,0,33,0,0,0,43,24,0,0,0,0,48,48,3,17,41,21,0,2,0,0,27,0,0,0,58,0,27,0,25,0,0,0,1,0,0,54,27,0,0,48,0,0,0,0,0,0,47,0,0,0,34,0,21,37,0,0,0,0,0,0,0,0,0,0,5,0,0,6,0,0,0,0,0,0,0,0,0,0,1,1,0
0,50,10,0,0,0,0,20,0,0,0,0,0,0,6,0,0,45,43,0,0,0,36,30,24,42,0,0,26,0,0,0,37,42,0,0,0,0,0,0,0,0,0,0,0,54,0,0,0,0,0,0,0,0,0,0,0,18,0,0,0,54,0,0,0,0,0,0,42,0,0,15,30,49,0,0,48,43,21,0,0,13,0,0,34,0,0,0,0,0,0,0,40,0,12,0,35,0,43,49,0,0,0,0,0,31,0,0,0,0,0,0,29,0,27,0,0,0,0,0,1,0,39,0,0,0,33,0,0,0,26,0,48,0,0,0,0,0,0,0,0,6,0,0,0,0,0,0,0,0
27,0,12,0,0,0,0,0,33,18,35,0,0,0,47,0,0,0,0,0,0,0,11,0,0,0,0,0,52,0,0,0,0,0,0,0,0,0,0,0,0,0,15,0,17,7,0,0,48,42,52,20,0,21,0,0,0,0,12,32,43,0,44,0,18,44,0,0,0,9,0,27,0,48,24,0,0,52,0,0,0,0,19,0,0,0,40,0,0,0,0,35,0,0,0,0,0,0,0,0,0,0,0,0,0,0,0,3,28,0,0,0,0,8,43,0,0,0,0,26,27,0,0,0,47,0,0,0,0,0,0,0,0,0,0,0,0,0,9,21,0,21,12,0,44,0,0,34,0,0
41,40,0,0,7,34,0,45,0,0,0,0,0,44,0,0,0,0,52,0,44,0,0,0,0,0,0,0,0,0,50,0,0,0,0,0,0,5,0,5,0,0,0,0,0,0,23,0,0,0,50,0,0,0,9,8,0,0,33,0,21,25,0,0,0,0,0,0,31,0,0,8,0,0,0,0,0,0,0,16,31,0,0,0,0,8,0,0,0,0,49,0,0,0,0,0,0,0,15,0,0,0,0,26,0,0,50,3,0,0,0,0,0,0,0,20,0,0,0,0,0,0,0,0,5,13,29,0,34,0,33,0,0,20,0,0,32,11,0,0,4,0,0,0,0,33,0,0,0,29
21,0,52,0,0,0,0,0,0,10,23,0,0,0,0,0,0,0,0,0,0,0,0,0,0,19,0,0,0,0,0,0,0,0,0,0,0,33,0,0,0,42,43,0,13,0,0,0,4,0,0,0,28,11,49,0,21,32,0,36,0,40,0,0,0,0,19,0,0,43,21,0,0,9,0,0,0,1,0,0,0,2,0,0,18,0,0,50,0,0,25,54,0,7,0,32,0,0,0,0,0,0,0,0,0,0,0,0,0,6,0,44,0,23,0,0,0,0,13,0,0,0,0,10,0,0,0,0,0,18,0,0,24,0,0,0,0,0,0,33,0,0,20,0,0,0,0,0,0,26
0,0,0,0,0,0,0,0,0,0,0,0,0,0,31,0,0,0,0,0,0,0,0,4,43,0,16,4,26,0,0,0,0,0,0,0,0,49,31,0,19,0,0,0,0,0,24,49,0,0,49,0,0,13,0,0,0,0,0,0,25,0,0,4,0,0,0,0,7,0,40,8,0,0,42,0,43,8,0,0,0,0,0,0,0,0,46,5,0,25,0,30,0,13,0,0,29,0,12,43,18,0,0,0,0,5,0,25,0,33,56,0,0,0,0,0,0,0,1,0,0,0,0,20,50,0,0,0,0,0,13,0,0,0,0,0,5,0,0,0,32,0,0,0,0,0,0,0,23,0
0,55,52,0,0,0,0,11,0,0,0,0,0,0,0,0,5,0,27,0,0,43,0,0,0,0,22,29,0,0,0,32,0,0,0,0,0,0,0,13,28,0,27,0,0,0,0,0,0,0,0,1,29,0,0,0,21,0,0,37,0,33,0,21,0,37,0,0,13,33,0,18,0,0,22,0,0,0,0,0,0,54,0,25,33,3,0,0,0,0,0,0,0,0,0,0,0,0,21,0,0,0,0,14,0,0,31,0,0,0,0,36,0,0,0,47,0,0,0,0,0,42,0,48,0,0,0,0,0,0,30,0,0,14,0,50,0,0,0,55,0,0,0,0,0,54,0,0,31,0
0,0,0,0,0,0,0,0,0,0,0,5,0,5,0,0,0,0,17,0,0,0,0,36,0,0,0,0,0,0,0,14,0,48,0,0,48,0,0,0,2,0,0,0,0,0,22,0,0,37,0,0,56,0,27,20,0,0,29,0,1,0,0,0,0,0,11,0,0,6,0,34,0,35,0,5,0,24,18,0,0,0,0,0,0,0,22,0,0,0,0,0,0,0,5,52,0,0,0,45,20,0,0,10,0,0,52,0,0,0,0,41,0,0,0,0,0,0,33,0,0,0,0,54,10,55,0,0,0,0,0,56,33,54,31,0,0,32,15,0,0,0,0,0,0,0,0,0,43,0
0,22,15,26,1,0,0,0,0,0,54,0,0,0,0,0,0,0,1,0,0,49,0,39,52,0,0,0,0,34,0,28,0,0,0,0,0,0,0,0,0,0,17,16,0,0,0,0,1,1,0,0,46,0,0,0,25,0,0,0,0,0,0,0,37,42,0,0,56,26,0,0,38,31,0,0,0,18,0,0,0,0,0,0,0,0,0,0,0,0,0,48,0,21,42,50,0,0,31,0,41,0,0,42,0,0,10,0,31,0,0,0,25,0,0,0,0,0,34,16,15,0,39,0,0,0,0,31,0,0,0,0,0,0,0,0,0,2,0,0,0,0,0,0,29,7,0,0,0,0
0,40,34,28,0,0,0,49,0,0,1,44,25,0,27,0,25,35,41,0,0,10,0,45,47,0,0,0,23,50,2,0,0,0,0,0,0,0,0,0,0,0,0,0,0,0,0,0,0,0,0,3,0,15,47,0,0,0,0,50,26,0,0,0,41,0,0,0,12,0,0,5,0,0,0,0,41,0,0,8,0,4,0,0,30,0,0,0,0,36,0,0,36,36,46,22,0,0,36,0,0,0,0,0,0,0,0,0,0,0,5,37,54,0,0,48,31,0,0,0,0,0,0,0,44,0,0,0,0,0,0,0,0,27,0,0,0,0,0,0,0,40,0,0,0,0,0,0,0,51
0,0,3,0,19,35,0,0,0,0,0,0,0,0,0,0,47,0,0,0,0,0,0,0,33,49,0,0,47,0,0,0,0,0,0,0,0,38,0,0,36,0,0,0,0,0,0,0,44,0,41,2,0,0,0,0,41,0,0,0,0,0,6,16,0,44,0,0,6,25,25,3,14,18,38,0,0,51,0,0,0,0,0,0,0,0,0,6,28,11,0,0,0,45,0,0,18,9,0,0,0,0,0,0,0,0,0,0,0,0,0,0,42,0,0,45,0,0,0,0,38,0,28,0,28,0,0,0,0,4,0,0,0,0,7,20,2,0,0,0,0,0,29,0,0,51,45,28,0,0
38,40,33,0,7,0,0,0,0,0,0,0,0,0,0,0,0,0,0,0,9,0,0,0,0,0,0,0,45,16,0,35,30,0,0,0,0,0,0,35,0,0,52,0,0,16,0,11,0,0,50,0,0,0,47,0,0,0,0,0,52,0,23,0,54,0,0,46,0,24,0,0,16,0,0,41,54,0,0,0,0,11,44,0,0,0,12,0,43,0,0,0,23,0,0,0,0,5,0,0,0,0,0,10,0,0,0,0,0,0,0,0,50,0,42,0,0,52,42,0,0,0,0,0,0,0,0,0,7,0,0,18,0,0,0,0,0,0,0,29,0,0,0,0,0,0,0,0,0,0
0,0,36,0,0,0,0,0,35,0,0,50,7,45,0,0,0,0,0,21,0,0,1,0,0,0,0,0,0,0,0,0,0,0,0,0,0,0,0,13,0,0,0,39,32,0,0,50,23,53,0,20,0,0,0,0,0,0,9,0,9,7,0,0,10,26,0,45,0,22,0,0,0,0,0,0,0,21,22,45,17,45,25,0,28,48,0,0,0,46,0,0,0,0,0,0,34,46,0,0,0,0,47,0,14,36,0,0,0,0,23,0,12,1,18,0,22,0,0,0,0,0,0,0,0,0,0,22,0,32,0,0,0,0,0,0,0,0,38,0,0,0,8,0,0,0,34,0,0,18
7,0,0,0,0,32,0,0,57,45,0,0,0,0,3,35,27,36,24,0,0,0,23,0,0,30,0,0,0,0,0,0,49,0,0,0,0,0,0,0,0,46,0,43,0,0,0,0,0,0,0,0,10,0,0,0,0,0,0,3,0,0,0,0,0,56,41,0,0,0,0,0,0,0,0,0,51,0,0,14,19,0,0,0,55,0,0,0,0,0,0,28,0,0,0,37,0,0,0,0,0,0,0,0,0,0,4,0,0,0,0,12,0,40,44,0,0,44,0,43,0,0,0,45,0,0,3,0,0,0,0,0,0,0,0,0,0,0,0,31,0,0,0,21,0,0,30,0,0,0
0,0,0,0,58,8,0,0,0,0,5,0,0,0,51,0,0,0,0,0,0,27,0,0,0,6,49,0,40,0,0,0,26,10,0,0,0,37,0,34,0,0,0,0,0,0,0,0,0,32,0,0,0,0,0,16,0,54,0,42,14,0,1,17,35,0,0,0,0,18,0,39,0,35,2,6,0,0,25,0,0,0,0,0,0,0,7,0,0,0,20,0,0,0,39,0,18,6,0,0,0,0,22,0,21,0,0,0,0,27,0,0,0,0,0,0,19,50,2,42,0,56,0,0,0,28,34,0,0,0,0,0,0,0,0,34,0,0,5,0,19,0,0,54,0,37,30,11,32,0
0,0,0,0,5,0,0,0,54,13,0,34,25,0,0,15,48,0,46,13,54,0,2,6,27,0,0,0,0,0,0,0,0,0,15,0,8,0,34,0,0,0,54,20,0,0,0,35,0,0,0,31,0,37,19,0,16,0,54,0,45,36,8,0,32,46,52,0,4,0,0,0,35,0,0,0,0,0,7,0,0,50,2,0,0,3,42,0,39,0,0,12,0,0,0,0,0,16,0,0,0,0,34,0,0,0,0,45,0,26,14,0,0,0,0,18,0,0,0,0,0,0,0,0,0,0,43,0,0,0,35,0,0,29,0,0,0,6,17,0,0,46,0,36,0,0,0,0,0,0
0,0,0,0,34,0,0,0,0,0,39,0,0,0,0,0,0,45,0,0,0,0,0,0,0,0,0,0,0,9,9,0,0,0,0,8,0,44,0,0,0,0,13,0,29,0,0,0,0,0,52,0,0,40,0,0,0,0,30,42,0,0,0,0,23,0,0,0,0,0,0,0,0,46,0,0,0,53,2,31,48,37,53,2,0,0,19,0,0,0,0,0,0,19,0,0,0,0,57,0,0,0,43,6,18,0,56,0,0,0,0,0,0,0,0,0,0,47,24,0,0,0,0,0,0,0,0,0,22,28,29,46,0,0,0,0,0,0,0,0,0,48,0,0,0,0,29,10,0,11
0,0,0,0,0,0,0,0,0,0,0,0,0,0,0,23,0,0,0,0,0,0,54,0,0,0,0,0,22,0,0,42,0,9,0,0,0,16,26,12,0,0,0,0,0,0,0,0,0,0,0,0,0,0,0,45,39,32,0,15,0,0,0,31,14,0,0,0,2,0,0,0,3,40,33,27,12,0,0,0,0,0,0,14,0,19,0,8,0,0,10,25,0,0,0,1,0,0,0,0,0,0,0,24,0,0,0,0,6,0,40,0,0,0,0,0,22,50,0,0,0,0,0,0,38,0,0,46,0,31,50,0,7,39,0,0,0,31,0,0,45,0,38,0,0,0,0,53,0,0
0,0,0,0,0,40,0,0,0,0,0,0,0,0,0,0,0,0,0,0,0,0,17,0,0,0,0,30,0,0,52,0,0,0,47,3,0,0,49,0,51,0,0,41,24,0,0,0,0,0,0,10,0,0,0,23,0,0,0,0,0,0,15,0,42,30,0,0,52,41,0,27,0,24,0,0,0,36,0,0,11,0,0,0,0,0,11,2,0,4,0,4,0,0,0,0,0,0,0,23,0,51,54,34,0,0,19,0,0,0,0,0,52,0,5,46,21,0,0,0,0,28,0,20,0,0,0,0,0,51,0,0,0,0,0,33,0,0,0,0,0,0,0,0,0,27,38,0,0,0
0,0,0,0,47,0,48,0,44,5,0,0,0,0,0,0,0,0,0,3,0,0,0,0,0,0,0,0,0,0,51,48,0,28,0,6,0,0,0,9,42,0,0,0,0,0,0,0,43,40,34,25,0,0,27,5,40,0,4,0,0,40,43,0,21,0,0,0,16,0,0,57,13,0,0,0,0,35,0,1,0,23,45,0,7,25,48,28,5,29,0,3,0,0,0,0,40,0,0,0,0,54,0,0,0,0,32,0,0,0,0,0,7,0,0,21,0,0,34,0,0,0,38,0,36,0,0,0,0,0,0,0,0,1,0,0,22,0,36,0,0,0,0,30,0,0,0,0,0,34
0,0,0,40,4,0,0,0,20,0,40,0,29,0,0,0,0,0,54,40,40,0,0,0,0,45,42,0,0,53,0,45,0,0,0,31,0,0,0,0,55,58,0,0,0,0,55,0,0,13,0,51,0,0,50,0,19,0,38,17,33,0,0,0,0,0,0,0,14,0,0,37,0,3,0,0,32,0,41,0,27,0,0,0,0,15,40,0,44,0,0,0,0,9,0,8,55,0,29,14,0,0,32,7,24,0,0,22,0,0,57,21,0,0,0,0,0,0,26,0,0,0,0,43,0,0,0,0,0,49,0,51,0,0,0,0,0,0,0,0,0,0,0,0,7,49,0,6,0,0
43,0,43,0,0,0,0,0,0,0,0,0,0,0,39,0,0,0,0,0,0,25,0,0,0,0,0,0,0,0,2,0,0,0,37,0,16,0,0,0,0,0,0,0,0,0,0,34,0,57,38,0,0,0,0,0,0,0,0,0,0,34,0,0,0,45,0,0,40,0,48,0,0,0,0,0,0,0,24,0,16,0,0,0,0,0,0,0,0,0,0,0,44,0,0,0,0,0,23,0,0,0,21,41,0,54,0,0,31,0,0,0,0,0,0,47,0,0,0,0,0,0,54,17,25,0,27,0,0,0,0,0,0,45,53,41,0,0,0,0,0,0,11,0,0,17,0,0,0,0
0,0,0,0,0,40,25,0,0,0,0,0,0,35,0,0,0,0,2,0,0,0,0,33,0,28,0,0,0,30,0,10,39,0,0,0,0,0,55,0,30,39,29,0,0,0,0,3,0,0,0,0,50,0,0,0,0,0,43,40,0,0,0,30,0,23,45,54,0,0,0,15,0,0,25,0,0,0,0,0,28,0,12,38,0,23,3,0,45,0,0,0,0,0,0,0,47,0,0,44,0,30,0,28,0,46,0,14,0,46,0,0,0,0,0,0,0,0,53,0,0,24,0,0,0,0,0,0,0,0,0,0,0,0,0,0,0,0,0,0,0,0,0,0,0,25,0,6,22,0
0,0,15,0,7,0,0,19,0,0,21,0,0,0,0,0,45,0,0,0,19,0,41,0,0,43,0,0,0,46,24,0,0,0,0,0,0,0,0,0,33,53,0,30,0,0,0,0,0,5,0,0,0,0,0,43,31,0,45,12,0,35,11,0,18,0,49,0,0,0,6,0,6,47,0,19,0,0,0,37,0,50,0,0,0,48,0,0,0,0,0,0,40,0,0,0,0,0,0,40,0,0,25,0,0,0,0,0,0,0,48,13,0,46,23,0,0,0,23,0,0,0,12,0,0,0,54,0,0,0,0,5,0,0,0,0,0,0,14,0,0,58,0,0,0,0,21,0,0,0
0,0,0,0,0,0,0,0,0,58,0,0,0,0,0,0,0,0,0,14,0,0,60,0,0,0,0,0,0,7,2,0,28,24,0,0,0,10,0,0,58,0,0,40,50,0,17,0,0,0,0,43,0,0,0,50,0,0,0,0,0,0,45,0,0,0,28,0,0,44,11,0,0,0,49,34,0,0,0,0,25,0,56,0,0,0,0,0,53,0,0,0,0,0,0,26,0,57,0,0,0,49,0,0,5,5,56,43,0,0,0,0,0,0,0,0,22,8,0,21,51,0,0,0,23,41,0,0,0,0,43,52,34,24,39,0,0,0,0,31,0,0,0,0,10,0,0,0,44,0
0,0,0,0,0,0,0,0,0,5,40,27,0,0,36,0,0,15,0,0,0,41,8,0,16,0,0,32,0,0,0,54,0,0,0,0,0,0,0,0,0,42,0,0,30,0,0,0,0,28,41,0,0,27,6,0,17,41,0,0,0,0,0,17,0,0,43,36,0,0,14,0,0,48,0,44,0,0,0,0,48,6,12,0,50,3,0,0,0,9,11,0,0,0,43,32,0,0,0,0,36,0,20,0,0,0,0,7,0,0,0,0,0,26,0,0,4,0,0,0,41,0,57,0,0,0,0,0,0,0,0,0,0,0,0,0,0,0,0,0,0,30,42,0,0,29,15,0,1,0
0,0,0,0,46,0,0,0,0,0,9,0,0,0,0,49,4,0,28,0,0,0,0,0,0,0,34,0,0,0,0,0,0,9,32,0,0,34,0,0,0,15,0,0,0,33,0,9,0,48,0,0,0,0,42,0,0,0,0,0,0,0,0,0,0,0,27,12,0,0,0,33,0,0,34,48,0,0,28,43,0,0,0,0,0,48,0,0,55,0,41,0,0,0,0,35,52,0,22,0,0,0,0,0,7,0,0,0,0,43,0,0,0,0,34,0,0,0,17,0,0,0,0,0,0,0,0,15,14,56,0,0,44,17,0,0,0,0,0,10,0,9,11,0,0,32,0,0,0,0
33,0,27,5,0,0,5,0,0,0,0,0,0,0,21,0,0,0,0,18,0,13,0,0,0,0,0,0,0,0,0,0,0,34,0,0,0,0,0,5,0,54,52,48,0,0,34,0,15,0,0,40,0,0,13,0,0,0,20,0,0,0,0,11,0,28,49,0,0,28,0,0,0,0,0,0,8,28,0,0,0,0,0,0,48,17,0,0,0,12,0,24,34,0,0,0,0,0,0,0,0,21,0,0,0,0,0,0,0,0,0,0,0,15,0,0,39,0,0,0,0,0,20,10,0,0,34,0,0,26,0,0,0,0,21,0,0,29,15,0,50,0,0,2,0,42,25,0,0,0
0,44,0,0,2,52,29,0,26,12,0,45,17,0,0,0,0,0,36,12,0,0,32,0,0,48,0,0,21,33,0,0,0,0,0,0,0,0,0,23,0,0,31,49,39,0,0,0,1,37,0,0,12,0,6,0,29,0,0,0,0,0,0,0,0,34,2,0,0,38,52,0,0,0,0,0,35,0,35,43,0,0,0,0,0,0,33,0,0,23,0,59,52,0,0,0,0,0,0,0,0,0,0,0,0,49,0,0,0,0,0,0,0,0,0,0,0,0,0,21,16,0,0,0,0,23,0,0,0,0,0,0,0,32,0,0,33,0,0,0,0,41,0,0,0,0,8,0,0,0
0,0,0,0,0,0,0,9,0,21,25,0,45,0,35,0,0,0,0,44,0,0,0,0,0,3,3,0,47,0,0,15,26,0,0,0,0,49,0,0,0,0,0,0,0,58,0,0,35,2,0,0,0,0,10,0,0,38,0,0,6,0,0,0,0,0,0,0,0,0,38,17,0,0,0,0,55,0,28,0,0,0,0,0,0,0,35,46,0,0,0,0,0,22,0,0,7,0,0,46,0,0,9,0,0,0,0,40,0,0,0,0,0,0,25,11,0,0,0,0,34,17,0,3,0,26,0,0,0,0,0,0,55,0,12,10,0,0,8,50,0,0,0,0,0,0,3,0,16,0
0,59,0,0,0,0,33,19,0,6,0,0,15,0,0,13,0,30,0,40,0,0,0,0,0,0,32,0,0,0,0,0,0,0,0,42,50,15,0,0,0,0,48,55,0,0,15,0,0,0,27,0,0,0,0,12,0,0,45,0,21,0,0,0,0,0,0,0,0,0,0,0,0,31,0,0,0,0,30,32,0,14,0,0,0,48,0,0,0,46,0,0,57,0,0,35,0,0,37,28,0,49,41,0,0,0,0,0,0,0,0,30,0,7,0,4,0,0,13,0,3,49,14,0,0,0,0,0,0,51,17,25,0,0,0,0,50,0,7,22,0,0,39,0,41,0,0,0,0,0
0,0,0,0,30,0,0,0,0,31,0,0,48,0,0,12,0,5,0,0,0,49,0,36,0,28,0,0,45,0,0,0,0,4,0,11,0,0,53,0,0,57,0,0,0,22,0,0,0,0,0,0,0,0,44,0,0,26,0,0,15,51,9,0,0,0,2,0,0,25,0,13,19,38,4,0,5,8,44,0,18,0,0,0,37,0,42,2,0,6,58,39,49,0,0,0,51,0,0,0,0,0,0,0,32,34,47,0,0,30,0,0,0,0,3,0,0,0,46,14,0,0,0,0,0,28,22,5,0,0,0,0,0,0,0,15,37,0,0,0,0,0,0,0,0,0,0,30,0,0
0,0,0,0,0,33,0,0,0,0,53,0,49,0,0,0,0,0,0,30,0,11,0,48,9,0,0,30,17,0,13,0,0,1,0,0,0,0,0,0,0,19,0,0,36,44,0,0,0,0,46,0,4,0,39,0,19,0,0,9,0,0,0,0,0,35,0,0,20,52,7,0,32,47,18,0,49,0,0,0,0,0,42,36,0,5,0,0,0,0,0,0,0,0,0,0,0,13,36,0,0,0,0,0,0,53,0,0,0,0,0,50,26,30,0,0,0,0,0,48,17,49,0,0,0,0,17,0,0,0,0,0,0,6,0,0,0,0,0,0,0,0,0,0,19,0,36,0,0,0
0,0,0,0,0,44,25,0,0,0,39,0,0,35,0,0,13,0,0,0,0,0,0,0,0,0,0,0,28,0,13,0,0,0,49,40,0,0,53,0,26,0,0,0,0,0,52,0,42,0,0,0,0,0,0,46,0,0,0,28,0,0,0,0,36,0,0,0,0,0,18,38,22,13,0,0,0,0,0,0,0,0,0,0,0,44,0,0,45,0,0,0,0,50,0,0,5,0,16,0,0,0,17,0,34,54,0,1,0,0,0,0,0,0,0,25,13,0,0,0,0,0,0,54,0,0,0,48,0,0,0,0,0,32,0,0,55,0,13,0,0,37,11,0,0,0,40,0,46,44
0,51,0,0,0,0,0,30,27,44,40,0,0,0,0,12,28,58,0,12,0,0,0,0,0,0,0,0,0,48,0,0,0,23,0,53,0,0,0,23,0,0,0,0,42,0,0,0,0,0,0,0,0,2,0,0,0,0,0,0,0,0,0,0,42,23,0,0,0,50,0,0,0,0,0,0,30,0,28,0,23,40,0,23,0,0,0,17,0,0,0,0,20,0,0,41,51,22,13,44,0,48,0,51,0,0,1,25,29,22,0,50,0,0,0,0,0,0,33,0,0,49,0,0,0,48,0,0,37,0,0,41,7,0,41,0,0,47,0,44,0,0,0,0,0,19,0,0,0,0
0,10,5,0,0,0,0,0,0,0,0,22,19,0,0,0,27,0,0,0,2,0,0,0,0,0,0,0,0,20,24,33,38,56,37,0,0,8,36,0,0,23,0,0,0,11,0,0,7,0,33,0,0,0,50,0,2,0,0,23,30,0,0,30,57,0,26,0,0,0,0,0,24,6,0,0,0,0,0,49,0,0,47,0,1,0,23,0,0,0,0,0,14,0,0,0,0,42,0,0,0,22,0,48,0,29,0,0,0,0,23,4,0,19,27,0,0,13,57,0,0,0,0,0,0,0,0,41,0,0,0,45,0,44,0,0,0,0,0,0,0,0,0,0,14,0,24,0,0,43
0,32,41,0,0,0,0,0,0,0,0,0,10,0,38,0,56,42,0,0,0,0,43,0,0,43,0,0,0,0,0,0,0,0,0,0,14,0,0,0,0,0,40,26,0,53,23,0,0,52,0,0,0,0,0,0,0,53,38,0,0,0,0,31,0,0,0,0,1,0,0,4,0,0,0,0,0,48,0,10,29,0,44,0,35,44,0,0,0,0,0,0,0,0,0,6,0,0,15,30,0,50,0,0,42,0,15,0,0,0,48,0,0,0,0,0,0,4,0,2,0,0,0,0,0,0,41,0,0,0,0,0,0,0,6,8,0,53,42,0,0,55,0,0,19,13,8,0,29,25
0,0,2,0,0,0,38,0,0,0,10,0,12,0,0,0,54,27,0,0,20,1,0,34,0,0,0,0,18,0,0,0,14,27,0,1,0,2,0,0,46,0,0,0,0,5,0,0,46,0,0,0,0,33,0,0,0,0,49,44,0,0,55,6,0,0,0,34,0,13,0,0,23,56,0,0,0,0,0,0,0,37,47,0,39,20,0,0,0,0,12,0,0,0,0,0,41,51,23,47,0,0,7,29,0,0,0,0,0,0,0,0,0,0,0,52,57,0,29,0,0,0,0,0,0,44,0,34,27,0,0,0,0,0,0,0,0,0,0,0,15,0,0,0,0,0,0,0,0,0
0,38,0,0,12,0,0,0,0,0,20,0,0,22,27,27,0,0,0,0,0,7,0,31,0,0,0,31,0,0,0,0,0,0,0,0,0,0,33,54,0,0,45,0,0,0,0,25,0,0,38,0,0,0,0,0,0,0,0,0,0,0,0,51,0,9,0,0,0,0,0,0,0,0,0,12,0,44,33,0,0,13,44,0,12,12,17,16,36,23,0,0,0,21,48,38,0,0,0,0,0,9,42,25,31,46,0,0,46,0,0,47,0,0,28,0,0,0,0,0,55,0,0,27,0,0,0,24,40,0,0,0,0,53,0,0,0,0,39,37,10,0,19,0,0,20,0,0,0,0
36,0,48,0,0,0,44,11,50,0,0,1,0,15,29,29,0,0,0,30,0,0,0,0,21,0,0,0,33,0,0,0,0,0,0,0,9,0,0,0,0,0,0,22,19,0,0,0,43,21,0,0,0,0,1,0,0,0,0,35,0,0,31,30,0,0,0,0,7,0,13,0,0,0,18,0,0,0,0,0,0,0,0,30,0,0,0,22,0,0,0,0,38,0,0,0,35,0,0,0,47,0,0,0,0,0,0,3,0,33,0,0,39,0,0,0,0,0,0,33,0,0,0,7,37,22,37,0,13,0,35,0,24,0,8,0,0,0,0,0,0,0,0,0,0,0,48,0,0,0
0,42,0,0,0,19,0,0,0,0,31,0,0,28,33,0,0,0,0,14,0,0,0,0,0,0,14,0,0,0,0,0,23,0,0,0,0,0,0,0,0,49,45,0,0,0,0,34,0,40,0,20,0,0,0,51,0,0,0,0,0,21,5,38,0,0,0,0,13,0,0,0,0,0,0,0,0,0,0,51,0,0,0,0,0,0,0,0,0,0,0,0,54,22,0,0,0,22,42,0,40,0,0,40,0,0,55,0,33,45,16,0,0,0,15,3,0,0,0,0,0,34,35,0,0,0,0,35,0,0,39,1,21,0,0,28,0,0,52,33,0,1,41,28,0,0,0,0,0,0
0,0,0,0,0,0,45,26,0,54,20,0,0,0,18,6,42,0,32,0,0,0,0,55,0,29,0,32,0,0,0,0,0,0,0,42,4,0,0,0,43,0,0,0,0,0,36,0,0,41,0,0,51,0,35,0,0,0,58,44,0,34,41,22,0,0,0,1,0,0,0,43,0,0,6,0,0,0,46,0,3,52,0,0,16,0,0,0,34,16,54,0,3,0,0,0,0,23,0,15,57,16,0,0,0,27,10,0,0,53,0,0,0,5,0,0,17,0,0,0,0,0,0,0,0,0,5,0,0,56,0,0,0,0,0,0,8,50,0,0,1,0,0,0,0,54,0,1,0,0
0,0,3,0,0,0,0,0,0,0,0,41,0,50,0,0,0,36,43,0,23,0,18,0,0,0,0,0,0,2,0,0,50,0,38,0,0,35,46,0,1,41,0,0,0,0,0,0,32,0,34,26,4,0,0,31,0,0,0,1,0,0,0,0,38,0,50,0,58,0,0,0,0,41,0,0,57,0,0,0,47,0,0,48,0,23,33,48,20,0,0,50,0,11,0,0,0,0,0,0,0,26,17,0,0,13,8,0,0,0,0,0,0,6,4,0,0,0,0,0,0,0,0,3,37,0,44,0,0,0,0,0,43,0,0,0,0,35,0,0,0,0,0,0,0,0,0,0,0,0
0,0,0,0,0,0,0,0,0,0,0,0,0,0,4,0,17,0,53,0,10,0,15,0,0,0,0,0,0,52,0,0,19,0,0,25,0,0,0,0,21,29,19,2,39,21,20,0,0,0,0,0,8,0,23,0,0,0,0,0,23,0,0,0,54,41,43,0,0,7,6,0,0,0,0,0,18,0,2,0,0,0,0,0,0,0,45,0,30,29,0,5,29,0,33,27,0,0,0,39,0,0,37,0,0,0,0,51,3,0,0,0,0,0,0,0,0,0,0,0,0,0,0,25,17,0,0,0,0,0,0,0,0,0,36,0,17,15,0,0,0,0,0,0,0,23,0,2,8,22
0,0,47,0,0,50,0,37,49,0,33,0,0,0,0,0,0,14,49,0,0,0,29,0,0,0,0,0,0,40,0,0,0,0,14,36,32,0,0,0,0,1,0,0,12,0,0,42,0,0,51,36,0,0,0,28,0,35,0,23,29,0,3,52,0,0,0,0,0,0,10,0,0,0,47,21,0,0,0,0,3,0,31,0,35,0,11,25,50,0,11,24,0,0,14,0,0,0,0,0,0,53,0,12,48,0,0,28,11,0,0,0,0,0,0,37,0,0,0,0,0,0,0,0,2,0,7,0,0,0,0,0,14,0,0,28,0,54,0,0,0,0,0,0,0,0,0,0,0,0
8,0,0,0,0,0,0,0,0,0,0,0,25,46,0,13,0,0,0,0,0,0,12,37,0,0,0,0,35,46,38,0,18,0,0,0,6,0,0,0,0,0,0,0,57,29,0,0,0,0,0,0,50,16,0,6,0,0,0,56,0,44,0,0,0,0,0,0,0,17,0,0,0,0,0,0,8,23,0,0,0,0,0,55,37,0,0,0,0,0,5,2,0,0,0,56,0,34,0,0,32,0,46,0,0,0,0,0,0,24,0,20,27,0,42,0,0,0,33,0,0,32,0,0,0,37,0,40,38,0,0,15,0,9,0,0,0,0,0,0,0,38,0,38,2,0,8,27,0,0
0,0,0,0,11,0,38,44,0,0,21,19,28,0,0,0,0,0,0,36,28,0,0,0,14,0,0,27,0,0,0,0,0,0,44,26,0,0,7,0,0,41,0,0,0,24,0,9,10,2,0,0,0,0,0,0,0,0,0,50,0,39,19,0,0,0,0,0,0,0,0,0,0,0,0,0,0,0,0,56,0,0,0,0,0,0,0,0,0,0,0,0,0,23,26,5,0,0,0,26,0,0,0,0,0,3,0,22,0,0,0,0,0,0,0,24,0,0,0,17,0,0,38,0,0,0,0,6,29,0,0,0,0,10,0,0,0,0,0,0,0,0,0,0,41,0,1,2,0,24
0,1,0,47,0,20,0,0,0,37,52,42,0,0,0,0,36,0,0,0,0,42,30,39,33,0,0,0,0,0,0,0,0,0,48,0,6,0,0,0,22,2,0,0,0,0,0,0,44,26,1,0,0,0,50,0,0,0,0,0,0,0,46,0,0,0,0,0,0,0,0,0,43,22,0,0,20,0,13,0,5,14,0,0,2,0,0,0,16,38,0,0,0,0,0,21,0,0,0,0,0,0,30,4,0,0,0,0,17,0,30,24,48,0,0,0,46,0,56,0,0,0,0,0,0,0,0,0,36,30,0,0,0,0,0,0,0,0,0,0,29,0,0,0,46,0,0,0,38,0
0,0,0,46,35,0,0,0,0,0,0,0,17,53,0,0,57,56,0,0,0,34,23,45,0,0,34,0,23,0,47,0,13,0,0,0,35,0,0,0,0,0,0,48,24,40,0,29,0,0,0,0,0,0,0,0,0,8,0,0,0,38,0,0,0,0,18,12,49,8,2,0,29,0,14,8,0,21,0,0,0,0,0,0,52,0,0,41,0,0,0,27,0,0,0,0,27,30,0,52,16,27,0,16,42,15,0,0,44,43,0,0,0,0,44,0,14,41,0,0,0,45,0,0,0,3,0,0,0,0,0,0,0,0,35,0,31,20,13,40,0,0,0,0,0,7,0,16,28,0
0,8,0,0,0,0,0,0,41,0,0,0,0,0,36,0,0,0,18,27,39,0,0,24,22,0,9,27,13,0,20,0,0,0,0,1,4,0,0,0,0,46,10,0,0,0,23,47,7,0,15,0,0,48,0,0,0,20,0,0,43,10,40,0,0,19,0,21,0,0,30,0,32,0,25,0,8,0,0,0,0,0,0,0,0,0,0,0,45,27,0,55,30,0,21,0,0,0,0,0,0,45,12,0,0,0,0,0,0,37,28,0,11,54,0,0,0,0,0,0,30,0,0,0,0,22,0,0,0,40,0,0,38,0,0,21,0,0,0,0,0,0,0,3,0,0,0,0,20,0
25,0,0,0,0,0,0,41,0,0,0,0,0,0,0,0,0,0,0,0,0,0,0,4,48,0,0,0,33,0,0,0,0,0,0,28,0,16,0,0,0,0,35,0,50,0,28,0,0,0,0,18,0,0,40,0,0,0,0,0,0,0,0,0,0,0,36,0,0,0,28,0,0,0,28,0,0,0,17,0,9,0,0,0,32,49,0,27,0,0,42,54,0,0,0,0,27,0,0,0,0,0,13,49,0,41,56,0,0,0,0,0,8,33,0,0,0,0,14,15,0,0,0,0,28,0,0,47,16,0,0,6,0,0,0,0,0,0,0,0,0,0,20,0,0,58,0,10,0,0
56,0,0,0,43,21,0,0,0,0,0,0,0,0,0,42,47,0,0,0,0,0,0,0,12,0,0,0,0,1,0,0,0,0,0,0,0,0,0,0,0,55,0,0,0,0,0,0,0,7,47,0,4,0,30,41,0,0,0,4,0,0,8,0,0,0,24,0,0,0,0,0,0,0,0,13,0,0,35,0,0,0,24,0,0,8,41,18,0,0,0,0,31,0,0,34,20,0,47,0,39,28,28,0,29,0,0,0,0,6,19,0,0,9,17,2,0,19,0,0,0,33,0,0,21,51,57,26,0,0,0,0,0,0,0,0,0,0,0,0,0,0,0,0,0,36,0,0,0,0
0,0,58,29,0,54,0,0,0,0,0,21,0,41,0,0,0,0,34,19,0,0,0,0,0,0,0,0,22,46,0,2,0,0,0,18,0,33,0,1,0,0,0,50,23,0,0,0,2,0,0,0,10,21,0,0,0,3,0,0,41,8,23,0,0,0,0,40,0,0,15,0,45,22,0,0,0,0,13,0,0,0,0,0,0,24,0,0,0,0,6,0,0,0,14,47,0,40,0,0,21,26,0,0,49,0,0,0,16,0,42,0,0,0,0,50,0,30,38,0,27,34,0,0,38,0,0,0,0,33,0,0,0,0,0,0,13,0,0,0,0,0,45,0,0,0,0,21,0,0
0,38,0,0,0,0,41,16,0,0,48,0,9,0,0,0,30,0,37,24,0,21,0,0,0,2,0,0,17,0,0,16,0,0,50,0,0,2,0,0,51,0,0,53,0,0,25,0,0,0,0,0,0,0,0,0,33,27,0,13,0,0,0,0,0,0,2,0,0,41,0,0,0,0,0,19,43,0,46,4,0,0,0,23,0,0,0,37,17,0,0,0,0,8,0,0,0,10,0,0,42,0,0,0,0,0,0,0,0,48,0,0,0,0,4,53,0,54,0,6,0,0,30,0,13,0,0,0,0,0,31,12,0,0,0,0,0,0,0,30,0,0,43,0,0,0,32,0,0,44
0,0,0,26,0,0,0,0,52,0,53,0,17,0,0,46,0,39,21,10,0,0,0,0,0,0,29,0,0,0,54,0,0,0,0,0,1,0,0,0,0,0,0,0,0,0,56,0,0,0,0,0,0,0,34,0,11,0,0,0,0,0,0,0,0,0,0,0,0,0,0,0,0,0,0,3,0,0,0,0,0,0,0,41,0,0,0,0,31,0,0,0,18,0,56,0,0,0,8,0,0,5,3,0,0,0,0,0,0,36,0,0,0,0,20,0,0,29,3,0,0,0,0,10,44,0,0,2,45,0,0,52,58,0,1,0,0,0,0,0,38,0,0,39,0,38,0,0,0,0
32,0,0,2,0,49,0,0,0,0,8,14,0,0,50,6,0,0,0,0,36,42,0,0,0,0,0,0,0,0,0,0,0,0,0,0,24,0,0,0,0,0,0,0,0,0,55,0,0,9,0,41,0,0,0,0,0,0,16,49,18,0,0,0,0,0,0,0,0,34,0,0,0,0,0,0,43,0,0,0,40,0,0,0,0,42,0,0,16,0,0,0,0,49,0,26,0,0,25,34,0,0,14,4,0,31,19,26,18,0,0,0,30,0,0,0,12,0,50,0,0,24,0,0,0,0,33,0,0,29,0,16,11,0,0,0,0,53,0,0,15,0,0,0,32,18,0,0,0,0
0,0,0,0,0,0,28,0,0,0,0,4,36,0,0,23,0,0,0,0,0,0,29,0,0,52,32,0,0,0,0,0,25,0,0,0,0,0,0,10,35,0,0,0,40,0,0,0,0,0,0,44,0,0,0,0,0,0,0,0,0,0,0,52,0,0,26,0,0,0,0,45,0,24,25,0,0,46,0,0,0,0,0,0,0,0,0,0,0,0,7,0,0,0,22,0,0,0,0,0,19,0,0,0,0,2,21,0,0,0,0,0,0,10,10,29,0,0,0,23,0,0,32,31,0,12,48,0,0,0,0,5,0,0,47,0,0,0,0,43,0,0,5,0,0,0,0,13,0,0
22,0,0,7,0,0,46,0,0,0,0,0,0,47,0,0,0,0,21,0,0,0,0,0,40,34,0,2,0,25,0,0,26,0,0,0,0,0,0,1,52,28,34,0,42,32,0,31,38,0,0,0,0,0,0,0,0,0,31,0,9,16,0,39,0,0,0,43,0,0,0,0,0,0,3,0,0,25,0,0,0,0,0,0,35,0,22,0,11,24,0,0,57,0,0,0,0,0,0,20,0,41,0,0,0,0,0,0,0,0,0,0,7,30,0,30,0,17,48,46,0,14,0,0,0,0,0,0,0,19,23,1,0,11,55,0,0,0,0,0,0,42,0,12,0,1,0,0,0,31
0,0,0,37,0,0,37,1,0,28,0,0,58,0,0,0,31,0,0,0,0,0,0,0,0,0,11,54,0,0,0,7,0,0,0,19,22,0,0,0,17,0,0,24,10,0,40,0,0,0,0,0,0,51,0,12,0,46,0,0,0,0,0,5,47,5,0,0,0,0,0,0,18,14,0,0,0,0,0,0,0,0,0,0,0,0,15,0,44,0,0,0,0,6,0,0,5,0,0,16,0,24,0,10,16,0,0,0,0,29,0,15,0,0,29,0,0,1,0,0,29,8,49,0,0,0,0,0,36,7,0,0,0,0,0,0,0,0,56,57,30,21,0,0,0,24,0,15,13,0
59,0,0,0,0,0,0,0,0,0,0,0,0,36,0,0,0,0,10,0,0,55,0,0,57,0,35,0,0,0,0,39,0,0,57,1,51,0,0,0,0,0,0,34,0,0,0,51,0,0,0,34,0,55,0,0,0,0,26,0,0,0,0,0,0,0,35,32,0,0,0,0,0,0,0,0,0,0,0,40,0,0,1,0,51,15,30,0,0,20,0,0,46,0,0,36,20,0,0,0,0,0,0,25,0,0,0,0,0,0,0,49,0,0,52,43,0,43,31,0,43,0,0,0,0,0,39,0,0,0,0,0,39,0,42,0,0,0,0,0,0,0,30,0,0,0,0,0,7,0
15,0,0,0,0,0,0,14,0,0,0,0,33,0,0,0,0,32,56,0,0,0,0,0,0,28,0,0,0,8,10,0,0,45,36,49,0,0,0,0,0,0,0,0,0,0,0,0,0,0,0,9,0,0,0,47,12,0,0,0,0,0,0,0,0,46,24,44,0,0,0,0,24,0,0,0,0,47,0,0,24,0,0,48,0,36,0,0,0,1,0,0,27,0,20,0,39,0,39,49,0,0,31,42,0,9,0,0,53,0,2,0,43,50,0,36,0,58,46,7,28,0,2,0,0,0,0,52,27,0,0,35,0,0,0,46,36,0,0,29,0,0,0,0,0,0,0,0,0,10
30,0,0,0,0,43,0,0,0,27,0,0,0,49,11,20,0,42,0,0,0,29,0,0,8,0,0,0,21,0,0,0,0,0,0,0,0,0,0,0,0,0,0,0,0,0,0,0,0,0,0,52,0,0,0,0,0,13,0,0,39,0,0,1,34,0,0,0,0,12,0,0,36,44,0,48,0,0,0,0,0,0,0,18,36,0,0,0,0,0,0,21,0,0,34,0,0,0,33,0,41,0,0,0,0,0,4,6,0,0,52,10,0,7,9,0,49,0,47,25,22,0,43,0,0,36,0,14,0,0,0,15,0,0,0,0,0,5,10,0,0,0,8,0,0,0,47,0,0,12
0,0,0,18,0,45,0,0,0,0,0,0,54,0,0,0,0,28,0,0,0,0,0,19,16,0,23,0,16,0,0,0,0,0,0,18,0,20,0,0,0,0,0,0,0,0,0,0,18,0,0,0,0,0,0,0,0,0,0,0,0,0,0,53,0,0,6,0,8,0,0,17,6,0,0,0,0,0,10,36,0,5,0,0,0,0,0,58,0,0,0,40,0,0,0,27,0,0,0,0,0,35,1,0,0,14,0,0,0,34,0,0,0,0,0,0,0,0,0,45,5,0,0,21,49,0,0,20,56,0,15,19,0,11,0,57,0,0,18,55,19,47,0,0,0,0,4,0,0,0
0,0,0,0,0,0,50,0,33,0,0,0,0,0,0,0,0,26,47,52,0,0,0,0,0,0,0,0,29,16,48,23,0,0,50,0,0,0,0,0,0,0,0,0,20,19,31,29,33,6,0,0,0,0,0,0,0,0,0,0,0,0,0,0,0,8,0,58,0,0,42,0,0,0,0,0,0,0,45,0,0,0,0,0,0,0,0,0,0,22,0,0,0,0,0,0,0,0,0,0,0,0,44,0,0,0,21,22,15,0,0,49,11,37,51,52,0,0,0,0,0,0,32,0,0,0,40,0,0,0,0,0,9,31,0,0,0,0,0,0,0,48,0,0,34,0,0,23,0,0
0,0,0,0,0,0,0,0,54,0,0,33,19,0,40,0,0,0,0,0,0,0,0,0,35,0,0,15,0,0,0,46,21,0,0,0,0,44,0,24,18,0,0,0,0,16,3,0,0,0,0,0,0,4,0,0,0,0,53,17,0,3,40,0,58,16,0,0,50,0,42,0,0,0,33,0,28,11,0,0,39,0,0,0,35,11,0,0,0,0,42,5,0,0,0,0,0,0,0,5,0,17,0,0,0,0,18,0,4,0,0,21,0,31,16,4,0,0,0,4,0,0,0,0,0,0,35,2,48,0,23,0,0,0,0,0,23,0,7,60,0,0,0,0,0,0,0,0,0,0
0,16,0,0,24,0,0,0,0,46,0,57,0,0,0,37,0,0,0,0,0,0,46,16,0,0,0,27,0,46,0,0,18,0,0,47,0,0,57,0,31,0,0,3,0,0,0,33,0,15,26,0,8,0,30,0,42,0,0,0,0,0,28,0,0,0,0,24,54,0,0,0,0,0,0,0,0,0,8,0,0,0,18,0,0,18,7,0,0,0,29,0,0,31,33,9,0,0,0,0,0,0,0,0,7,0,0,14,38,0,3,45,0,0,43,55,32,0,0,0,18,7,8,0,0,0,0,0,0,2,0,14,37,17,0,0,0,0,0,0,0,0,0,6,0,0,0,39,0,0
0,0,0,0,0,22,0,35,0,50,3,0,0,0,8,29,0,0,0,0,0,11,0,0,0,0,32,0,0,0,0,0,50,0,0,0,0,0,0,0,0,0,0,0,0,0,21,0,0,0,14,0,0,0,23,50,0,0,0,0,0,0,7,0,55,0,0,0,0,0,0,0,0,0,0,0,0,0,7,53,0,0,14,0,29,0,41,0,0,0,0,0,20,0,16,0,0,0,0,0,0,0,0,12,12,0,49,0,0,0,0,0,56,25,25,27,43,0,27,14,0,0,27,0,0,12,22,42,0,0,23,0,30,0,0,2,0,0,17,0,17,0,0,0,0,0,0,8,0,0
0,24,11,0,0,0,0,21,22,0,51,0,36,0,6,14,0,0,3,0,0,0,46,0,0,18,0,42,0,0,10,0,44,0,0,25,0,0,30,0,0,29,0,0,40,0,43,0,0,0,0,0,0,0,50,0,0,0,0,0,55,0,0,0,0,0,0,28,12,0,0,0,30,0,0,0,48,0,0,0,0,0,0,16,0,0,46,0,58,0,0,0,0,0,18,0,0,0,45,8,0,0,33,0,25,34,5,0,0,42,0,0,3,0,0,12,0,0,0,22,0,0,0,0,0,0,23,33,19,14,0,0,0,42,0,0,0,0,0,0,8,0,48,0,0,0,22,0,0,0
0,0,0,0,17,32,42,26,0,20,32,0,0,0,0,9,0,0,0,0,0,37,3,0,0,0,19,0,0,52,1,52,0,0,0,0,0,0,0,15,0,0,0,32,36,0,46,51,0,0,0,0,26,0,20,28,0,19,0,0,23,0,44,0,17,0,0,0,0,0,0,0,0,54,0,18,0,38,0,37,0,26,0,0,47,31,0,0,0,0,0,0,0,0,0,0,0,0,0,0,38,0,39,0,0,0,0,8,0,0,0,0,27,0,2,2,0,24,0,2,1,0,0,42,30,13,0,17,14,0,0,43,0,0,0,0,37,13,0,0,31,0,0,0,0,0,0,0,0,0
0,0,0,43,0,0,0,0,34,10,0,0,0,0,0,0,0,0,0,0,43,0,0,23,31,0,44,0,0,35,0,0,56,0,12,2,27,37,40,39,0,0,0,0,23,0,25,0,0,42,17,0,0,0,0,0,0,0,21,0,39,44,0,0,0,0,0,19,0,0,0,0,7,0,30,33,0,0,0,0,0,28,0,16,0,10,0,0,0,0,0,0,47,56,0,0,0,51,0,0,0,0,0,0,0,0,0,0,28,0,0,0,1,0,0,0,0,0,0,0,0,0,25,0,0,14,0,0,11,0,15,21,0,0,0,28,0,0,0,0,0,0,0,5,0,0,0,0,0,23
0,38,0,0,0,0,19,0,0,0,0,27,0,0,38,4,0,0,0,0,2,0,43,0,0,0,0,8,0,0,0,0,41,8,0,15,23,0,0,0,0,0,20,12,49,0,0,0,32,0,28,33,0,9,0,0,0,29,0,54,0,0,10,28,24,0,0,0,0,0,0,0,0,10,0,0,17,0,50,0,0,0,0,0,0,0,0,0,0,0,0,0,0,24,0,0,2,12,31,0,0,0,0,0,4,35,44,37,17,49,0,0,0,0,0,0,59,0,0,0,55,0,5,0,0,0,0,30,6,28,55,0,14,6,0,0,0,0,45,31,0,5,0,0,0,0,0,51,0,0
0,5,0,0,0,0,0,56,14,0,0,36,0,0,0,0,0,0,0,0,0,41,0,0,0,0,14,0,0,0,0,0,0,40,0,35,0,0,0,0,0,0,0,47,6,0,15,46,14,0,0,50,0,0,15,0,0,43,0,0,0,21,0,0,4,0,0,0,51,0,0,0,0,0,0,0,0,0,26,0,0,0,0,54,0,29,0,0,2,0,0,23,0,38,0,0,0,0,29,43,0,0,50,59,0,31,0,0,0,0,5,0,0,0,0,40,0,0,0,0,30,0,4,38,32,0,27,0,0,3,0,0,0,0,0,0,0,1,41,0,52,0,10,0,7,0,0,0,0,0
43,32,45,46,26,0,0,0,0,6,57,0,0,0,0,0,0,0,0,0,19,0,0,0,0,31,0,0,24,39,0,0,0,0,0,0,16,0,0,0,0,0,0,0,0,0,0,0,0,0,12,0,0,0,43,34,0,28,0,0,0,0,0,0,0,0,0,5,33,41,0,0,0,0,0,57,0,48,0,0,0,41,0,0,0,3,46,0,0,0,40,0,0,14,0,27,0,0,3,0,0,0,0,0,0,25,0,0,0,17,0,0,0,45,0,38,0,40,23,0,10,9,0,0,0,42,0,11,0,48,0,0,0,0,43,0,0,0,0,0,0,0,0,15,0,1,0,0,0,0
0,0,0,8,0,35,0,0,38,0,28,19,0,16,0,44,0,0,0,0,0,0,0,0,0,0,0,0,0,26,0,48,0,0,0,0,0,0,11,0,0,58,0,0,0,0,0,12,0,0,0,0,14,0,0,0,0,0,0,0,0,0,39,58,0,17,33,0,0,0,0,15,0,0,0,0,0,0,0,0,53,0,0,0,0,2,0,36,0,19,0,7,28,0,0,0,0,0,0,48,8,0,0,0,20,0,0,0,16,33,0,0,0,0,33,22,4,0,32,0,0,0,53,0,0,0,11,0,0,0,0,0,5,0,0,0,0,31,20,0,0,0,0,50,0,43,0,0,0,0
0,0,37,0,13,0,0,0,0,20,57,0,0,48,0,0,0,0,0,0,40,0,0,51,0,0,0,15,0,0,0,0,0,0,0,0,0,0,23,0,0,5,0,0,0,0,44,0,0,38,0,58,0,0,0,0,0,9,0,0,0,0,0,0,0,23,0,0,0,0,0,0,0,0,0,0,0,0,0,0,27,0,19,0,0,5,0,53,30,0,0,6,39,31,0,0,0,0,13,26,48,51,0,0,34,0,0,0,0,0,0,0,32,0,0,0,11,0,18,0,0,0,50,6,12,0,0,0,0,33,34,0,0,35,0,43,6,0,0,0,0,0,0,0,0,0,0,0,16,0
20,30,40,30,0,0,0,0,0,0,0,0,0,0,0,43,0,0,0,19,0,10,0,54,37,47,14,0,41,0,0,0,0,0,46,0,0,0,0,0,30,0,36,28,0,0,0,0,0,0,0,0,0,0,0,0,0,0,9,0,0,0,0,0,21,45,0,0,0,0,31,6,22,49,0,0,0,0,0,0,0,28,0,0,1,0,0,0,0,0,0,0,0,0,0,51,0,0,0,0,0,27,0,23,0,0,19,0,0,9,0,6,49,0,0,0,0,0,0,16,0,51,0,0,31,1,35,0,39,0,34,55,39,21,1,21,6,38,0,0,0,0,39,0,0,5,0,37,0,0
0,0,53,0,0,0,0,0,0,55,0,28,0,0,0,0,0,0,0,0,0,0,0,0,0,0,0,0,53,0,0,0,20,0,0,0,0,0,0,19,0,0,0,7,0,8,21,0,0,0,11,35,29,9,0,50,0,50,0,4,0,51,0,0,0,0,0,0,0,16,15,41,0,0,0,0,0,0,0,0,0,0,0,0,5,0,0,0,0,0,0,0,0,7,46,0,0,0,0,0,0,0,0,0,0,0,0,51,0,0,0,26,0,0,0,0,49,0,0,0,25,0,0,30,34,0,0,0,19,0,0,0,0,0,42,0,0,5,0,21,21,52,0,8,0,0,20,0,0,10
42,0,20,0,0,0,0,21,0,0,0,10,0,0,0,0,0,0,35,0,21,0,0,38,0,0,0,0,0,33,0,0,43,44,0,0,0,0,0,0,0,0,0,37,14,0,0,0,0,0,0,0,0,0,0,0,0,0,0,0,0,18,0,0,0,41,0,0,0,0,19,0,12,0,39,0,0,0,17,0,0,0,0,0,1,0,0,0,44,0,0,0,0,0,7,0,0,0,7,0,0,0,0,0,43,0,0,41,10,5,50,13,0,0,35,25,51,0,0,8,0,0,20,30,0,0,0,0,0,13,0,0,48,0,10,11,33,32,0,12,0,0,42,51,0,0,15,0,0,0
24,0,9,0,0,0,0,0,0,0,0,0,0,37,23,0,0,0,0,0,0,52,0,13,0,20,0,0,0,0,0,0,0,0,0,0,0,39,0,0,0,0,0,0,0,0,0,37,0,41,0,0,3,0,0,24,0,0,3,0,0,22,0,0,0,0,0,0,0,0,0,10,0,0,0,0,0,0,55,0,6,0,0,0,0,0,49,0,0,0,0,0,0,8,1,0,50,0,7,0,0,0,0,38,0,0,0,0,33,14,0,0,0,16,0,0,0,10,0,36,11,0,0,0,0,0,0,46,0,0,0,24,0,37,38,0,0,0,33,0,23,21,0,0,13,0,0,0,45,0
0,0,0,0,0,0,0,0,0,17,0,0,41,0,0,42,0,0,0,31,22,20,0,0,0,0,43,16,16,0,0,0,0,0,28,0,0,0,42,0,0,24,0,47,0,0,11,0,0,41,0,43,0,3,49,0,0,35,0,0,29,29,0,41,0,0,0,0,0,1,0,13,0,38,0,6,0,0,25,0,41,0,56,0,0,0,18,33,0,39,0,0,37,0,0,0,0,0,0,55,20,8,0,0,3,0,0,0,0,0,0,16,0,0,0,0,2,32,0,3,0,52,0,0,0,0,32,51,15,0,0,0,52,0,41,0,4,0,0,42,0,0,0,53,16,44,0,0,0,0
0,36,6,0,0,30,0,0,0,0,0,0,0,0,0,0,0,24,0,1,0,12,15,0,0,0,31,0,0,0,0,0,0,0,0,0,0,14,19,0,16,0,47,5,0,0,0,0,0,0,27,0,50,0,0,0,0,35,0,0,0,10,0,0,15,0,0,0,0,32,0,42,0,0,0,15,0,11,12,0,0,29,0,53,0,0,0,0,7,0,0,0,0,0,0,0,0,25,0,0,0,0,52,0,0,0,0,0,18,0,6,9,0,45,0,0,0,0,0,0,0,0,0,0,0,0,3,0,0,0,46,23,52,28,0,0,3,37,50,0,2,54,0,0,0,0,0,0,0,0
0,0,0,0,0,0,0,15,0,0,22,0,55,0,51,0,0,40,0,0,54,0,0,0,0,47,0,24,0,0,0,0,0,0,0,0,15,0,0,0,8,0,0,0,0,0,0,0,36,12,0,0,0,0,0,0,0,0,0,0,4,0,0,0,17,0,0,0,0,0,0,0,0,0,0,43,0,0,0,0,0,0,0,34,0,27,0,0,0,0,25,0,26,0,37,0,0,0,2,0,0,0,0,0,0,0,0,0,0,0,0,6,0,0,27,0,25,0,0,0,48,0,0,21,0,14,0,0,22,37,0,0,0,0,0,0,0,55,0,0,43,0,21,0,0,0,27,0,18,0
0,45,14,6,0,0,0,0,0,26,55,40,0,0,0,6,0,0,0,24,0,0,43,21,47,0,0,0,7,0,37,24,0,1,0,25,0,0,0,0,0,39,0,0,0,0,50,0,0,0,0,0,0,4,15,0,0,35,0,36,0,0,0,0,23,0,0,0,0,0,0,0,0,50,0,0,0,0,0,0,0,0,14,0,37,48,0,51,0,0,0,0,0,48,0,44,23,46,0,0,0,0,28,0,0,0,16,0,0,0,0,0,0,0,26,0,0,0,22,0,0,0,44,0,0,0,12,0,0,8,0,5,0,42,0,0,0,13,0,43,47,0,0,50,0,27,0,27,0,0
0,0,0,0,0,0,0,0,22,40,11,36,0,0,45,0,0,0,0,0,0,0,0,0,53,0,18,0,0,0,0,49,0,0,0,57,0,0,6,31,0,0,0,0,0,0,0,11,20,0,0,22,0,0,0,0,0,14,0,0,0,25,27,0,32,0,0,0,0,57,0,46,0,0,15,21,0,0,0,0,0,41,0,0,0,0,0,0,53,0,16,0,0,0,0,39,6,31,22,0,21,0,34,0,0,0,0,0,0,8,0,0,0,0,0,9,0,0,0,0,0,0,0,0,0,54,0,27,0,39,56,59,0,0,47,0,18,0,6,0,43,47,0,35,0,0,0,0,0,0
0,10,55,0,0,0,39,35,0,0,0,0,0,0,27,0,35,0,26,17,0,0,0,43,0,0,44,0,0,0,61,48,0,24,0,50,41,0,0,26,4,0,3,0,9,0,0,0,0,0,0,23,10,2,0,0,35,0,0,0,0,29,0,0,0,0,20,0,45,44,0,0,0,8,0,0,0,22,0,0,0,29,0,34,49,0,0,0,0,0,17,0,0,0,13,19,0,0,23,0,0,0,34,0,44,0,0,0,51,0,0,0,43,0,0,43,18,0,0,0,29,0,0,0,16,21,0,17,0,6,0,0,56,27,24,0,0,46,0,0,32,7,26,0,0,54,0,0,0,0
0,0,0,0,0,50,13,17,0,0,0,43,39,0,0,52,35,0,0,43,57,0,0,0,9,0,0,28,49,54,7,0,0,10,0,0,33,0,0,0,0,0,0,0,0,0,0,0,0,0,0,0,0,0,0,0,48,0,20,9,20,0,0,0,0,57,0,27,0,0,0,0,0,0,0,0,0,0,23,0,33,0,0,46,45,0,0,0,25,0,0,0,38,0,47,0,0,0,0,0,0,0,5,0,0,0,0,26,0,0,33,34,4,0,45,0,16,0,40,0,0,0,0,0,12,0,0,0,0,0,24,0,0,49,0,0,0,0,0,0,1,32,0,0,0,0,17,13,53,0
0,0,0,0,0,51,0,0,0,0,13,48,0,51,0,0,0,0,25,13,0,28,0,0,0,0,3,0,0,0,26,0,0,23,0,43,0,0,0,0,2,42,25,0,0,0,0,0,0,0,0,0,0,0,26,0,0,35,0,40,0,0,0,0,0,0,17,0,47,0,0,55,0,0,0,0,0,0,0,0,0,57,0,0,49,0,0,0,0,0,0,41,36,0,0,54,0,0,14,0,0,55,0,0,0,0,0,0,47,35,0,0,29,0,0,0,20,0,0,0,32,48,50,0,0,51,0,0,0,0,49,0,21,0,46,52,57,0,3,43,0,0,46,55,48,0,23,53,0,38
0,0,0,0,55,26,33,0,26,0,0,0,34,0,0,0,0,0,0,0,3,0,0,0,28,0,0,0,26,0,0,0,0,17,0,10,0,13,0,0,0,0,0,52,0,0,0,0,0,0,0,0,0,0,0,53,23,0,0,0,0,0,0,40,0,0,0,0,0,13,14,0,0,0,0,0,0,35,0,51,27,0,36,0,0,0,0,47,0,0,30,46,0,0,24,0,0,0,0,57,0,0,0,0,0,0,0,0,0,0,0,13,17,0,0,0,15,21,0,0,0,0,0,0,22,0,0,0,0,0,25,0,0,0,24,0,26,50,48,33,0,0,0,35,0,0,0,57,0,0
17,0,0,0,0,13,0,0,0,0,0,28,0,43,8,0,0,0,0,0,36,0,3,0,37,12,0,0,0,34,0,0,3,0,0,0,0,0,0,0,31,44,0,20,0,0,0,6,0,0,29,1,0,33,0,0,30,0,0,0,0,0,0,0,16,0,52,0,47,0,0,17,0,0,0,12,0,0,0,0,47,0,0,0,7,0,0,4,0,0,0,0,49,0,37,0,0,0,0,5,0,0,0,0,17,0,10,5,0,0,11,0,0,23,0,36,0,0,0,0,0,47,0,0,0,46,0,0,0,31,0,12,0,0,0,0,0,0,31,0,21,0,0,42,13,32,6,0,0,0
35,23,0,23,0,0,0,44,0,0,0,0,0,0,0,38,0,41,0,0,0,0,0,0,0,0,0,27,30,13,43,0,0,28,0,0,51,48,0,0,15,0,0,15,0,9,0,0,15,0,0,0,24,0,0,0,0,39,0,0,41,0,0,0,0,0,0,29,33,6,0,0,0,12,0,0,0,0,0,0,7,29,0,0,0,0,24,0,0,0,0,0,0,0,3,0,0,0,0,0,0,0,0,36,0,0,0,0,0,0,0,20,0,0,0,0,0,0,0,42,0,0,0,44,0,0,18,48,0,0,58,31,0,36,0,0,17,4,0,0,30,47,36,0,45,0,0,0,17,0
0,0,0,14,0,0,0,45,0,0,0,10,0,0,46,23,0,5,0,0,0,19,1,0,0,0,23,0,0,42,0,25,0,0,0,33,53,24,0,0,53,0,0,0,0,0,40,14,51,40,0,0,0,0,0,0,56,0,0,0,0,54,27,0,0,0,0,19,0,0,0,0,0,0,38,0,0,0,37,0,0,0,0,0,20,0,0,0,0,0,50,0,0,0,0,0,0,0,0,0,52,47,0,0,0,0,0,8,0,7,0,0,0,0,0,0,0,37,0,0,0,0,0,0,0,0,0,0,0,0,0,0,44,45,0,0,0,0,0,0,7,0,49,17,0,0,0,51,0,0
0,24,0,0,0,0,0,36,0,0,25,0,0,0,18,0,0,0,0,0,0,54,0,0,0,0,0,0,20,0,0,0,33,40,38,0,0,0,0,0,0,0,0,31,14,0,41,0,0,20,0,0,0,0,0,0,0,52,0,0,1,0,23,0,8,0,0,0,2,0,0,0,52,0,20,52,2,0,0,45,26,19,0,0,0,0,14,0,25,0,51,0,15,0,0,3,0,0,0,0,0,0,45,0,21,25,14,54,24,32,0,38,2,0,0,0,0,0,0,0,0,0,0,0,0,0,25,35,0,34,0,0,0,3,0,0,52,0,18,0,0,0,58,0,0,0,54,0,38,14
0,0,25,0,45,7,0,0,0,48,0,8,0,0,0,27,0,8,50,0,0,53,0,0,0,1,0,0,0,0,33,0,0,0,0,31,36,0,0,0,0,0,32,0,0,0,29,0,0,0,0,48,0,0,0,0,0,0,0,0,0,0,0,0,22,0,46,4,53,0,47,0,33,0,0,0,0,15,28,28,0,30,15,0,0,0,34,14,0,20,41,0,0,0,0,0,0,0,0,16,52,0,0,0,0,0,0,34,0,0,0,0,0,0,0,1,51,0,0,0,0,0,0,0,0,0,0,0,0,0,0,0,0,0,0,5,0,0,0,20,7,0,33,0,0,2,0,0,0,37
0,13,0,37,0,19,0,0,24,0,54,12,0,0,0,0,0,51,0,0,0,25,21,20,0,9,0,0,32,0,0,0,0,0,0,11,0,0,0,25,0,0,0,0,0,2,0,0,4,0,5,0,26,14,38,0,59,0,0,0,0,0,0,0,3,0,0,0,55,0,16,59,0,0,0,0,8,0,0,0,0,0,37,0,0,30,0,0,0,0,0,0,0,0,0,19,0,44,0,5,6,0,46,0,21,0,6,0,0,0,0,0,0,0,0,0,0,17,0,42,32,0,13,0,0,0,0,0,0,42,0,0,0,0,0,0,3,0,0,0,0,5,0,0,53,0,7,0,6,0
0,0,0,53,3,0,0,0,0,0,54,0,0,0,12,48,0,0,0,0,0,0,0,0,0,0,47,0,31,0,6,23,45,52,52,0,0,0,17,57,0,0,61,0,0,0,55,0,0,54,0,0,0,0,24,0,0,0,0,0,29,11,0,0,0,0,0,0,13,0,0,0,0,0,0,42,44,0,43,39,0,0,0,43,0,0,0,37,46,0,17,0,0,0,0,0,0,54,0,0,0,31,53,33,0,0,0,0,0,0,0,0,0,38,0,0,0,0,25,29,0,0,0,0,0,0,0,0,28,0,0,0,5,56,0,0,0,0,0,33,0,0,0,16,0,45,0,36,0,0
0,8,0,0,0,0,0,0,4,58,29,0,0,0,0,36,0,0,53,0,0,0,0,0,0,0,0,0,0,28,21,14,7,0,15,0,0,0,0,0,0,1,0,0,0,52,0,42,37,38,46,0,0,0,0,0,21,3,56,0,0,0,0,4,0,0,36,0,0,0,0,0,0,47,0,0,0,0,0,0,0,0,0,0,0,0,0,5,0,54,36,0,0,0,0,0,0,0,0,53,0,0,0,0,0,0,0,4,0,0,0,15,0,0,13,35,0,22,0,0,0,0,0,51,0,0,0,32,0,0,46,0,0,0,0,0,0,0,0,0,44,0,0,0,56,8,17,0,0,0
